snapshot_date,source_created_at,idProduct,name,idCategory,categoryName,idExpansion,idMetacard,dateAdded,avg,low,trend,avg1,avg7,avg30
2026-07-02,2026-07-02T02:44:50+0200,565899,Adventures in the Forgotten Realms Collector Booster Box,7,Magic Display,4259,0,2021-05-21 16:59:41,216.93,159,230.53,,,
2026-07-02,2026-07-02T02:44:50+0200,803869,Aetherdrift Collector Booster Box,7,Magic Display,5982,0,2024-12-11 10:59:59,210.18,180,207.4,,,
2026-07-02,2026-07-02T02:44:50+0200,774110,Bloomburrow Collector Booster Box,7,Magic Display,5658,0,2024-06-10 17:18:27,657.67,599.99,638.13,,,
2026-07-02,2026-07-02T02:44:50+0200,492099,Commander Legends Collector Booster Box,7,Magic Display,3454,0,2020-08-24 14:17:37,419,349,450.13,,,
2026-07-02,2026-07-02T02:44:50+0200,650825,Commander Legends: Battle for Baldur's Gate Collector Booster Box,7,Magic Display,5030,0,2022-03-29 14:37:06,381.22,268.82,396.15,,,
2026-07-02,2026-07-02T02:44:50+0200,698962,Commander Masters Collector Booster Box,7,Magic Display,5286,0,2023-02-22 14:58:05,429.96,260,435.27,,,
2026-07-02,2026-07-02T02:44:50+0200,466034,Core 2021 Collector Booster Box,7,Magic Display,3048,0,2020-06-05 10:49:33,243.4,180,242.62,,,
2026-07-02,2026-07-02T02:44:50+0200,681210,Dominaria Remastered Collector Booster Box,7,Magic Display,5192,0,2022-10-25 11:43:55,360.7,339.99,380.4,,,
2026-07-02,2026-07-02T02:44:50+0200,657414,Dominaria United Collector Booster Box,7,Magic Display,5072,0,2022-05-13 16:25:34,243.92,200,235.9,,,
2026-07-02,2026-07-02T02:44:50+0200,657282,Double Masters 2022 Collector Booster Box,7,Magic Display,5070,0,2022-05-13 15:30:40,327.87,260,348.42,,,
2026-07-02,2026-07-02T02:44:50+0200,776442,Duskmourn: House of Horror Collector Booster Box,7,Magic Display,5806,0,2024-07-02 16:45:10,390.97,329.9,399.45,,,
2026-07-02,2026-07-02T02:44:50+0200,813293,Edge of Eternities Collector Booster Box,7,Magic Display,6063,0,2025-02-24 12:46:27,430.07,399,452.78,,,
2026-07-02,2026-07-02T02:44:50+0200,426991,Ikoria: Lair of Behemoths Collector Booster Box,7,Magic Display,2819,0,2019-11-28 16:18:06,313.59,229.9,287.89,,,
2026-07-02,2026-07-02T02:44:50+0200,795092,Innistrad Remastered Collector Booster Box,7,Magic Display,5930,0,2024-10-28 12:31:23,291.21,249.99,301.82,,,
2026-07-02,2026-07-02T02:44:50+0200,573796,Innistrad: Crimson Vow Collector Booster Box,7,Magic Display,4364,0,2021-08-06 15:04:52,176.37,148,176.14,,,
2026-07-02,2026-07-02T02:44:50+0200,573781,Innistrad: Midnight Hunt Collector Booster Box,7,Magic Display,4362,0,2021-08-06 14:55:33,155.66,128,150.09,,,
2026-07-02,2026-07-02T02:44:50+0200,527325,Kaldheim Collector Booster Box,7,Magic Display,3660,0,2020-12-15 15:30:17,285.38,175,274,,,
2026-07-02,2026-07-02T02:44:50+0200,587696,Kamigawa: Neon Dynasty Collector Booster Box,7,Magic Display,4472,0,2021-12-17 11:54:15,335.24,305,331.78,,,
2026-07-02,2026-07-02T02:44:50+0200,851271,Lorwyn Eclipsed Collector Booster Box,7,Magic Display,6325,0,2025-09-29 09:18:52,303.54,250,310.32,,,
2026-07-02,2026-07-02T02:44:50+0200,812573,Magic: The Gathering - FINAL FANTASY Collector Booster Box,7,Magic Display,6057,0,2025-02-19 11:07:32,796.88,639,845.14,,,
2026-07-02,2026-07-02T02:44:50+0200,781941,Magic: The Gathering Foundations Collector Booster Box,7,Magic Display,5852,0,2024-08-07 11:49:07,536.33,329.95,512.94,,,
2026-07-02,2026-07-02T02:44:50+0200,842564,Magic: The Gathering | Avatar: The Last Airbender Collector Booster Box,7,Magic Display,6261,0,2025-08-13 11:34:30,309.51,294,308.96,,,
2026-07-02,2026-07-02T02:44:50+0200,869496,Magic: The Gathering | Marvel Super Heroes Collector Booster Box,7,Magic Display,6476,0,2026-01-28 13:25:37,346.43,260,314.98,,,
2026-07-02,2026-07-02T02:44:50+0200,814380,Magic: The Gathering | Marvel's Spider-Man Collector Booster Box,7,Magic Display,6070,0,2025-03-03 11:57:58,269.44,268,271.73,,,
2026-07-02,2026-07-02T02:44:50+0200,853671,Magic: The Gathering | Teenage Mutant Ninja Turtles Collector Booster Box,7,Magic Display,6345,0,2025-10-13 14:34:50,274.36,239.99,292.27,,,
2026-07-02,2026-07-02T02:44:50+0200,696391,March of the Machine Collector Booster Box,7,Magic Display,5227,0,2023-02-10 22:28:20,364.93,280,380.22,,,
2026-07-02,2026-07-02T02:44:50+0200,703885,March of the Machine: The Aftermath Collector Booster Box,7,Magic Display,5320,0,2023-03-31 15:26:44,139.97,93,168.46,,,
2026-07-02,2026-07-02T02:44:50+0200,562095,Modern Horizons 2 Collector Booster Box,7,Magic Display,4219,0,2021-04-27 14:45:19,398.11,333,401.77,,,
2026-07-02,2026-07-02T02:44:50+0200,758483,Modern Horizons 3 Collector Booster Box,7,Magic Display,5652,0,2024-02-26 11:57:51,605.54,459.9,645.39,,,
2026-07-02,2026-07-02T02:44:50+0200,748052,Murders at Karlov Manor Collector Booster Box,7,Magic Display,5561,0,2023-12-06 14:17:20,262.73,199.9,260.24,,,
2026-07-02,2026-07-02T02:44:50+0200,758326,Outlaws of Thunder Junction Collector Booster Box,7,Magic Display,5647,0,2024-02-24 10:01:37,286.05,190,293.83,,,
2026-07-02,2026-07-02T02:44:50+0200,683494,Phyrexia: All Will Be One Collector Booster Box,7,Magic Display,5184,0,2022-11-04 18:30:08,407.5,318.9,535.94,,,
2026-07-02,2026-07-02T02:44:50+0200,370211,Ravnica Allegiance Collector Booster Box,7,Magic Display,2411,0,2019-02-19 13:48:40,1150,,622.95,,,
2026-07-02,2026-07-02T02:44:50+0200,737484,Ravnica Remastered Collector Booster Box,7,Magic Display,5505,0,2023-10-05 11:05:56,887,800,883.05,,,
2026-07-02,2026-07-02T02:44:50+0200,885563,Reality Fracture Collector Booster Box,7,Magic Display,6571,0,2026-05-02 12:17:47,312.24,298.35,307.69,,,
2026-07-02,2026-07-02T02:44:50+0200,869357,Secrets of Strixhaven Collector Booster Box,7,Magic Display,6474,0,2026-01-28 10:47:39,312.96,279.99,313.87,,,
2026-07-02,2026-07-02T02:44:50+0200,611248,Streets of New Capenna Collector Booster Box,7,Magic Display,4975,0,2022-03-04 16:18:49,191.78,159.99,192.01,,,
2026-07-02,2026-07-02T02:44:50+0200,540411,Strixhaven: School of Mages Collector Booster Box,7,Magic Display,3741,0,2021-02-19 14:36:40,370,360,438.38,,,
2026-07-02,2026-07-02T02:44:50+0200,813080,Tarkir: Dragonstorm Collector Booster Box,7,Magic Display,6060,0,2025-02-24 09:46:00,329.91,329.99,342.01,,,
2026-07-02,2026-07-02T02:44:50+0200,677805,The Brothers' War Collector Booster Box,7,Magic Display,5164,0,2022-09-29 11:06:30,408.99,279.9,442.91,,,
2026-07-02,2026-07-02T02:44:50+0200,885552,The Hobbit Collector Booster Box,7,Magic Display,6570,0,2026-05-02 11:28:12,546.63,569.99,544.18,,,
2026-07-02,2026-07-02T02:44:50+0200,698912,The Lord of the Rings: Tales of Middle-earth Collector Booster Box,7,Magic Display,5285,0,2023-02-22 12:27:41,1039.94,1039,1075.2,,,
2026-07-02,2026-07-02T02:44:50+0200,732335,The Lord of the Rings: Tales of Middle-earth Special Edition Collector Booster Box,7,Magic Display,5489,0,2023-09-08 15:57:44,3838.89,3000,4415.9,,,
2026-07-02,2026-07-02T02:44:50+0200,734175,The Lost Caverns of Ixalan Collector Booster Box,7,Magic Display,5490,0,2023-09-23 10:44:56,714.83,675,733.65,,,
2026-07-02,2026-07-02T02:44:50+0200,426911,Theros Beyond Death Collector Booster Box,7,Magic Display,2814,0,2019-11-28 14:23:23,186.9,179.99,196.02,,,
2026-07-02,2026-07-02T02:44:50+0200,398849,Throne of Eldraine Collector Booster Box,7,Magic Display,2582,0,2019-09-04 15:32:27,300,240,261.4,,,
2026-07-02,2026-07-02T02:44:50+0200,586736,Unfinity Collector Booster Box,7,Magic Display,4468,0,2021-11-30 14:50:09,272.07,211.88,272.09,,,
2026-07-02,2026-07-02T02:44:50+0200,758498,Universes Beyond: Assassin's Creed Collector Booster Box,7,Magic Display,5655,0,2024-02-26 14:59:45,308.41,257.15,315.45,,,
2026-07-02,2026-07-02T02:44:50+0200,710800,Universes Beyond: Doctor Who Collector Booster Box,7,Magic Display,5358,0,2023-05-08 09:18:46,371.84,244.95,366.05,,,
2026-07-02,2026-07-02T02:44:50+0200,745340,Universes Beyond: Fallout Collector Booster Box,7,Magic Display,5544,0,2023-11-14 15:21:27,1056.47,900,1035.42,,,
2026-07-02,2026-07-02T02:44:50+0200,719684,Wilds of Eldraine Collector Booster Box,7,Magic Display,5359,0,2023-06-21 14:21:48,690.32,399.9,661.15,,,
2026-07-02,2026-07-02T02:44:50+0200,486979,Zendikar Rising Collector Booster Box,7,Magic Display,3404,0,2020-07-31 14:02:38,303.16,270,311.44,,,
2026-07-03,2026-07-03T02:45:52+0200,565899,Adventures in the Forgotten Realms Collector Booster Box,7,Magic Display,4259,0,2021-05-21 16:59:41,216.93,159,230.53,,,
2026-07-03,2026-07-03T02:45:52+0200,803869,Aetherdrift Collector Booster Box,7,Magic Display,5982,0,2024-12-11 10:59:59,210.18,180,207.4,,,
2026-07-03,2026-07-03T02:45:52+0200,774110,Bloomburrow Collector Booster Box,7,Magic Display,5658,0,2024-06-10 17:18:27,657.67,599.99,638.13,,,
2026-07-03,2026-07-03T02:45:52+0200,492099,Commander Legends Collector Booster Box,7,Magic Display,3454,0,2020-08-24 14:17:37,419,349,450.13,,,
2026-07-03,2026-07-03T02:45:52+0200,650825,Commander Legends: Battle for Baldur's Gate Collector Booster Box,7,Magic Display,5030,0,2022-03-29 14:37:06,381.22,268.82,396.3,,,
2026-07-03,2026-07-03T02:45:52+0200,698962,Commander Masters Collector Booster Box,7,Magic Display,5286,0,2023-02-22 14:58:05,429.96,260,447.13,,,
2026-07-03,2026-07-03T02:45:52+0200,466034,Core 2021 Collector Booster Box,7,Magic Display,3048,0,2020-06-05 10:49:33,244.24,180,241.38,,,
2026-07-03,2026-07-03T02:45:52+0200,681210,Dominaria Remastered Collector Booster Box,7,Magic Display,5192,0,2022-10-25 11:43:55,360.7,339.99,379.01,,,
2026-07-03,2026-07-03T02:45:52+0200,657414,Dominaria United Collector Booster Box,7,Magic Display,5072,0,2022-05-13 16:25:34,243.92,200,235.9,,,
2026-07-03,2026-07-03T02:45:52+0200,657282,Double Masters 2022 Collector Booster Box,7,Magic Display,5070,0,2022-05-13 15:30:40,327.87,260,348.42,,,
2026-07-03,2026-07-03T02:45:52+0200,776442,Duskmourn: House of Horror Collector Booster Box,7,Magic Display,5806,0,2024-07-02 16:45:10,390.97,329.9,399.45,,,
2026-07-03,2026-07-03T02:45:52+0200,813293,Edge of Eternities Collector Booster Box,7,Magic Display,6063,0,2025-02-24 12:46:27,442.14,399,448.57,,,
2026-07-03,2026-07-03T02:45:52+0200,426991,Ikoria: Lair of Behemoths Collector Booster Box,7,Magic Display,2819,0,2019-11-28 16:18:06,313.59,229.9,294.39,,,
2026-07-03,2026-07-03T02:45:52+0200,795092,Innistrad Remastered Collector Booster Box,7,Magic Display,5930,0,2024-10-28 12:31:23,291.21,249.99,306.41,,,
2026-07-03,2026-07-03T02:45:52+0200,573796,Innistrad: Crimson Vow Collector Booster Box,7,Magic Display,4364,0,2021-08-06 15:04:52,176.37,148,176.6,,,
2026-07-03,2026-07-03T02:45:52+0200,573781,Innistrad: Midnight Hunt Collector Booster Box,7,Magic Display,4362,0,2021-08-06 14:55:33,155.66,128,150.71,,,
2026-07-03,2026-07-03T02:45:52+0200,527325,Kaldheim Collector Booster Box,7,Magic Display,3660,0,2020-12-15 15:30:17,285.38,175,280.29,,,
2026-07-03,2026-07-03T02:45:52+0200,587696,Kamigawa: Neon Dynasty Collector Booster Box,7,Magic Display,4472,0,2021-12-17 11:54:15,335.24,305,331.78,,,
2026-07-03,2026-07-03T02:45:52+0200,851271,Lorwyn Eclipsed Collector Booster Box,7,Magic Display,6325,0,2025-09-29 09:18:52,303.54,250,309.91,,,
2026-07-03,2026-07-03T02:45:52+0200,812573,Magic: The Gathering - FINAL FANTASY Collector Booster Box,7,Magic Display,6057,0,2025-02-19 11:07:32,796.88,639,845.14,,,
2026-07-03,2026-07-03T02:45:52+0200,781941,Magic: The Gathering Foundations Collector Booster Box,7,Magic Display,5852,0,2024-08-07 11:49:07,536.33,329.95,518.14,,,
2026-07-03,2026-07-03T02:45:52+0200,842564,Magic: The Gathering | Avatar: The Last Airbender Collector Booster Box,7,Magic Display,6261,0,2025-08-13 11:34:30,309.51,294,309.74,,,
2026-07-03,2026-07-03T02:45:52+0200,869496,Magic: The Gathering | Marvel Super Heroes Collector Booster Box,7,Magic Display,6476,0,2026-01-28 13:25:37,346.43,269.99,313.03,,,
2026-07-03,2026-07-03T02:45:52+0200,814380,Magic: The Gathering | Marvel's Spider-Man Collector Booster Box,7,Magic Display,6070,0,2025-03-03 11:57:58,269.44,268,274.49,,,
2026-07-03,2026-07-03T02:45:52+0200,853671,Magic: The Gathering | Teenage Mutant Ninja Turtles Collector Booster Box,7,Magic Display,6345,0,2025-10-13 14:34:50,274.36,239.99,288.84,,,
2026-07-03,2026-07-03T02:45:52+0200,696391,March of the Machine Collector Booster Box,7,Magic Display,5227,0,2023-02-10 22:28:20,364.93,280,390.43,,,
2026-07-03,2026-07-03T02:45:52+0200,703885,March of the Machine: The Aftermath Collector Booster Box,7,Magic Display,5320,0,2023-03-31 15:26:44,139.97,93,168.46,,,
2026-07-03,2026-07-03T02:45:52+0200,562095,Modern Horizons 2 Collector Booster Box,7,Magic Display,4219,0,2021-04-27 14:45:19,398.11,333,405.34,,,
2026-07-03,2026-07-03T02:45:52+0200,758483,Modern Horizons 3 Collector Booster Box,7,Magic Display,5652,0,2024-02-26 11:57:51,605.54,459.9,645.39,,,
2026-07-03,2026-07-03T02:45:52+0200,748052,Murders at Karlov Manor Collector Booster Box,7,Magic Display,5561,0,2023-12-06 14:17:20,262.73,199.9,260.24,,,
2026-07-03,2026-07-03T02:45:52+0200,758326,Outlaws of Thunder Junction Collector Booster Box,7,Magic Display,5647,0,2024-02-24 10:01:37,286.05,190,293.83,,,
2026-07-03,2026-07-03T02:45:52+0200,683494,Phyrexia: All Will Be One Collector Booster Box,7,Magic Display,5184,0,2022-11-04 18:30:08,407.5,318.9,535.94,,,
2026-07-03,2026-07-03T02:45:52+0200,370211,Ravnica Allegiance Collector Booster Box,7,Magic Display,2411,0,2019-02-19 13:48:40,1150,,622.95,,,
2026-07-03,2026-07-03T02:45:52+0200,737484,Ravnica Remastered Collector Booster Box,7,Magic Display,5505,0,2023-10-05 11:05:56,887,800,883.05,,,
2026-07-03,2026-07-03T02:45:52+0200,885563,Reality Fracture Collector Booster Box,7,Magic Display,6571,0,2026-05-02 12:17:47,312.24,298.35,306.12,,,
2026-07-03,2026-07-03T02:45:52+0200,869357,Secrets of Strixhaven Collector Booster Box,7,Magic Display,6474,0,2026-01-28 10:47:39,312.96,279.99,313.48,,,
2026-07-03,2026-07-03T02:45:52+0200,611248,Streets of New Capenna Collector Booster Box,7,Magic Display,4975,0,2022-03-04 16:18:49,191.78,159.99,190.51,,,
2026-07-03,2026-07-03T02:45:52+0200,540411,Strixhaven: School of Mages Collector Booster Box,7,Magic Display,3741,0,2021-02-19 14:36:40,370,360,428.42,,,
2026-07-03,2026-07-03T02:45:52+0200,813080,Tarkir: Dragonstorm Collector Booster Box,7,Magic Display,6060,0,2025-02-24 09:46:00,336.21,329.99,342.01,,,
2026-07-03,2026-07-03T02:45:52+0200,677805,The Brothers' War Collector Booster Box,7,Magic Display,5164,0,2022-09-29 11:06:30,408.99,279.9,445.43,,,
2026-07-03,2026-07-03T02:45:52+0200,885552,The Hobbit Collector Booster Box,7,Magic Display,6570,0,2026-05-02 11:28:12,546.63,569.99,547.04,,,
2026-07-03,2026-07-03T02:45:52+0200,698912,The Lord of the Rings: Tales of Middle-earth Collector Booster Box,7,Magic Display,5285,0,2023-02-22 12:27:41,1039.94,1039,1115.65,,,
2026-07-03,2026-07-03T02:45:52+0200,732335,The Lord of the Rings: Tales of Middle-earth Special Edition Collector Booster Box,7,Magic Display,5489,0,2023-09-08 15:57:44,3838.89,3000,4862.93,,,
2026-07-03,2026-07-03T02:45:52+0200,734175,The Lost Caverns of Ixalan Collector Booster Box,7,Magic Display,5490,0,2023-09-23 10:44:56,714.83,675,727.62,,,
2026-07-03,2026-07-03T02:45:52+0200,426911,Theros Beyond Death Collector Booster Box,7,Magic Display,2814,0,2019-11-28 14:23:23,186.9,179.99,195.85,,,
2026-07-03,2026-07-03T02:45:52+0200,398849,Throne of Eldraine Collector Booster Box,7,Magic Display,2582,0,2019-09-04 15:32:27,300,240,267.46,,,
2026-07-03,2026-07-03T02:45:52+0200,586736,Unfinity Collector Booster Box,7,Magic Display,4468,0,2021-11-30 14:50:09,272.07,211.88,272.09,,,
2026-07-03,2026-07-03T02:45:52+0200,758498,Universes Beyond: Assassin's Creed Collector Booster Box,7,Magic Display,5655,0,2024-02-26 14:59:45,308.41,257.15,311.26,,,
2026-07-03,2026-07-03T02:45:52+0200,710800,Universes Beyond: Doctor Who Collector Booster Box,7,Magic Display,5358,0,2023-05-08 09:18:46,371.84,244.95,370.12,,,
2026-07-03,2026-07-03T02:45:52+0200,745340,Universes Beyond: Fallout Collector Booster Box,7,Magic Display,5544,0,2023-11-14 15:21:27,1056.47,900,1035.42,,,
2026-07-03,2026-07-03T02:45:52+0200,719684,Wilds of Eldraine Collector Booster Box,7,Magic Display,5359,0,2023-06-21 14:21:48,690.32,399.9,661.15,,,
2026-07-03,2026-07-03T02:45:52+0200,486979,Zendikar Rising Collector Booster Box,7,Magic Display,3404,0,2020-07-31 14:02:38,303.16,270,313.27,,,
2026-07-04,2026-07-04T02:47:08+0200,565899,Adventures in the Forgotten Realms Collector Booster Box,7,Magic Display,4259,0,2021-05-21 16:59:41,216.93,159,230.53,,,
2026-07-04,2026-07-04T02:47:08+0200,803869,Aetherdrift Collector Booster Box,7,Magic Display,5982,0,2024-12-11 10:59:59,210.18,180,205.68,,,
2026-07-04,2026-07-04T02:47:08+0200,774110,Bloomburrow Collector Booster Box,7,Magic Display,5658,0,2024-06-10 17:18:27,657.67,599.99,638.13,,,
2026-07-04,2026-07-04T02:47:08+0200,492099,Commander Legends Collector Booster Box,7,Magic Display,3454,0,2020-08-24 14:17:37,419,333.33,450.13,,,
2026-07-04,2026-07-04T02:47:08+0200,650825,Commander Legends: Battle for Baldur's Gate Collector Booster Box,7,Magic Display,5030,0,2022-03-29 14:37:06,381.22,268.82,396.3,,,
2026-07-04,2026-07-04T02:47:08+0200,698962,Commander Masters Collector Booster Box,7,Magic Display,5286,0,2023-02-22 14:58:05,429.96,122,447.13,,,
2026-07-04,2026-07-04T02:47:08+0200,466034,Core 2021 Collector Booster Box,7,Magic Display,3048,0,2020-06-05 10:49:33,244.24,180,239.96,,,
2026-07-04,2026-07-04T02:47:08+0200,681210,Dominaria Remastered Collector Booster Box,7,Magic Display,5192,0,2022-10-25 11:43:55,360.7,339.99,379.01,,,
2026-07-04,2026-07-04T02:47:08+0200,657414,Dominaria United Collector Booster Box,7,Magic Display,5072,0,2022-05-13 16:25:34,243.92,200,236.5,,,
2026-07-04,2026-07-04T02:47:08+0200,657282,Double Masters 2022 Collector Booster Box,7,Magic Display,5070,0,2022-05-13 15:30:40,327.87,122,348.42,,,
2026-07-04,2026-07-04T02:47:08+0200,776442,Duskmourn: House of Horror Collector Booster Box,7,Magic Display,5806,0,2024-07-02 16:45:10,390.97,329.9,399.45,,,
2026-07-04,2026-07-04T02:47:08+0200,813293,Edge of Eternities Collector Booster Box,7,Magic Display,6063,0,2025-02-24 12:46:27,442.14,399,448.57,,,
2026-07-04,2026-07-04T02:47:08+0200,426991,Ikoria: Lair of Behemoths Collector Booster Box,7,Magic Display,2819,0,2019-11-28 16:18:06,313.59,229.9,294.39,,,
2026-07-04,2026-07-04T02:47:08+0200,795092,Innistrad Remastered Collector Booster Box,7,Magic Display,5930,0,2024-10-28 12:31:23,291.21,249.99,310.2,,,
2026-07-04,2026-07-04T02:47:08+0200,573796,Innistrad: Crimson Vow Collector Booster Box,7,Magic Display,4364,0,2021-08-06 15:04:52,176.37,148,176.6,,,
2026-07-04,2026-07-04T02:47:08+0200,573781,Innistrad: Midnight Hunt Collector Booster Box,7,Magic Display,4362,0,2021-08-06 14:55:33,155.66,128,150.71,,,
2026-07-04,2026-07-04T02:47:08+0200,527325,Kaldheim Collector Booster Box,7,Magic Display,3660,0,2020-12-15 15:30:17,285.38,175,280.29,,,
2026-07-04,2026-07-04T02:47:08+0200,587696,Kamigawa: Neon Dynasty Collector Booster Box,7,Magic Display,4472,0,2021-12-17 11:54:15,335.24,305,331.75,,,
2026-07-04,2026-07-04T02:47:08+0200,851271,Lorwyn Eclipsed Collector Booster Box,7,Magic Display,6325,0,2025-09-29 09:18:52,308.85,250,306.33,,,
2026-07-04,2026-07-04T02:47:08+0200,812573,Magic: The Gathering - FINAL FANTASY Collector Booster Box,7,Magic Display,6057,0,2025-02-19 11:07:32,796.88,630,852.51,,,
2026-07-04,2026-07-04T02:47:08+0200,781941,Magic: The Gathering Foundations Collector Booster Box,7,Magic Display,5852,0,2024-08-07 11:49:07,536.33,329.95,524.71,,,
2026-07-04,2026-07-04T02:47:08+0200,842564,Magic: The Gathering | Avatar: The Last Airbender Collector Booster Box,7,Magic Display,6261,0,2025-08-13 11:34:30,309.51,294,308.2,,,
2026-07-04,2026-07-04T02:47:08+0200,869496,Magic: The Gathering | Marvel Super Heroes Collector Booster Box,7,Magic Display,6476,0,2026-01-28 13:25:37,346.43,269.99,308.1,,,
2026-07-04,2026-07-04T02:47:08+0200,814380,Magic: The Gathering | Marvel's Spider-Man Collector Booster Box,7,Magic Display,6070,0,2025-03-03 11:57:58,269.44,268,274.49,,,
2026-07-04,2026-07-04T02:47:08+0200,853671,Magic: The Gathering | Teenage Mutant Ninja Turtles Collector Booster Box,7,Magic Display,6345,0,2025-10-13 14:34:50,274.36,239.99,286.24,,,
2026-07-04,2026-07-04T02:47:08+0200,696391,March of the Machine Collector Booster Box,7,Magic Display,5227,0,2023-02-10 22:28:20,364.93,280,402.85,,,
2026-07-04,2026-07-04T02:47:08+0200,703885,March of the Machine: The Aftermath Collector Booster Box,7,Magic Display,5320,0,2023-03-31 15:26:44,139.97,93,168.46,,,
2026-07-04,2026-07-04T02:47:08+0200,562095,Modern Horizons 2 Collector Booster Box,7,Magic Display,4219,0,2021-04-27 14:45:19,398.11,333,405.34,,,
2026-07-04,2026-07-04T02:47:08+0200,758483,Modern Horizons 3 Collector Booster Box,7,Magic Display,5652,0,2024-02-26 11:57:51,605.54,459.9,645.39,,,
2026-07-04,2026-07-04T02:47:08+0200,748052,Murders at Karlov Manor Collector Booster Box,7,Magic Display,5561,0,2023-12-06 14:17:20,262.73,122,260.81,,,
2026-07-04,2026-07-04T02:47:08+0200,758326,Outlaws of Thunder Junction Collector Booster Box,7,Magic Display,5647,0,2024-02-24 10:01:37,286.05,190,293.83,,,
2026-07-04,2026-07-04T02:47:08+0200,683494,Phyrexia: All Will Be One Collector Booster Box,7,Magic Display,5184,0,2022-11-04 18:30:08,407.5,318.9,535.94,,,
2026-07-04,2026-07-04T02:47:08+0200,370211,Ravnica Allegiance Collector Booster Box,7,Magic Display,2411,0,2019-02-19 13:48:40,1150,,720.25,,,
2026-07-04,2026-07-04T02:47:08+0200,737484,Ravnica Remastered Collector Booster Box,7,Magic Display,5505,0,2023-10-05 11:05:56,887,800,883.05,,,
2026-07-04,2026-07-04T02:47:08+0200,885563,Reality Fracture Collector Booster Box,7,Magic Display,6571,0,2026-05-02 12:17:47,312.24,298.35,307.8,,,
2026-07-04,2026-07-04T02:47:08+0200,869357,Secrets of Strixhaven Collector Booster Box,7,Magic Display,6474,0,2026-01-28 10:47:39,312.96,279.98,314.31,,,
2026-07-04,2026-07-04T02:47:08+0200,611248,Streets of New Capenna Collector Booster Box,7,Magic Display,4975,0,2022-03-04 16:18:49,191.78,159.99,191.55,,,
2026-07-04,2026-07-04T02:47:08+0200,540411,Strixhaven: School of Mages Collector Booster Box,7,Magic Display,3741,0,2021-02-19 14:36:40,370,360,428.42,,,
2026-07-04,2026-07-04T02:47:08+0200,813080,Tarkir: Dragonstorm Collector Booster Box,7,Magic Display,6060,0,2025-02-24 09:46:00,336.21,329.99,339.37,,,
2026-07-04,2026-07-04T02:47:08+0200,677805,The Brothers' War Collector Booster Box,7,Magic Display,5164,0,2022-09-29 11:06:30,408.99,305,451.5,,,
2026-07-04,2026-07-04T02:47:08+0200,885552,The Hobbit Collector Booster Box,7,Magic Display,6570,0,2026-05-02 11:28:12,546.63,549.99,546.47,,,
2026-07-04,2026-07-04T02:47:08+0200,698912,The Lord of the Rings: Tales of Middle-earth Collector Booster Box,7,Magic Display,5285,0,2023-02-22 12:27:41,1039.94,1039,1205.35,,,
2026-07-04,2026-07-04T02:47:08+0200,732335,The Lord of the Rings: Tales of Middle-earth Special Edition Collector Booster Box,7,Magic Display,5489,0,2023-09-08 15:57:44,3838.89,9164.9,5393.39,,,
2026-07-04,2026-07-04T02:47:08+0200,734175,The Lost Caverns of Ixalan Collector Booster Box,7,Magic Display,5490,0,2023-09-23 10:44:56,714.83,344,727.62,,,
2026-07-04,2026-07-04T02:47:08+0200,426911,Theros Beyond Death Collector Booster Box,7,Magic Display,2814,0,2019-11-28 14:23:23,186.9,179.99,195.56,,,
2026-07-04,2026-07-04T02:47:08+0200,398849,Throne of Eldraine Collector Booster Box,7,Magic Display,2582,0,2019-09-04 15:32:27,300,240,267.95,,,
2026-07-04,2026-07-04T02:47:08+0200,586736,Unfinity Collector Booster Box,7,Magic Display,4468,0,2021-11-30 14:50:09,274.87,211.88,273.23,,,
2026-07-04,2026-07-04T02:47:08+0200,758498,Universes Beyond: Assassin's Creed Collector Booster Box,7,Magic Display,5655,0,2024-02-26 14:59:45,308.41,259.95,306.64,,,
2026-07-04,2026-07-04T02:47:08+0200,710800,Universes Beyond: Doctor Who Collector Booster Box,7,Magic Display,5358,0,2023-05-08 09:18:46,371.84,244.95,370.12,,,
2026-07-04,2026-07-04T02:47:08+0200,745340,Universes Beyond: Fallout Collector Booster Box,7,Magic Display,5544,0,2023-11-14 15:21:27,1056.47,900,1035.42,,,
2026-07-04,2026-07-04T02:47:08+0200,719684,Wilds of Eldraine Collector Booster Box,7,Magic Display,5359,0,2023-06-21 14:21:48,690.32,429,636.54,,,
2026-07-04,2026-07-04T02:47:08+0200,486979,Zendikar Rising Collector Booster Box,7,Magic Display,3404,0,2020-07-31 14:02:38,303.16,270,313.27,,,
2026-07-05,2026-07-05T02:43:53+0200,565899,Adventures in the Forgotten Realms Collector Booster Box,7,Magic Display,4259,0,2021-05-21 16:59:41,216.93,159,235.24,,,
2026-07-05,2026-07-05T02:43:53+0200,803869,Aetherdrift Collector Booster Box,7,Magic Display,5982,0,2024-12-11 10:59:59,210.18,55,205.68,,,
2026-07-05,2026-07-05T02:43:53+0200,774110,Bloomburrow Collector Booster Box,7,Magic Display,5658,0,2024-06-10 17:18:27,657.67,599.99,616.79,,,
2026-07-05,2026-07-05T02:43:53+0200,492099,Commander Legends Collector Booster Box,7,Magic Display,3454,0,2020-08-24 14:17:37,419,333.33,434.98,,,
2026-07-05,2026-07-05T02:43:53+0200,650825,Commander Legends: Battle for Baldur's Gate Collector Booster Box,7,Magic Display,5030,0,2022-03-29 14:37:06,381.22,122,396.3,,,
2026-07-05,2026-07-05T02:43:53+0200,698962,Commander Masters Collector Booster Box,7,Magic Display,5286,0,2023-02-22 14:58:05,429.96,122,447.13,,,
2026-07-05,2026-07-05T02:43:53+0200,466034,Core 2021 Collector Booster Box,7,Magic Display,3048,0,2020-06-05 10:49:33,244.24,180,239.96,,,
2026-07-05,2026-07-05T02:43:53+0200,681210,Dominaria Remastered Collector Booster Box,7,Magic Display,5192,0,2022-10-25 11:43:55,360.7,339.99,383.73,,,
2026-07-05,2026-07-05T02:43:53+0200,657414,Dominaria United Collector Booster Box,7,Magic Display,5072,0,2022-05-13 16:25:34,243.92,200,234.06,,,
2026-07-05,2026-07-05T02:43:53+0200,657282,Double Masters 2022 Collector Booster Box,7,Magic Display,5070,0,2022-05-13 15:30:40,327.87,122,348.42,,,
2026-07-05,2026-07-05T02:43:53+0200,776442,Duskmourn: House of Horror Collector Booster Box,7,Magic Display,5806,0,2024-07-02 16:45:10,390.97,329.9,399.45,,,
2026-07-05,2026-07-05T02:43:53+0200,813293,Edge of Eternities Collector Booster Box,7,Magic Display,6063,0,2025-02-24 12:46:27,442.14,399,448.57,,,
2026-07-05,2026-07-05T02:43:53+0200,426991,Ikoria: Lair of Behemoths Collector Booster Box,7,Magic Display,2819,0,2019-11-28 16:18:06,313.59,229.9,294.39,,,
2026-07-05,2026-07-05T02:43:53+0200,795092,Innistrad Remastered Collector Booster Box,7,Magic Display,5930,0,2024-10-28 12:31:23,291.21,122,314.62,,,
2026-07-05,2026-07-05T02:43:53+0200,573796,Innistrad: Crimson Vow Collector Booster Box,7,Magic Display,4364,0,2021-08-06 15:04:52,176.37,148,175.94,,,
2026-07-05,2026-07-05T02:43:53+0200,573781,Innistrad: Midnight Hunt Collector Booster Box,7,Magic Display,4362,0,2021-08-06 14:55:33,155.66,65,149.68,,,
2026-07-05,2026-07-05T02:43:53+0200,527325,Kaldheim Collector Booster Box,7,Magic Display,3660,0,2020-12-15 15:30:17,285.38,175,280.29,,,
2026-07-05,2026-07-05T02:43:53+0200,587696,Kamigawa: Neon Dynasty Collector Booster Box,7,Magic Display,4472,0,2021-12-17 11:54:15,335.24,305,331.49,,,
2026-07-05,2026-07-05T02:43:53+0200,851271,Lorwyn Eclipsed Collector Booster Box,7,Magic Display,6325,0,2025-09-29 09:18:52,308.85,122,306.33,,,
2026-07-05,2026-07-05T02:43:53+0200,812573,Magic: The Gathering - FINAL FANTASY Collector Booster Box,7,Magic Display,6057,0,2025-02-19 11:07:32,796.88,358,847.71,,,
2026-07-05,2026-07-05T02:43:53+0200,781941,Magic: The Gathering Foundations Collector Booster Box,7,Magic Display,5852,0,2024-08-07 11:49:07,536.33,329.95,529.99,,,
2026-07-05,2026-07-05T02:43:53+0200,842564,Magic: The Gathering | Avatar: The Last Airbender Collector Booster Box,7,Magic Display,6261,0,2025-08-13 11:34:30,309.51,158,308.2,,,
2026-07-05,2026-07-05T02:43:53+0200,869496,Magic: The Gathering | Marvel Super Heroes Collector Booster Box,7,Magic Display,6476,0,2026-01-28 13:25:37,346.43,122,305.85,,,
2026-07-05,2026-07-05T02:43:53+0200,814380,Magic: The Gathering | Marvel's Spider-Man Collector Booster Box,7,Magic Display,6070,0,2025-03-03 11:57:58,269.44,125,274.49,,,
2026-07-05,2026-07-05T02:43:53+0200,853671,Magic: The Gathering | Teenage Mutant Ninja Turtles Collector Booster Box,7,Magic Display,6345,0,2025-10-13 14:34:50,274.36,144,286.24,,,
2026-07-05,2026-07-05T02:43:53+0200,696391,March of the Machine Collector Booster Box,7,Magic Display,5227,0,2023-02-10 22:28:20,364.93,280,410.64,,,
2026-07-05,2026-07-05T02:43:53+0200,703885,March of the Machine: The Aftermath Collector Booster Box,7,Magic Display,5320,0,2023-03-31 15:26:44,164.99,93,168.46,,,
2026-07-05,2026-07-05T02:43:53+0200,562095,Modern Horizons 2 Collector Booster Box,7,Magic Display,4219,0,2021-04-27 14:45:19,398.11,333,405.34,,,
2026-07-05,2026-07-05T02:43:53+0200,758483,Modern Horizons 3 Collector Booster Box,7,Magic Display,5652,0,2024-02-26 11:57:51,605.54,244,645.39,,,
2026-07-05,2026-07-05T02:43:53+0200,748052,Murders at Karlov Manor Collector Booster Box,7,Magic Display,5561,0,2023-12-06 14:17:20,262.73,122,257.9,,,
2026-07-05,2026-07-05T02:43:53+0200,758326,Outlaws of Thunder Junction Collector Booster Box,7,Magic Display,5647,0,2024-02-24 10:01:37,286.05,85,293.83,,,
2026-07-05,2026-07-05T02:43:53+0200,683494,Phyrexia: All Will Be One Collector Booster Box,7,Magic Display,5184,0,2022-11-04 18:30:08,407.5,318.9,535.94,,,
2026-07-05,2026-07-05T02:43:53+0200,370211,Ravnica Allegiance Collector Booster Box,7,Magic Display,2411,0,2019-02-19 13:48:40,1150,,720.25,,,
2026-07-05,2026-07-05T02:43:53+0200,737484,Ravnica Remastered Collector Booster Box,7,Magic Display,5505,0,2023-10-05 11:05:56,887,800,883.05,,,
2026-07-05,2026-07-05T02:43:53+0200,885563,Reality Fracture Collector Booster Box,7,Magic Display,6571,0,2026-05-02 12:17:47,312.24,298.35,306.86,,,
2026-07-05,2026-07-05T02:43:53+0200,869357,Secrets of Strixhaven Collector Booster Box,7,Magic Display,6474,0,2026-01-28 10:47:39,312.96,122,316.19,,,
2026-07-05,2026-07-05T02:43:53+0200,611248,Streets of New Capenna Collector Booster Box,7,Magic Display,4975,0,2022-03-04 16:18:49,191.78,77,191.55,,,
2026-07-05,2026-07-05T02:43:53+0200,540411,Strixhaven: School of Mages Collector Booster Box,7,Magic Display,3741,0,2021-02-19 14:36:40,370,360,428.42,,,
2026-07-05,2026-07-05T02:43:53+0200,813080,Tarkir: Dragonstorm Collector Booster Box,7,Magic Display,6060,0,2025-02-24 09:46:00,336.21,122,339.37,,,
2026-07-05,2026-07-05T02:43:53+0200,677805,The Brothers' War Collector Booster Box,7,Magic Display,5164,0,2022-09-29 11:06:30,408.99,279.9,462.67,,,
2026-07-05,2026-07-05T02:43:53+0200,885552,The Hobbit Collector Booster Box,7,Magic Display,6570,0,2026-05-02 11:28:12,546.63,549.99,548.47,,,
2026-07-05,2026-07-05T02:43:53+0200,698912,The Lord of the Rings: Tales of Middle-earth Collector Booster Box,7,Magic Display,5285,0,2023-02-22 12:27:41,1039.94,588,1241.95,,,
2026-07-05,2026-07-05T02:43:53+0200,732335,The Lord of the Rings: Tales of Middle-earth Special Edition Collector Booster Box,7,Magic Display,5489,0,2023-09-08 15:57:44,3838.89,9164.9,5687.01,,,
2026-07-05,2026-07-05T02:43:53+0200,734175,The Lost Caverns of Ixalan Collector Booster Box,7,Magic Display,5490,0,2023-09-23 10:44:56,714.83,344,727.62,,,
2026-07-05,2026-07-05T02:43:53+0200,426911,Theros Beyond Death Collector Booster Box,7,Magic Display,2814,0,2019-11-28 14:23:23,186.9,179.99,195.56,,,
2026-07-05,2026-07-05T02:43:53+0200,398849,Throne of Eldraine Collector Booster Box,7,Magic Display,2582,0,2019-09-04 15:32:27,300,240,267.95,,,
2026-07-05,2026-07-05T02:43:53+0200,586736,Unfinity Collector Booster Box,7,Magic Display,4468,0,2021-11-30 14:50:09,274.87,211.88,273.23,,,
2026-07-05,2026-07-05T02:43:53+0200,758498,Universes Beyond: Assassin's Creed Collector Booster Box,7,Magic Display,5655,0,2024-02-26 14:59:45,308.41,260.2,306.64,,,
2026-07-05,2026-07-05T02:43:53+0200,710800,Universes Beyond: Doctor Who Collector Booster Box,7,Magic Display,5358,0,2023-05-08 09:18:46,371.84,122,370.12,,,
2026-07-05,2026-07-05T02:43:53+0200,745340,Universes Beyond: Fallout Collector Booster Box,7,Magic Display,5544,0,2023-11-14 15:21:27,1056.47,722,1035.42,,,
2026-07-05,2026-07-05T02:43:53+0200,719684,Wilds of Eldraine Collector Booster Box,7,Magic Display,5359,0,2023-06-21 14:21:48,690.32,399.9,643.37,,,
2026-07-05,2026-07-05T02:43:53+0200,486979,Zendikar Rising Collector Booster Box,7,Magic Display,3404,0,2020-07-31 14:02:38,303.16,270,313.27,,,
2026-07-06,2026-07-06T02:46:41+0200,565899,Adventures in the Forgotten Realms Collector Booster Box,7,Magic Display,4259,0,2021-05-21 16:59:41,216.93,74,230.68,,,
2026-07-06,2026-07-06T02:46:41+0200,803869,Aetherdrift Collector Booster Box,7,Magic Display,5982,0,2024-12-11 10:59:59,210.18,55,205.68,,,
2026-07-06,2026-07-06T02:46:41+0200,774110,Bloomburrow Collector Booster Box,7,Magic Display,5658,0,2024-06-10 17:18:27,657.67,599.99,616.79,,,
2026-07-06,2026-07-06T02:46:41+0200,492099,Commander Legends Collector Booster Box,7,Magic Display,3454,0,2020-08-24 14:17:37,419,333.33,434.98,,,
2026-07-06,2026-07-06T02:46:41+0200,650825,Commander Legends: Battle for Baldur's Gate Collector Booster Box,7,Magic Display,5030,0,2022-03-29 14:37:06,381.22,122,397,,,
2026-07-06,2026-07-06T02:46:41+0200,698962,Commander Masters Collector Booster Box,7,Magic Display,5286,0,2023-02-22 14:58:05,429.96,122,447.13,,,
2026-07-06,2026-07-06T02:46:41+0200,466034,Core 2021 Collector Booster Box,7,Magic Display,3048,0,2020-06-05 10:49:33,244.24,180,239.96,,,
2026-07-06,2026-07-06T02:46:41+0200,681210,Dominaria Remastered Collector Booster Box,7,Magic Display,5192,0,2022-10-25 11:43:55,386.34,339.99,383.73,,,
2026-07-06,2026-07-06T02:46:41+0200,657414,Dominaria United Collector Booster Box,7,Magic Display,5072,0,2022-05-13 16:25:34,243.92,200,234.06,,,
2026-07-06,2026-07-06T02:46:41+0200,657282,Double Masters 2022 Collector Booster Box,7,Magic Display,5070,0,2022-05-13 15:30:40,327.87,122,358.34,,,
2026-07-06,2026-07-06T02:46:41+0200,776442,Duskmourn: House of Horror Collector Booster Box,7,Magic Display,5806,0,2024-07-02 16:45:10,390.97,329.9,399.56,,,
2026-07-06,2026-07-06T02:46:41+0200,813293,Edge of Eternities Collector Booster Box,7,Magic Display,6063,0,2025-02-24 12:46:27,442.14,399,448.57,,,
2026-07-06,2026-07-06T02:46:41+0200,426991,Ikoria: Lair of Behemoths Collector Booster Box,7,Magic Display,2819,0,2019-11-28 16:18:06,313.59,229.9,294.39,,,
2026-07-06,2026-07-06T02:46:41+0200,795092,Innistrad Remastered Collector Booster Box,7,Magic Display,5930,0,2024-10-28 12:31:23,291.21,122,319.64,,,
2026-07-06,2026-07-06T02:46:41+0200,573796,Innistrad: Crimson Vow Collector Booster Box,7,Magic Display,4364,0,2021-08-06 15:04:52,176.37,148,175.94,,,
2026-07-06,2026-07-06T02:46:41+0200,573781,Innistrad: Midnight Hunt Collector Booster Box,7,Magic Display,4362,0,2021-08-06 14:55:33,155.66,65,155.2,,,
2026-07-06,2026-07-06T02:46:41+0200,527325,Kaldheim Collector Booster Box,7,Magic Display,3660,0,2020-12-15 15:30:17,285.38,175,280.29,,,
2026-07-06,2026-07-06T02:46:41+0200,587696,Kamigawa: Neon Dynasty Collector Booster Box,7,Magic Display,4472,0,2021-12-17 11:54:15,335.24,305,331.49,,,
2026-07-06,2026-07-06T02:46:41+0200,851271,Lorwyn Eclipsed Collector Booster Box,7,Magic Display,6325,0,2025-09-29 09:18:52,308.85,122,306.33,,,
2026-07-06,2026-07-06T02:46:41+0200,812573,Magic: The Gathering - FINAL FANTASY Collector Booster Box,7,Magic Display,6057,0,2025-02-19 11:07:32,796.88,358,865.04,,,
2026-07-06,2026-07-06T02:46:41+0200,781941,Magic: The Gathering Foundations Collector Booster Box,7,Magic Display,5852,0,2024-08-07 11:49:07,536.33,329.95,529.99,,,
2026-07-06,2026-07-06T02:46:41+0200,842564,Magic: The Gathering | Avatar: The Last Airbender Collector Booster Box,7,Magic Display,6261,0,2025-08-13 11:34:30,309.51,158,308.07,,,
2026-07-06,2026-07-06T02:46:41+0200,869496,Magic: The Gathering | Marvel Super Heroes Collector Booster Box,7,Magic Display,6476,0,2026-01-28 13:25:37,346.43,122,301.91,,,
2026-07-06,2026-07-06T02:46:41+0200,814380,Magic: The Gathering | Marvel's Spider-Man Collector Booster Box,7,Magic Display,6070,0,2025-03-03 11:57:58,269.44,125,276.57,,,
2026-07-06,2026-07-06T02:46:41+0200,853671,Magic: The Gathering | Teenage Mutant Ninja Turtles Collector Booster Box,7,Magic Display,6345,0,2025-10-13 14:34:50,274.36,144,286.47,,,
2026-07-06,2026-07-06T02:46:41+0200,696391,March of the Machine Collector Booster Box,7,Magic Display,5227,0,2023-02-10 22:28:20,364.93,280,419.07,,,
2026-07-06,2026-07-06T02:46:41+0200,703885,March of the Machine: The Aftermath Collector Booster Box,7,Magic Display,5320,0,2023-03-31 15:26:44,164.99,93,168.46,,,
2026-07-06,2026-07-06T02:46:41+0200,562095,Modern Horizons 2 Collector Booster Box,7,Magic Display,4219,0,2021-04-27 14:45:19,398.11,333,405.34,,,
2026-07-06,2026-07-06T02:46:41+0200,758483,Modern Horizons 3 Collector Booster Box,7,Magic Display,5652,0,2024-02-26 11:57:51,605.54,244,649.96,,,
2026-07-06,2026-07-06T02:46:41+0200,748052,Murders at Karlov Manor Collector Booster Box,7,Magic Display,5561,0,2023-12-06 14:17:20,249.66,122,257.9,,,
2026-07-06,2026-07-06T02:46:41+0200,758326,Outlaws of Thunder Junction Collector Booster Box,7,Magic Display,5647,0,2024-02-24 10:01:37,286.05,85,293.83,,,
2026-07-06,2026-07-06T02:46:41+0200,683494,Phyrexia: All Will Be One Collector Booster Box,7,Magic Display,5184,0,2022-11-04 18:30:08,407.5,318.9,535.94,,,
2026-07-06,2026-07-06T02:46:41+0200,370211,Ravnica Allegiance Collector Booster Box,7,Magic Display,2411,0,2019-02-19 13:48:40,1150,1100,720.25,,,
2026-07-06,2026-07-06T02:46:41+0200,737484,Ravnica Remastered Collector Booster Box,7,Magic Display,5505,0,2023-10-05 11:05:56,887,800,900.97,,,
2026-07-06,2026-07-06T02:46:41+0200,885563,Reality Fracture Collector Booster Box,7,Magic Display,6571,0,2026-05-02 12:17:47,312.24,298.35,305.99,,,
2026-07-06,2026-07-06T02:46:41+0200,869357,Secrets of Strixhaven Collector Booster Box,7,Magic Display,6474,0,2026-01-28 10:47:39,312.96,122,318.1,,,
2026-07-06,2026-07-06T02:46:41+0200,611248,Streets of New Capenna Collector Booster Box,7,Magic Display,4975,0,2022-03-04 16:18:49,191.78,77,191.55,,,
2026-07-06,2026-07-06T02:46:41+0200,540411,Strixhaven: School of Mages Collector Booster Box,7,Magic Display,3741,0,2021-02-19 14:36:40,370,360,428.42,,,
2026-07-06,2026-07-06T02:46:41+0200,813080,Tarkir: Dragonstorm Collector Booster Box,7,Magic Display,6060,0,2025-02-24 09:46:00,336.21,122,343.51,,,
2026-07-06,2026-07-06T02:46:41+0200,677805,The Brothers' War Collector Booster Box,7,Magic Display,5164,0,2022-09-29 11:06:30,501.8,279.9,476.89,,,
2026-07-06,2026-07-06T02:46:41+0200,885552,The Hobbit Collector Booster Box,7,Magic Display,6570,0,2026-05-02 11:28:12,546.63,549.99,554.2,,,
2026-07-06,2026-07-06T02:46:41+0200,698912,The Lord of the Rings: Tales of Middle-earth Collector Booster Box,7,Magic Display,5285,0,2023-02-22 12:27:41,1039.94,588,1278.6,,,
2026-07-06,2026-07-06T02:46:41+0200,732335,The Lord of the Rings: Tales of Middle-earth Special Edition Collector Booster Box,7,Magic Display,5489,0,2023-09-08 15:57:44,3838.89,14790,6050.68,,,
2026-07-06,2026-07-06T02:46:41+0200,734175,The Lost Caverns of Ixalan Collector Booster Box,7,Magic Display,5490,0,2023-09-23 10:44:56,714.83,344,727.62,,,
2026-07-06,2026-07-06T02:46:41+0200,426911,Theros Beyond Death Collector Booster Box,7,Magic Display,2814,0,2019-11-28 14:23:23,186.9,179.99,195.56,,,
2026-07-06,2026-07-06T02:46:41+0200,398849,Throne of Eldraine Collector Booster Box,7,Magic Display,2582,0,2019-09-04 15:32:27,300,240,267.95,,,
2026-07-06,2026-07-06T02:46:41+0200,586736,Unfinity Collector Booster Box,7,Magic Display,4468,0,2021-11-30 14:50:09,274.87,211.88,273.23,,,
2026-07-06,2026-07-06T02:46:41+0200,758498,Universes Beyond: Assassin's Creed Collector Booster Box,7,Magic Display,5655,0,2024-02-26 14:59:45,308.41,260.2,302.62,,,
2026-07-06,2026-07-06T02:46:41+0200,710800,Universes Beyond: Doctor Who Collector Booster Box,7,Magic Display,5358,0,2023-05-08 09:18:46,371.84,122,370.12,,,
2026-07-06,2026-07-06T02:46:41+0200,745340,Universes Beyond: Fallout Collector Booster Box,7,Magic Display,5544,0,2023-11-14 15:21:27,1056.47,722,1035.42,,,
2026-07-06,2026-07-06T02:46:41+0200,719684,Wilds of Eldraine Collector Booster Box,7,Magic Display,5359,0,2023-06-21 14:21:48,690.32,399.9,643.37,,,
2026-07-06,2026-07-06T02:46:41+0200,486979,Zendikar Rising Collector Booster Box,7,Magic Display,3404,0,2020-07-31 14:02:38,303.16,270,313.27,,,
2026-07-07,2026-07-07T02:52:10+0200,565899,Adventures in the Forgotten Realms Collector Booster Box,7,Magic Display,4259,0,2021-05-21 16:59:41,216.93,159,230.68,,,
2026-07-07,2026-07-07T02:52:10+0200,803869,Aetherdrift Collector Booster Box,7,Magic Display,5982,0,2024-12-11 10:59:59,210.18,55,205.68,,,
2026-07-07,2026-07-07T02:52:10+0200,774110,Bloomburrow Collector Booster Box,7,Magic Display,5658,0,2024-06-10 17:18:27,657.67,599.99,616.79,,,
2026-07-07,2026-07-07T02:52:10+0200,492099,Commander Legends Collector Booster Box,7,Magic Display,3454,0,2020-08-24 14:17:37,419,333.33,434.98,,,
2026-07-07,2026-07-07T02:52:10+0200,650825,Commander Legends: Battle for Baldur's Gate Collector Booster Box,7,Magic Display,5030,0,2022-03-29 14:37:06,381.22,268.82,403,,,
2026-07-07,2026-07-07T02:52:10+0200,698962,Commander Masters Collector Booster Box,7,Magic Display,5286,0,2023-02-22 14:58:05,429.96,260,447.13,,,
2026-07-07,2026-07-07T02:52:10+0200,466034,Core 2021 Collector Booster Box,7,Magic Display,3048,0,2020-06-05 10:49:33,244.24,180,239.96,,,
2026-07-07,2026-07-07T02:52:10+0200,681210,Dominaria Remastered Collector Booster Box,7,Magic Display,5192,0,2022-10-25 11:43:55,386.34,339.99,388.3,,,
2026-07-07,2026-07-07T02:52:10+0200,657414,Dominaria United Collector Booster Box,7,Magic Display,5072,0,2022-05-13 16:25:34,243.92,200,233.26,,,
2026-07-07,2026-07-07T02:52:10+0200,657282,Double Masters 2022 Collector Booster Box,7,Magic Display,5070,0,2022-05-13 15:30:40,327.87,260,358.34,,,
2026-07-07,2026-07-07T02:52:10+0200,776442,Duskmourn: House of Horror Collector Booster Box,7,Magic Display,5806,0,2024-07-02 16:45:10,390.97,329.9,399.56,,,
2026-07-07,2026-07-07T02:52:10+0200,813293,Edge of Eternities Collector Booster Box,7,Magic Display,6063,0,2025-02-24 12:46:27,442.14,399,448.57,,,
2026-07-07,2026-07-07T02:52:10+0200,426991,Ikoria: Lair of Behemoths Collector Booster Box,7,Magic Display,2819,0,2019-11-28 16:18:06,313.59,229.9,294.39,,,
2026-07-07,2026-07-07T02:52:10+0200,795092,Innistrad Remastered Collector Booster Box,7,Magic Display,5930,0,2024-10-28 12:31:23,291.21,122,319.64,,,
2026-07-07,2026-07-07T02:52:10+0200,573796,Innistrad: Crimson Vow Collector Booster Box,7,Magic Display,4364,0,2021-08-06 15:04:52,176.37,148,178.7,,,
2026-07-07,2026-07-07T02:52:10+0200,573781,Innistrad: Midnight Hunt Collector Booster Box,7,Magic Display,4362,0,2021-08-06 14:55:33,155.66,128,155.2,,,
2026-07-07,2026-07-07T02:52:10+0200,527325,Kaldheim Collector Booster Box,7,Magic Display,3660,0,2020-12-15 15:30:17,285.38,175,280.29,,,
2026-07-07,2026-07-07T02:52:10+0200,587696,Kamigawa: Neon Dynasty Collector Booster Box,7,Magic Display,4472,0,2021-12-17 11:54:15,335.24,305,331.49,,,
2026-07-07,2026-07-07T02:52:10+0200,851271,Lorwyn Eclipsed Collector Booster Box,7,Magic Display,6325,0,2025-09-29 09:18:52,308.85,250,305.24,,,
2026-07-07,2026-07-07T02:52:10+0200,812573,Magic: The Gathering - FINAL FANTASY Collector Booster Box,7,Magic Display,6057,0,2025-02-19 11:07:32,796.88,640,876.54,,,
2026-07-07,2026-07-07T02:52:10+0200,781941,Magic: The Gathering Foundations Collector Booster Box,7,Magic Display,5852,0,2024-08-07 11:49:07,536.33,329.95,529.99,,,
2026-07-07,2026-07-07T02:52:10+0200,842564,Magic: The Gathering | Avatar: The Last Airbender Collector Booster Box,7,Magic Display,6261,0,2025-08-13 11:34:30,309.51,294,308.07,,,
2026-07-07,2026-07-07T02:52:10+0200,869496,Magic: The Gathering | Marvel Super Heroes Collector Booster Box,7,Magic Display,6476,0,2026-01-28 13:25:37,346.43,260,300,,,
2026-07-07,2026-07-07T02:52:10+0200,814380,Magic: The Gathering | Marvel's Spider-Man Collector Booster Box,7,Magic Display,6070,0,2025-03-03 11:57:58,269.44,279.49,279.11,,,
2026-07-07,2026-07-07T02:52:10+0200,853671,Magic: The Gathering | Teenage Mutant Ninja Turtles Collector Booster Box,7,Magic Display,6345,0,2025-10-13 14:34:50,274.36,239.99,284.1,,,
2026-07-07,2026-07-07T02:52:10+0200,696391,March of the Machine Collector Booster Box,7,Magic Display,5227,0,2023-02-10 22:28:20,364.93,279.9,419.07,,,
2026-07-07,2026-07-07T02:52:10+0200,703885,March of the Machine: The Aftermath Collector Booster Box,7,Magic Display,5320,0,2023-03-31 15:26:44,164.99,93,168.46,,,
2026-07-07,2026-07-07T02:52:10+0200,562095,Modern Horizons 2 Collector Booster Box,7,Magic Display,4219,0,2021-04-27 14:45:19,398.11,333,405.34,,,
2026-07-07,2026-07-07T02:52:10+0200,758483,Modern Horizons 3 Collector Booster Box,7,Magic Display,5652,0,2024-02-26 11:57:51,605.54,449.9,649.96,,,
2026-07-07,2026-07-07T02:52:10+0200,748052,Murders at Karlov Manor Collector Booster Box,7,Magic Display,5561,0,2023-12-06 14:17:20,249.66,199,257.9,,,
2026-07-07,2026-07-07T02:52:10+0200,758326,Outlaws of Thunder Junction Collector Booster Box,7,Magic Display,5647,0,2024-02-24 10:01:37,286.05,190,293.83,,,
2026-07-07,2026-07-07T02:52:10+0200,683494,Phyrexia: All Will Be One Collector Booster Box,7,Magic Display,5184,0,2022-11-04 18:30:08,407.5,318.9,535.94,,,
2026-07-07,2026-07-07T02:52:10+0200,370211,Ravnica Allegiance Collector Booster Box,7,Magic Display,2411,0,2019-02-19 13:48:40,1150,1100,720.25,,,
2026-07-07,2026-07-07T02:52:10+0200,737484,Ravnica Remastered Collector Booster Box,7,Magic Display,5505,0,2023-10-05 11:05:56,887,800,900.97,,,
2026-07-07,2026-07-07T02:52:10+0200,885563,Reality Fracture Collector Booster Box,7,Magic Display,6571,0,2026-05-02 12:17:47,312.24,298.35,305.32,,,
2026-07-07,2026-07-07T02:52:10+0200,869357,Secrets of Strixhaven Collector Booster Box,7,Magic Display,6474,0,2026-01-28 10:47:39,312.96,279.98,315.96,,,
2026-07-07,2026-07-07T02:52:10+0200,611248,Streets of New Capenna Collector Booster Box,7,Magic Display,4975,0,2022-03-04 16:18:49,191.78,159.99,191.55,,,
2026-07-07,2026-07-07T02:52:10+0200,540411,Strixhaven: School of Mages Collector Booster Box,7,Magic Display,3741,0,2021-02-19 14:36:40,370,360,428.42,,,
2026-07-07,2026-07-07T02:52:10+0200,813080,Tarkir: Dragonstorm Collector Booster Box,7,Magic Display,6060,0,2025-02-24 09:46:00,336.21,329.99,343.51,,,
2026-07-07,2026-07-07T02:52:10+0200,677805,The Brothers' War Collector Booster Box,7,Magic Display,5164,0,2022-09-29 11:06:30,501.8,279.9,505.19,,,
2026-07-07,2026-07-07T02:52:10+0200,885552,The Hobbit Collector Booster Box,7,Magic Display,6570,0,2026-05-02 11:28:12,546.63,549.99,556.53,,,
2026-07-07,2026-07-07T02:52:10+0200,698912,The Lord of the Rings: Tales of Middle-earth Collector Booster Box,7,Magic Display,5285,0,2023-02-22 12:27:41,1039.94,1075,1318.4,,,
2026-07-07,2026-07-07T02:52:10+0200,732335,The Lord of the Rings: Tales of Middle-earth Special Edition Collector Booster Box,7,Magic Display,5489,0,2023-09-08 15:57:44,3838.89,8999,6050.68,,,
2026-07-07,2026-07-07T02:52:10+0200,734175,The Lost Caverns of Ixalan Collector Booster Box,7,Magic Display,5490,0,2023-09-23 10:44:56,714.83,675,727.62,,,
2026-07-07,2026-07-07T02:52:10+0200,426911,Theros Beyond Death Collector Booster Box,7,Magic Display,2814,0,2019-11-28 14:23:23,186.9,179.99,195.56,,,
2026-07-07,2026-07-07T02:52:10+0200,398849,Throne of Eldraine Collector Booster Box,7,Magic Display,2582,0,2019-09-04 15:32:27,300,240,267.95,,,
2026-07-07,2026-07-07T02:52:10+0200,586736,Unfinity Collector Booster Box,7,Magic Display,4468,0,2021-11-30 14:50:09,274.87,211.88,273.23,,,
2026-07-07,2026-07-07T02:52:10+0200,758498,Universes Beyond: Assassin's Creed Collector Booster Box,7,Magic Display,5655,0,2024-02-26 14:59:45,308.41,260.2,299.1,,,
2026-07-07,2026-07-07T02:52:10+0200,710800,Universes Beyond: Doctor Who Collector Booster Box,7,Magic Display,5358,0,2023-05-08 09:18:46,371.84,244.95,370.12,,,
2026-07-07,2026-07-07T02:52:10+0200,745340,Universes Beyond: Fallout Collector Booster Box,7,Magic Display,5544,0,2023-11-14 15:21:27,1056.47,722,1035.42,,,
2026-07-07,2026-07-07T02:52:10+0200,719684,Wilds of Eldraine Collector Booster Box,7,Magic Display,5359,0,2023-06-21 14:21:48,690.32,399.9,643.37,,,
2026-07-07,2026-07-07T02:52:10+0200,486979,Zendikar Rising Collector Booster Box,7,Magic Display,3404,0,2020-07-31 14:02:38,303.16,270,313.27,,,
2026-07-08,2026-07-08T02:47:34+0200,565899,Adventures in the Forgotten Realms Collector Booster Box,7,Magic Display,4259,0,2021-05-21 16:59:41,216.93,159,231.76,,,
2026-07-08,2026-07-08T02:47:34+0200,803869,Aetherdrift Collector Booster Box,7,Magic Display,5982,0,2024-12-11 10:59:59,210.18,179.99,205.68,,,
2026-07-08,2026-07-08T02:47:34+0200,774110,Bloomburrow Collector Booster Box,7,Magic Display,5658,0,2024-06-10 17:18:27,657.67,599.99,616.79,,,
2026-07-08,2026-07-08T02:47:34+0200,492099,Commander Legends Collector Booster Box,7,Magic Display,3454,0,2020-08-24 14:17:37,419,333.33,434.98,,,
2026-07-08,2026-07-08T02:47:34+0200,650825,Commander Legends: Battle for Baldur's Gate Collector Booster Box,7,Magic Display,5030,0,2022-03-29 14:37:06,381.22,268.82,410.35,,,
2026-07-08,2026-07-08T02:47:34+0200,698962,Commander Masters Collector Booster Box,7,Magic Display,5286,0,2023-02-22 14:58:05,429.96,260,447.13,,,
2026-07-08,2026-07-08T02:47:34+0200,466034,Core 2021 Collector Booster Box,7,Magic Display,3048,0,2020-06-05 10:49:33,244.24,180,239.73,,,
2026-07-08,2026-07-08T02:47:34+0200,681210,Dominaria Remastered Collector Booster Box,7,Magic Display,5192,0,2022-10-25 11:43:55,386.34,339.99,388.3,,,
2026-07-08,2026-07-08T02:47:34+0200,657414,Dominaria United Collector Booster Box,7,Magic Display,5072,0,2022-05-13 16:25:34,243.92,200,233.39,,,
2026-07-08,2026-07-08T02:47:34+0200,657282,Double Masters 2022 Collector Booster Box,7,Magic Display,5070,0,2022-05-13 15:30:40,327.87,270,358.34,,,
2026-07-08,2026-07-08T02:47:34+0200,776442,Duskmourn: House of Horror Collector Booster Box,7,Magic Display,5806,0,2024-07-02 16:45:10,390.97,329.9,399.56,,,
2026-07-08,2026-07-08T02:47:34+0200,813293,Edge of Eternities Collector Booster Box,7,Magic Display,6063,0,2025-02-24 12:46:27,442.14,399,448.57,,,
2026-07-08,2026-07-08T02:47:34+0200,426991,Ikoria: Lair of Behemoths Collector Booster Box,7,Magic Display,2819,0,2019-11-28 16:18:06,313.59,229.9,302.89,,,
2026-07-08,2026-07-08T02:47:34+0200,795092,Innistrad Remastered Collector Booster Box,7,Magic Display,5930,0,2024-10-28 12:31:23,291.21,249.99,319.64,,,
2026-07-08,2026-07-08T02:47:34+0200,573796,Innistrad: Crimson Vow Collector Booster Box,7,Magic Display,4364,0,2021-08-06 15:04:52,176.37,148,178.7,,,
2026-07-08,2026-07-08T02:47:34+0200,573781,Innistrad: Midnight Hunt Collector Booster Box,7,Magic Display,4362,0,2021-08-06 14:55:33,155.66,128,155.2,,,
2026-07-08,2026-07-08T02:47:34+0200,527325,Kaldheim Collector Booster Box,7,Magic Display,3660,0,2020-12-15 15:30:17,285.38,175,283.23,,,
2026-07-08,2026-07-08T02:47:34+0200,587696,Kamigawa: Neon Dynasty Collector Booster Box,7,Magic Display,4472,0,2021-12-17 11:54:15,335.24,305,332.32,,,
2026-07-08,2026-07-08T02:47:34+0200,851271,Lorwyn Eclipsed Collector Booster Box,7,Magic Display,6325,0,2025-09-29 09:18:52,308.85,250,307.05,,,
2026-07-08,2026-07-08T02:47:34+0200,812573,Magic: The Gathering - FINAL FANTASY Collector Booster Box,7,Magic Display,6057,0,2025-02-19 11:07:32,796.88,649.99,885.56,,,
2026-07-08,2026-07-08T02:47:34+0200,781941,Magic: The Gathering Foundations Collector Booster Box,7,Magic Display,5852,0,2024-08-07 11:49:07,536.33,329.95,529.99,,,
2026-07-08,2026-07-08T02:47:34+0200,842564,Magic: The Gathering | Avatar: The Last Airbender Collector Booster Box,7,Magic Display,6261,0,2025-08-13 11:34:30,309.51,294,312.76,,,
2026-07-08,2026-07-08T02:47:34+0200,869496,Magic: The Gathering | Marvel Super Heroes Collector Booster Box,7,Magic Display,6476,0,2026-01-28 13:25:37,346.43,269.99,297.56,,,
2026-07-08,2026-07-08T02:47:34+0200,814380,Magic: The Gathering | Marvel's Spider-Man Collector Booster Box,7,Magic Display,6070,0,2025-03-03 11:57:58,269.44,279.49,279.11,,,
2026-07-08,2026-07-08T02:47:34+0200,853671,Magic: The Gathering | Teenage Mutant Ninja Turtles Collector Booster Box,7,Magic Display,6345,0,2025-10-13 14:34:50,282.15,239.99,284.1,,,
2026-07-08,2026-07-08T02:47:34+0200,696391,March of the Machine Collector Booster Box,7,Magic Display,5227,0,2023-02-10 22:28:20,364.93,279.9,459.67,,,
2026-07-08,2026-07-08T02:47:34+0200,703885,March of the Machine: The Aftermath Collector Booster Box,7,Magic Display,5320,0,2023-03-31 15:26:44,164.99,93,168.46,,,
2026-07-08,2026-07-08T02:47:34+0200,562095,Modern Horizons 2 Collector Booster Box,7,Magic Display,4219,0,2021-04-27 14:45:19,398.11,333,409.14,,,
2026-07-08,2026-07-08T02:47:34+0200,758483,Modern Horizons 3 Collector Booster Box,7,Magic Display,5652,0,2024-02-26 11:57:51,605.54,449.9,649.96,,,
2026-07-08,2026-07-08T02:47:34+0200,748052,Murders at Karlov Manor Collector Booster Box,7,Magic Display,5561,0,2023-12-06 14:17:20,249.66,199,257.9,,,
2026-07-08,2026-07-08T02:47:34+0200,758326,Outlaws of Thunder Junction Collector Booster Box,7,Magic Display,5647,0,2024-02-24 10:01:37,286.05,190,293.83,,,
2026-07-08,2026-07-08T02:47:34+0200,683494,Phyrexia: All Will Be One Collector Booster Box,7,Magic Display,5184,0,2022-11-04 18:30:08,407.5,318.9,535.94,,,
2026-07-08,2026-07-08T02:47:34+0200,370211,Ravnica Allegiance Collector Booster Box,7,Magic Display,2411,0,2019-02-19 13:48:40,1150,1100,720.25,,,
2026-07-08,2026-07-08T02:47:34+0200,737484,Ravnica Remastered Collector Booster Box,7,Magic Display,5505,0,2023-10-05 11:05:56,887,800,900.97,,,
2026-07-08,2026-07-08T02:47:34+0200,885563,Reality Fracture Collector Booster Box,7,Magic Display,6571,0,2026-05-02 12:17:47,312.24,298.35,305.32,,,
2026-07-08,2026-07-08T02:47:34+0200,869357,Secrets of Strixhaven Collector Booster Box,7,Magic Display,6474,0,2026-01-28 10:47:39,312.96,279.88,318.99,,,
2026-07-08,2026-07-08T02:47:34+0200,611248,Streets of New Capenna Collector Booster Box,7,Magic Display,4975,0,2022-03-04 16:18:49,191.78,159.99,191.55,,,
2026-07-08,2026-07-08T02:47:34+0200,540411,Strixhaven: School of Mages Collector Booster Box,7,Magic Display,3741,0,2021-02-19 14:36:40,382.5,360,428.42,,,
2026-07-08,2026-07-08T02:47:34+0200,813080,Tarkir: Dragonstorm Collector Booster Box,7,Magic Display,6060,0,2025-02-24 09:46:00,336.21,329.99,343.51,,,
2026-07-08,2026-07-08T02:47:34+0200,677805,The Brothers' War Collector Booster Box,7,Magic Display,5164,0,2022-09-29 11:06:30,501.8,279.9,523.12,,,
2026-07-08,2026-07-08T02:47:34+0200,885552,The Hobbit Collector Booster Box,7,Magic Display,6570,0,2026-05-02 11:28:12,546.63,549.99,557.48,,,
2026-07-08,2026-07-08T02:47:34+0200,698912,The Lord of the Rings: Tales of Middle-earth Collector Booster Box,7,Magic Display,5285,0,2023-02-22 12:27:41,1039.94,1250,1330.3,,,
2026-07-08,2026-07-08T02:47:34+0200,732335,The Lord of the Rings: Tales of Middle-earth Special Edition Collector Booster Box,7,Magic Display,5489,0,2023-09-08 15:57:44,3838.89,8999,6290.54,,,
2026-07-08,2026-07-08T02:47:34+0200,734175,The Lost Caverns of Ixalan Collector Booster Box,7,Magic Display,5490,0,2023-09-23 10:44:56,714.83,675,727.62,,,
2026-07-08,2026-07-08T02:47:34+0200,426911,Theros Beyond Death Collector Booster Box,7,Magic Display,2814,0,2019-11-28 14:23:23,186.9,179.99,195.56,,,
2026-07-08,2026-07-08T02:47:34+0200,398849,Throne of Eldraine Collector Booster Box,7,Magic Display,2582,0,2019-09-04 15:32:27,300,240,267.95,,,
2026-07-08,2026-07-08T02:47:34+0200,586736,Unfinity Collector Booster Box,7,Magic Display,4468,0,2021-11-30 14:50:09,274.87,211.88,273.23,,,
2026-07-08,2026-07-08T02:47:34+0200,758498,Universes Beyond: Assassin's Creed Collector Booster Box,7,Magic Display,5655,0,2024-02-26 14:59:45,308.41,265,299.07,,,
2026-07-08,2026-07-08T02:47:34+0200,710800,Universes Beyond: Doctor Who Collector Booster Box,7,Magic Display,5358,0,2023-05-08 09:18:46,371.84,244.95,374.79,,,
2026-07-08,2026-07-08T02:47:34+0200,745340,Universes Beyond: Fallout Collector Booster Box,7,Magic Display,5544,0,2023-11-14 15:21:27,1056.47,900,1045.3,,,
2026-07-08,2026-07-08T02:47:34+0200,719684,Wilds of Eldraine Collector Booster Box,7,Magic Display,5359,0,2023-06-21 14:21:48,690.32,399.9,643.37,,,
2026-07-08,2026-07-08T02:47:34+0200,486979,Zendikar Rising Collector Booster Box,7,Magic Display,3404,0,2020-07-31 14:02:38,303.16,270,313.27,,,
2026-07-09,2026-07-09T02:43:47+0200,565899,Adventures in the Forgotten Realms Collector Booster Box,7,Magic Display,4259,0,2021-05-21 16:59:41,216.93,159,231.76,,,
2026-07-09,2026-07-09T02:43:47+0200,803869,Aetherdrift Collector Booster Box,7,Magic Display,5982,0,2024-12-11 10:59:59,210.18,179.99,207.82,,,
2026-07-09,2026-07-09T02:43:47+0200,774110,Bloomburrow Collector Booster Box,7,Magic Display,5658,0,2024-06-10 17:18:27,657.67,599.99,607.68,,,
2026-07-09,2026-07-09T02:43:47+0200,492099,Commander Legends Collector Booster Box,7,Magic Display,3454,0,2020-08-24 14:17:37,419,333.33,434.98,,,
2026-07-09,2026-07-09T02:43:47+0200,650825,Commander Legends: Battle for Baldur's Gate Collector Booster Box,7,Magic Display,5030,0,2022-03-29 14:37:06,381.22,268.82,416.42,,,
2026-07-09,2026-07-09T02:43:47+0200,698962,Commander Masters Collector Booster Box,7,Magic Display,5286,0,2023-02-22 14:58:05,429.96,260,447.13,,,
2026-07-09,2026-07-09T02:43:47+0200,466034,Core 2021 Collector Booster Box,7,Magic Display,3048,0,2020-06-05 10:49:33,244.24,180,242.63,,,
2026-07-09,2026-07-09T02:43:47+0200,681210,Dominaria Remastered Collector Booster Box,7,Magic Display,5192,0,2022-10-25 11:43:55,386.34,339.99,390.92,,,
2026-07-09,2026-07-09T02:43:47+0200,657414,Dominaria United Collector Booster Box,7,Magic Display,5072,0,2022-05-13 16:25:34,243.92,200,233.39,,,
2026-07-09,2026-07-09T02:43:47+0200,657282,Double Masters 2022 Collector Booster Box,7,Magic Display,5070,0,2022-05-13 15:30:40,327.87,240,350.51,,,
2026-07-09,2026-07-09T02:43:47+0200,776442,Duskmourn: House of Horror Collector Booster Box,7,Magic Display,5806,0,2024-07-02 16:45:10,390.97,329.9,399.56,,,
2026-07-09,2026-07-09T02:43:47+0200,813293,Edge of Eternities Collector Booster Box,7,Magic Display,6063,0,2025-02-24 12:46:27,442.14,399,452.73,,,
2026-07-09,2026-07-09T02:43:47+0200,426991,Ikoria: Lair of Behemoths Collector Booster Box,7,Magic Display,2819,0,2019-11-28 16:18:06,313.59,229.9,302.89,,,
2026-07-09,2026-07-09T02:43:47+0200,795092,Innistrad Remastered Collector Booster Box,7,Magic Display,5930,0,2024-10-28 12:31:23,291.21,249.99,325.67,,,
2026-07-09,2026-07-09T02:43:47+0200,573796,Innistrad: Crimson Vow Collector Booster Box,7,Magic Display,4364,0,2021-08-06 15:04:52,176.37,148,178.7,,,
2026-07-09,2026-07-09T02:43:47+0200,573781,Innistrad: Midnight Hunt Collector Booster Box,7,Magic Display,4362,0,2021-08-06 14:55:33,155.66,128,157.03,,,
2026-07-09,2026-07-09T02:43:47+0200,527325,Kaldheim Collector Booster Box,7,Magic Display,3660,0,2020-12-15 15:30:17,285.38,175,287,,,
2026-07-09,2026-07-09T02:43:47+0200,587696,Kamigawa: Neon Dynasty Collector Booster Box,7,Magic Display,4472,0,2021-12-17 11:54:15,335.24,305,333.47,,,
2026-07-09,2026-07-09T02:43:47+0200,851271,Lorwyn Eclipsed Collector Booster Box,7,Magic Display,6325,0,2025-09-29 09:18:52,308.85,250,307.05,,,
2026-07-09,2026-07-09T02:43:47+0200,812573,Magic: The Gathering - FINAL FANTASY Collector Booster Box,7,Magic Display,6057,0,2025-02-19 11:07:32,796.88,669,895.78,,,
2026-07-09,2026-07-09T02:43:47+0200,781941,Magic: The Gathering Foundations Collector Booster Box,7,Magic Display,5852,0,2024-08-07 11:49:07,536.33,329.95,533.8,,,
2026-07-09,2026-07-09T02:43:47+0200,842564,Magic: The Gathering | Avatar: The Last Airbender Collector Booster Box,7,Magic Display,6261,0,2025-08-13 11:34:30,309.51,294,312.28,,,
2026-07-09,2026-07-09T02:43:47+0200,869496,Magic: The Gathering | Marvel Super Heroes Collector Booster Box,7,Magic Display,6476,0,2026-01-28 13:25:37,346.43,260,297.76,,,
2026-07-09,2026-07-09T02:43:47+0200,814380,Magic: The Gathering | Marvel's Spider-Man Collector Booster Box,7,Magic Display,6070,0,2025-03-03 11:57:58,269.44,279.49,282.3,,,
2026-07-09,2026-07-09T02:43:47+0200,853671,Magic: The Gathering | Teenage Mutant Ninja Turtles Collector Booster Box,7,Magic Display,6345,0,2025-10-13 14:34:50,282.15,239.99,283.64,,,
2026-07-09,2026-07-09T02:43:47+0200,696391,March of the Machine Collector Booster Box,7,Magic Display,5227,0,2023-02-10 22:28:20,364.93,279.9,453.34,,,
2026-07-09,2026-07-09T02:43:47+0200,703885,March of the Machine: The Aftermath Collector Booster Box,7,Magic Display,5320,0,2023-03-31 15:26:44,164.99,93,168.46,,,
2026-07-09,2026-07-09T02:43:47+0200,562095,Modern Horizons 2 Collector Booster Box,7,Magic Display,4219,0,2021-04-27 14:45:19,398.11,395,409.14,,,
2026-07-09,2026-07-09T02:43:47+0200,758483,Modern Horizons 3 Collector Booster Box,7,Magic Display,5652,0,2024-02-26 11:57:51,642.26,449.9,649.96,,,
2026-07-09,2026-07-09T02:43:47+0200,748052,Murders at Karlov Manor Collector Booster Box,7,Magic Display,5561,0,2023-12-06 14:17:20,249.66,199,255.33,,,
2026-07-09,2026-07-09T02:43:47+0200,758326,Outlaws of Thunder Junction Collector Booster Box,7,Magic Display,5647,0,2024-02-24 10:01:37,286.05,190,293.83,,,
2026-07-09,2026-07-09T02:43:47+0200,683494,Phyrexia: All Will Be One Collector Booster Box,7,Magic Display,5184,0,2022-11-04 18:30:08,407.5,318.9,563.41,,,
2026-07-09,2026-07-09T02:43:47+0200,370211,Ravnica Allegiance Collector Booster Box,7,Magic Display,2411,0,2019-02-19 13:48:40,1150,1100,720.25,,,
2026-07-09,2026-07-09T02:43:47+0200,737484,Ravnica Remastered Collector Booster Box,7,Magic Display,5505,0,2023-10-05 11:05:56,887,800,912.59,,,
2026-07-09,2026-07-09T02:43:47+0200,885563,Reality Fracture Collector Booster Box,7,Magic Display,6571,0,2026-05-02 12:17:47,312.24,298.35,305.04,,,
2026-07-09,2026-07-09T02:43:47+0200,869357,Secrets of Strixhaven Collector Booster Box,7,Magic Display,6474,0,2026-01-28 10:47:39,312.96,279.88,318.32,,,
2026-07-09,2026-07-09T02:43:47+0200,611248,Streets of New Capenna Collector Booster Box,7,Magic Display,4975,0,2022-03-04 16:18:49,191.78,159.99,191.55,,,
2026-07-09,2026-07-09T02:43:47+0200,540411,Strixhaven: School of Mages Collector Booster Box,7,Magic Display,3741,0,2021-02-19 14:36:40,382.5,360,428.42,,,
2026-07-09,2026-07-09T02:43:47+0200,813080,Tarkir: Dragonstorm Collector Booster Box,7,Magic Display,6060,0,2025-02-24 09:46:00,336.21,329.99,345.95,,,
2026-07-09,2026-07-09T02:43:47+0200,677805,The Brothers' War Collector Booster Box,7,Magic Display,5164,0,2022-09-29 11:06:30,501.8,279.9,536.1,,,
2026-07-09,2026-07-09T02:43:47+0200,885552,The Hobbit Collector Booster Box,7,Magic Display,6570,0,2026-05-02 11:28:12,546.63,549.99,559.61,,,
2026-07-09,2026-07-09T02:43:47+0200,698912,The Lord of the Rings: Tales of Middle-earth Collector Booster Box,7,Magic Display,5285,0,2023-02-22 12:27:41,1039.94,1400,1357.05,,,
2026-07-09,2026-07-09T02:43:47+0200,732335,The Lord of the Rings: Tales of Middle-earth Special Edition Collector Booster Box,7,Magic Display,5489,0,2023-09-08 15:57:44,3838.89,8700,6690.73,,,
2026-07-09,2026-07-09T02:43:47+0200,734175,The Lost Caverns of Ixalan Collector Booster Box,7,Magic Display,5490,0,2023-09-23 10:44:56,714.83,675,729.64,,,
2026-07-09,2026-07-09T02:43:47+0200,426911,Theros Beyond Death Collector Booster Box,7,Magic Display,2814,0,2019-11-28 14:23:23,186.9,179.99,195.56,,,
2026-07-09,2026-07-09T02:43:47+0200,398849,Throne of Eldraine Collector Booster Box,7,Magic Display,2582,0,2019-09-04 15:32:27,300,240,267.95,,,
2026-07-09,2026-07-09T02:43:47+0200,586736,Unfinity Collector Booster Box,7,Magic Display,4468,0,2021-11-30 14:50:09,274.87,211.88,272.93,,,
2026-07-09,2026-07-09T02:43:47+0200,758498,Universes Beyond: Assassin's Creed Collector Booster Box,7,Magic Display,5655,0,2024-02-26 14:59:45,303.43,265,299.07,,,
2026-07-09,2026-07-09T02:43:47+0200,710800,Universes Beyond: Doctor Who Collector Booster Box,7,Magic Display,5358,0,2023-05-08 09:18:46,371.84,244.95,378.73,,,
2026-07-09,2026-07-09T02:43:47+0200,745340,Universes Beyond: Fallout Collector Booster Box,7,Magic Display,5544,0,2023-11-14 15:21:27,1056.47,900,1045.3,,,
2026-07-09,2026-07-09T02:43:47+0200,719684,Wilds of Eldraine Collector Booster Box,7,Magic Display,5359,0,2023-06-21 14:21:48,690.32,399.9,643.37,,,
2026-07-09,2026-07-09T02:43:47+0200,486979,Zendikar Rising Collector Booster Box,7,Magic Display,3404,0,2020-07-31 14:02:38,303.16,270,313.27,,,
2026-07-10,2026-07-10T02:42:17+0200,565899,Adventures in the Forgotten Realms Collector Booster Box,7,Magic Display,4259,0,2021-05-21 16:59:41,216.93,159,233.86,,,
2026-07-10,2026-07-10T02:42:17+0200,803869,Aetherdrift Collector Booster Box,7,Magic Display,5982,0,2024-12-11 10:59:59,210.18,179.99,207.82,,,
2026-07-10,2026-07-10T02:42:17+0200,774110,Bloomburrow Collector Booster Box,7,Magic Display,5658,0,2024-06-10 17:18:27,657.67,599.99,607.68,,,
2026-07-10,2026-07-10T02:42:17+0200,492099,Commander Legends Collector Booster Box,7,Magic Display,3454,0,2020-08-24 14:17:37,419,333.33,434.98,,,
2026-07-10,2026-07-10T02:42:17+0200,650825,Commander Legends: Battle for Baldur's Gate Collector Booster Box,7,Magic Display,5030,0,2022-03-29 14:37:06,381.22,268.82,416.42,,,
2026-07-10,2026-07-10T02:42:17+0200,698962,Commander Masters Collector Booster Box,7,Magic Display,5286,0,2023-02-22 14:58:05,429.96,399,461.61,,,
2026-07-10,2026-07-10T02:42:17+0200,466034,Core 2021 Collector Booster Box,7,Magic Display,3048,0,2020-06-05 10:49:33,244.24,180,242.72,,,
2026-07-10,2026-07-10T02:42:17+0200,681210,Dominaria Remastered Collector Booster Box,7,Magic Display,5192,0,2022-10-25 11:43:55,386.34,339.99,390.92,,,
2026-07-10,2026-07-10T02:42:17+0200,657414,Dominaria United Collector Booster Box,7,Magic Display,5072,0,2022-05-13 16:25:34,243.92,200,233.77,,,
2026-07-10,2026-07-10T02:42:17+0200,657282,Double Masters 2022 Collector Booster Box,7,Magic Display,5070,0,2022-05-13 15:30:40,327.87,275,356.76,,,
2026-07-10,2026-07-10T02:42:17+0200,776442,Duskmourn: House of Horror Collector Booster Box,7,Magic Display,5806,0,2024-07-02 16:45:10,390.97,329.9,402.71,,,
2026-07-10,2026-07-10T02:42:17+0200,813293,Edge of Eternities Collector Booster Box,7,Magic Display,6063,0,2025-02-24 12:46:27,442.14,399,456.22,,,
2026-07-10,2026-07-10T02:42:17+0200,426991,Ikoria: Lair of Behemoths Collector Booster Box,7,Magic Display,2819,0,2019-11-28 16:18:06,313.59,229.9,308.97,,,
2026-07-10,2026-07-10T02:42:17+0200,795092,Innistrad Remastered Collector Booster Box,7,Magic Display,5930,0,2024-10-28 12:31:23,291.21,249.99,325.67,,,
2026-07-10,2026-07-10T02:42:17+0200,573796,Innistrad: Crimson Vow Collector Booster Box,7,Magic Display,4364,0,2021-08-06 15:04:52,176.37,148,178.45,,,
2026-07-10,2026-07-10T02:42:17+0200,573781,Innistrad: Midnight Hunt Collector Booster Box,7,Magic Display,4362,0,2021-08-06 14:55:33,155.66,128,157.03,,,
2026-07-10,2026-07-10T02:42:17+0200,527325,Kaldheim Collector Booster Box,7,Magic Display,3660,0,2020-12-15 15:30:17,285.38,175,288.56,,,
2026-07-10,2026-07-10T02:42:17+0200,587696,Kamigawa: Neon Dynasty Collector Booster Box,7,Magic Display,4472,0,2021-12-17 11:54:15,335.24,305,332.4,,,
2026-07-10,2026-07-10T02:42:17+0200,851271,Lorwyn Eclipsed Collector Booster Box,7,Magic Display,6325,0,2025-09-29 09:18:52,308.85,250,306.45,,,
2026-07-10,2026-07-10T02:42:17+0200,812573,Magic: The Gathering - FINAL FANTASY Collector Booster Box,7,Magic Display,6057,0,2025-02-19 11:07:32,796.88,679.99,909.98,,,
2026-07-10,2026-07-10T02:42:17+0200,781941,Magic: The Gathering Foundations Collector Booster Box,7,Magic Display,5852,0,2024-08-07 11:49:07,536.33,329.95,537.75,,,
2026-07-10,2026-07-10T02:42:17+0200,842564,Magic: The Gathering | Avatar: The Last Airbender Collector Booster Box,7,Magic Display,6261,0,2025-08-13 11:34:30,309.51,294,313.29,,,
2026-07-10,2026-07-10T02:42:17+0200,869496,Magic: The Gathering | Marvel Super Heroes Collector Booster Box,7,Magic Display,6476,0,2026-01-28 13:25:37,346.43,260,297.19,,,
2026-07-10,2026-07-10T02:42:17+0200,814380,Magic: The Gathering | Marvel's Spider-Man Collector Booster Box,7,Magic Display,6070,0,2025-03-03 11:57:58,269.44,279.49,299.21,,,
2026-07-10,2026-07-10T02:42:17+0200,853671,Magic: The Gathering | Teenage Mutant Ninja Turtles Collector Booster Box,7,Magic Display,6345,0,2025-10-13 14:34:50,282.15,239.99,279.16,,,
2026-07-10,2026-07-10T02:42:17+0200,696391,March of the Machine Collector Booster Box,7,Magic Display,5227,0,2023-02-10 22:28:20,364.93,279.9,453.34,,,
2026-07-10,2026-07-10T02:42:17+0200,703885,March of the Machine: The Aftermath Collector Booster Box,7,Magic Display,5320,0,2023-03-31 15:26:44,164.99,93,168.46,,,
2026-07-10,2026-07-10T02:42:17+0200,562095,Modern Horizons 2 Collector Booster Box,7,Magic Display,4219,0,2021-04-27 14:45:19,398.11,398.56,412.13,,,
2026-07-10,2026-07-10T02:42:17+0200,758483,Modern Horizons 3 Collector Booster Box,7,Magic Display,5652,0,2024-02-26 11:57:51,642.26,449.9,659.75,,,
2026-07-10,2026-07-10T02:42:17+0200,748052,Murders at Karlov Manor Collector Booster Box,7,Magic Display,5561,0,2023-12-06 14:17:20,249.66,199,255.33,,,
2026-07-10,2026-07-10T02:42:17+0200,758326,Outlaws of Thunder Junction Collector Booster Box,7,Magic Display,5647,0,2024-02-24 10:01:37,286.05,190,299.08,,,
2026-07-10,2026-07-10T02:42:17+0200,683494,Phyrexia: All Will Be One Collector Booster Box,7,Magic Display,5184,0,2022-11-04 18:30:08,407.5,318.9,581.55,,,
2026-07-10,2026-07-10T02:42:17+0200,370211,Ravnica Allegiance Collector Booster Box,7,Magic Display,2411,0,2019-02-19 13:48:40,1150,1100,720.25,,,
2026-07-10,2026-07-10T02:42:17+0200,737484,Ravnica Remastered Collector Booster Box,7,Magic Display,5505,0,2023-10-05 11:05:56,887,800,912.59,,,
2026-07-10,2026-07-10T02:42:17+0200,885563,Reality Fracture Collector Booster Box,7,Magic Display,6571,0,2026-05-02 12:17:47,312.24,298.35,305.54,,,
2026-07-10,2026-07-10T02:42:17+0200,869357,Secrets of Strixhaven Collector Booster Box,7,Magic Display,6474,0,2026-01-28 10:47:39,312.96,279.88,317.44,,,
2026-07-10,2026-07-10T02:42:17+0200,611248,Streets of New Capenna Collector Booster Box,7,Magic Display,4975,0,2022-03-04 16:18:49,191.78,159.99,192.05,,,
2026-07-10,2026-07-10T02:42:17+0200,540411,Strixhaven: School of Mages Collector Booster Box,7,Magic Display,3741,0,2021-02-19 14:36:40,382.5,360,428.42,,,
2026-07-10,2026-07-10T02:42:17+0200,813080,Tarkir: Dragonstorm Collector Booster Box,7,Magic Display,6060,0,2025-02-24 09:46:00,336.21,329.99,345.95,,,
2026-07-10,2026-07-10T02:42:17+0200,677805,The Brothers' War Collector Booster Box,7,Magic Display,5164,0,2022-09-29 11:06:30,501.8,279.9,536.1,,,
2026-07-10,2026-07-10T02:42:17+0200,885552,The Hobbit Collector Booster Box,7,Magic Display,6570,0,2026-05-02 11:28:12,546.63,575,565.54,,,
2026-07-10,2026-07-10T02:42:17+0200,698912,The Lord of the Rings: Tales of Middle-earth Collector Booster Box,7,Magic Display,5285,0,2023-02-22 12:27:41,1331.93,1400,1378.04,,,
2026-07-10,2026-07-10T02:42:17+0200,732335,The Lord of the Rings: Tales of Middle-earth Special Edition Collector Booster Box,7,Magic Display,5489,0,2023-09-08 15:57:44,3838.89,8575,6690.73,,,
2026-07-10,2026-07-10T02:42:17+0200,734175,The Lost Caverns of Ixalan Collector Booster Box,7,Magic Display,5490,0,2023-09-23 10:44:56,714.83,675,728.58,,,
2026-07-10,2026-07-10T02:42:17+0200,426911,Theros Beyond Death Collector Booster Box,7,Magic Display,2814,0,2019-11-28 14:23:23,204.14,198.9,196.4,,,
2026-07-10,2026-07-10T02:42:17+0200,398849,Throne of Eldraine Collector Booster Box,7,Magic Display,2582,0,2019-09-04 15:32:27,300,245,267.95,,,
2026-07-10,2026-07-10T02:42:17+0200,586736,Unfinity Collector Booster Box,7,Magic Display,4468,0,2021-11-30 14:50:09,274.87,211.88,272.93,,,
2026-07-10,2026-07-10T02:42:17+0200,758498,Universes Beyond: Assassin's Creed Collector Booster Box,7,Magic Display,5655,0,2024-02-26 14:59:45,303.43,265,298.19,,,
2026-07-10,2026-07-10T02:42:17+0200,710800,Universes Beyond: Doctor Who Collector Booster Box,7,Magic Display,5358,0,2023-05-08 09:18:46,371.84,239.99,383.21,,,
2026-07-10,2026-07-10T02:42:17+0200,745340,Universes Beyond: Fallout Collector Booster Box,7,Magic Display,5544,0,2023-11-14 15:21:27,1056.47,900,1045.3,,,
2026-07-10,2026-07-10T02:42:17+0200,719684,Wilds of Eldraine Collector Booster Box,7,Magic Display,5359,0,2023-06-21 14:21:48,690.32,399.9,643.37,,,
2026-07-10,2026-07-10T02:42:17+0200,486979,Zendikar Rising Collector Booster Box,7,Magic Display,3404,0,2020-07-31 14:02:38,303.16,270,319.84,,,
2026-07-11,2026-07-11T02:48:47+0200,565899,Adventures in the Forgotten Realms Collector Booster Box,7,Magic Display,4259,0,2021-05-21 16:59:41,216.93,159,233.86,,,
2026-07-11,2026-07-11T02:48:47+0200,803869,Aetherdrift Collector Booster Box,7,Magic Display,5982,0,2024-12-11 10:59:59,210.18,179.99,207.82,,,
2026-07-11,2026-07-11T02:48:47+0200,774110,Bloomburrow Collector Booster Box,7,Magic Display,5658,0,2024-06-10 17:18:27,657.67,599.99,609.56,,,
2026-07-11,2026-07-11T02:48:47+0200,492099,Commander Legends Collector Booster Box,7,Magic Display,3454,0,2020-08-24 14:17:37,419,333.33,434.98,,,
2026-07-11,2026-07-11T02:48:47+0200,650825,Commander Legends: Battle for Baldur's Gate Collector Booster Box,7,Magic Display,5030,0,2022-03-29 14:37:06,381.22,268.82,416.42,,,
2026-07-11,2026-07-11T02:48:47+0200,698962,Commander Masters Collector Booster Box,7,Magic Display,5286,0,2023-02-22 14:58:05,429.96,260,461.61,,,
2026-07-11,2026-07-11T02:48:47+0200,466034,Core 2021 Collector Booster Box,7,Magic Display,3048,0,2020-06-05 10:49:33,244.24,180,242.72,,,
2026-07-11,2026-07-11T02:48:47+0200,681210,Dominaria Remastered Collector Booster Box,7,Magic Display,5192,0,2022-10-25 11:43:55,386.34,339.99,390.92,,,
2026-07-11,2026-07-11T02:48:47+0200,657414,Dominaria United Collector Booster Box,7,Magic Display,5072,0,2022-05-13 16:25:34,243.92,200,234.28,,,
2026-07-11,2026-07-11T02:48:47+0200,657282,Double Masters 2022 Collector Booster Box,7,Magic Display,5070,0,2022-05-13 15:30:40,327.87,275,356.76,,,
2026-07-11,2026-07-11T02:48:47+0200,776442,Duskmourn: House of Horror Collector Booster Box,7,Magic Display,5806,0,2024-07-02 16:45:10,390.97,329.9,402.71,,,
2026-07-11,2026-07-11T02:48:47+0200,813293,Edge of Eternities Collector Booster Box,7,Magic Display,6063,0,2025-02-24 12:46:27,442.14,399,456.87,,,
2026-07-11,2026-07-11T02:48:47+0200,426991,Ikoria: Lair of Behemoths Collector Booster Box,7,Magic Display,2819,0,2019-11-28 16:18:06,313.59,229.9,311.15,,,
2026-07-11,2026-07-11T02:48:47+0200,795092,Innistrad Remastered Collector Booster Box,7,Magic Display,5930,0,2024-10-28 12:31:23,291.21,249.99,329.31,,,
2026-07-11,2026-07-11T02:48:47+0200,573796,Innistrad: Crimson Vow Collector Booster Box,7,Magic Display,4364,0,2021-08-06 15:04:52,176.37,148,178.76,,,
2026-07-11,2026-07-11T02:48:47+0200,573781,Innistrad: Midnight Hunt Collector Booster Box,7,Magic Display,4362,0,2021-08-06 14:55:33,155.66,128,157.03,,,
2026-07-11,2026-07-11T02:48:47+0200,527325,Kaldheim Collector Booster Box,7,Magic Display,3660,0,2020-12-15 15:30:17,285.38,175,288.56,,,
2026-07-11,2026-07-11T02:48:47+0200,587696,Kamigawa: Neon Dynasty Collector Booster Box,7,Magic Display,4472,0,2021-12-17 11:54:15,335.24,305,332.07,,,
2026-07-11,2026-07-11T02:48:47+0200,851271,Lorwyn Eclipsed Collector Booster Box,7,Magic Display,6325,0,2025-09-29 09:18:52,308.85,250,304.92,,,
2026-07-11,2026-07-11T02:48:47+0200,812573,Magic: The Gathering - FINAL FANTASY Collector Booster Box,7,Magic Display,6057,0,2025-02-19 11:07:32,796.88,344,913.16,,,
2026-07-11,2026-07-11T02:48:47+0200,781941,Magic: The Gathering Foundations Collector Booster Box,7,Magic Display,5852,0,2024-08-07 11:49:07,536.33,329.95,537.75,,,
2026-07-11,2026-07-11T02:48:47+0200,842564,Magic: The Gathering | Avatar: The Last Airbender Collector Booster Box,7,Magic Display,6261,0,2025-08-13 11:34:30,309.51,294,314.49,,,
2026-07-11,2026-07-11T02:48:47+0200,869496,Magic: The Gathering | Marvel Super Heroes Collector Booster Box,7,Magic Display,6476,0,2026-01-28 13:25:37,346.43,275.99,295.27,,,
2026-07-11,2026-07-11T02:48:47+0200,814380,Magic: The Gathering | Marvel's Spider-Man Collector Booster Box,7,Magic Display,6070,0,2025-03-03 11:57:58,269.44,122,298.67,,,
2026-07-11,2026-07-11T02:48:47+0200,853671,Magic: The Gathering | Teenage Mutant Ninja Turtles Collector Booster Box,7,Magic Display,6345,0,2025-10-13 14:34:50,282.15,144,276.29,,,
2026-07-11,2026-07-11T02:48:47+0200,696391,March of the Machine Collector Booster Box,7,Magic Display,5227,0,2023-02-10 22:28:20,364.93,280,453.34,,,
2026-07-11,2026-07-11T02:48:47+0200,703885,March of the Machine: The Aftermath Collector Booster Box,7,Magic Display,5320,0,2023-03-31 15:26:44,164.99,93,168.46,,,
2026-07-11,2026-07-11T02:48:47+0200,562095,Modern Horizons 2 Collector Booster Box,7,Magic Display,4219,0,2021-04-27 14:45:19,398.11,398.56,412.13,,,
2026-07-11,2026-07-11T02:48:47+0200,758483,Modern Horizons 3 Collector Booster Box,7,Magic Display,5652,0,2024-02-26 11:57:51,642.26,211,659.75,,,
2026-07-11,2026-07-11T02:48:47+0200,748052,Murders at Karlov Manor Collector Booster Box,7,Magic Display,5561,0,2023-12-06 14:17:20,249.66,199,256.57,,,
2026-07-11,2026-07-11T02:48:47+0200,758326,Outlaws of Thunder Junction Collector Booster Box,7,Magic Display,5647,0,2024-02-24 10:01:37,286.05,190,301.81,,,
2026-07-11,2026-07-11T02:48:47+0200,683494,Phyrexia: All Will Be One Collector Booster Box,7,Magic Display,5184,0,2022-11-04 18:30:08,407.5,318.9,581.55,,,
2026-07-11,2026-07-11T02:48:47+0200,370211,Ravnica Allegiance Collector Booster Box,7,Magic Display,2411,0,2019-02-19 13:48:40,1150,1100,720.25,,,
2026-07-11,2026-07-11T02:48:47+0200,737484,Ravnica Remastered Collector Booster Box,7,Magic Display,5505,0,2023-10-05 11:05:56,981.55,800,923.05,,,
2026-07-11,2026-07-11T02:48:47+0200,885563,Reality Fracture Collector Booster Box,7,Magic Display,6571,0,2026-05-02 12:17:47,312.24,299.5,305.08,,,
2026-07-11,2026-07-11T02:48:47+0200,869357,Secrets of Strixhaven Collector Booster Box,7,Magic Display,6474,0,2026-01-28 10:47:39,312.96,279.88,318.31,,,
2026-07-11,2026-07-11T02:48:47+0200,611248,Streets of New Capenna Collector Booster Box,7,Magic Display,4975,0,2022-03-04 16:18:49,191.78,159.99,192.05,,,
2026-07-11,2026-07-11T02:48:47+0200,540411,Strixhaven: School of Mages Collector Booster Box,7,Magic Display,3741,0,2021-02-19 14:36:40,382.5,382.99,428.42,,,
2026-07-11,2026-07-11T02:48:47+0200,813080,Tarkir: Dragonstorm Collector Booster Box,7,Magic Display,6060,0,2025-02-24 09:46:00,336.21,158,347.87,,,
2026-07-11,2026-07-11T02:48:47+0200,677805,The Brothers' War Collector Booster Box,7,Magic Display,5164,0,2022-09-29 11:06:30,501.8,299.9,542.54,,,
2026-07-11,2026-07-11T02:48:47+0200,885552,The Hobbit Collector Booster Box,7,Magic Display,6570,0,2026-05-02 11:28:12,546.63,575,570.09,,,
2026-07-11,2026-07-11T02:48:47+0200,698912,The Lord of the Rings: Tales of Middle-earth Collector Booster Box,7,Magic Display,5285,0,2023-02-22 12:27:41,1331.93,1400,1411.42,,,
2026-07-11,2026-07-11T02:48:47+0200,732335,The Lord of the Rings: Tales of Middle-earth Special Edition Collector Booster Box,7,Magic Display,5489,0,2023-09-08 15:57:44,6433.79,8575,6690.73,,,
2026-07-11,2026-07-11T02:48:47+0200,734175,The Lost Caverns of Ixalan Collector Booster Box,7,Magic Display,5490,0,2023-09-23 10:44:56,714.83,675,735.75,,,
2026-07-11,2026-07-11T02:48:47+0200,426911,Theros Beyond Death Collector Booster Box,7,Magic Display,2814,0,2019-11-28 14:23:23,204.14,198.9,197.81,,,
2026-07-11,2026-07-11T02:48:47+0200,398849,Throne of Eldraine Collector Booster Box,7,Magic Display,2582,0,2019-09-04 15:32:27,271.11,240,267.95,,,
2026-07-11,2026-07-11T02:48:47+0200,586736,Unfinity Collector Booster Box,7,Magic Display,4468,0,2021-11-30 14:50:09,274.87,211.88,274.49,,,
2026-07-11,2026-07-11T02:48:47+0200,758498,Universes Beyond: Assassin's Creed Collector Booster Box,7,Magic Display,5655,0,2024-02-26 14:59:45,303.43,144,297.62,,,
2026-07-11,2026-07-11T02:48:47+0200,710800,Universes Beyond: Doctor Who Collector Booster Box,7,Magic Display,5358,0,2023-05-08 09:18:46,371.84,239.99,383.21,,,
2026-07-11,2026-07-11T02:48:47+0200,745340,Universes Beyond: Fallout Collector Booster Box,7,Magic Display,5544,0,2023-11-14 15:21:27,1056.47,900,1045.3,,,
2026-07-11,2026-07-11T02:48:47+0200,719684,Wilds of Eldraine Collector Booster Box,7,Magic Display,5359,0,2023-06-21 14:21:48,586.62,399.9,643.37,,,
2026-07-11,2026-07-11T02:48:47+0200,486979,Zendikar Rising Collector Booster Box,7,Magic Display,3404,0,2020-07-31 14:02:38,303.16,270,321.12,,,
2026-07-12,2026-07-12T02:48:05+0200,565899,Adventures in the Forgotten Realms Collector Booster Box,7,Magic Display,4259,0,2021-05-21 16:59:41,216.93,77,236.49,,,
2026-07-12,2026-07-12T02:48:05+0200,803869,Aetherdrift Collector Booster Box,7,Magic Display,5982,0,2024-12-11 10:59:59,210.18,77,207.39,,,
2026-07-12,2026-07-12T02:48:05+0200,774110,Bloomburrow Collector Booster Box,7,Magic Display,5658,0,2024-06-10 17:18:27,657.67,599.99,609.56,,,
2026-07-12,2026-07-12T02:48:05+0200,492099,Commander Legends Collector Booster Box,7,Magic Display,3454,0,2020-08-24 14:17:37,419,349,451.08,,,
2026-07-12,2026-07-12T02:48:05+0200,650825,Commander Legends: Battle for Baldur's Gate Collector Booster Box,7,Magic Display,5030,0,2022-03-29 14:37:06,381.22,122,423.9,,,
2026-07-12,2026-07-12T02:48:05+0200,698962,Commander Masters Collector Booster Box,7,Magic Display,5286,0,2023-02-22 14:58:05,429.96,260,461.61,,,
2026-07-12,2026-07-12T02:48:05+0200,466034,Core 2021 Collector Booster Box,7,Magic Display,3048,0,2020-06-05 10:49:33,244.24,180,246.07,,,
2026-07-12,2026-07-12T02:48:05+0200,681210,Dominaria Remastered Collector Booster Box,7,Magic Display,5192,0,2022-10-25 11:43:55,386.34,339.99,390.92,,,
2026-07-12,2026-07-12T02:48:05+0200,657414,Dominaria United Collector Booster Box,7,Magic Display,5072,0,2022-05-13 16:25:34,243.92,200,233.81,,,
2026-07-12,2026-07-12T02:48:05+0200,657282,Double Masters 2022 Collector Booster Box,7,Magic Display,5070,0,2022-05-13 15:30:40,327.87,144,326.76,,,
2026-07-12,2026-07-12T02:48:05+0200,776442,Duskmourn: House of Horror Collector Booster Box,7,Magic Display,5806,0,2024-07-02 16:45:10,390.97,329.9,402.71,,,
2026-07-12,2026-07-12T02:48:05+0200,813293,Edge of Eternities Collector Booster Box,7,Magic Display,6063,0,2025-02-24 12:46:27,442.14,399,455.18,,,
2026-07-12,2026-07-12T02:48:05+0200,426991,Ikoria: Lair of Behemoths Collector Booster Box,7,Magic Display,2819,0,2019-11-28 16:18:06,313.59,144,319,,,
2026-07-12,2026-07-12T02:48:05+0200,795092,Innistrad Remastered Collector Booster Box,7,Magic Display,5930,0,2024-10-28 12:31:23,291.21,77,324.27,,,
2026-07-12,2026-07-12T02:48:05+0200,573796,Innistrad: Crimson Vow Collector Booster Box,7,Magic Display,4364,0,2021-08-06 15:04:52,176.37,148,178.76,,,
2026-07-12,2026-07-12T02:48:05+0200,573781,Innistrad: Midnight Hunt Collector Booster Box,7,Magic Display,4362,0,2021-08-06 14:55:33,155.66,77,157.03,,,
2026-07-12,2026-07-12T02:48:05+0200,527325,Kaldheim Collector Booster Box,7,Magic Display,3660,0,2020-12-15 15:30:17,285.38,175,288.56,,,
2026-07-12,2026-07-12T02:48:05+0200,587696,Kamigawa: Neon Dynasty Collector Booster Box,7,Magic Display,4472,0,2021-12-17 11:54:15,335.24,305,335.68,,,
2026-07-12,2026-07-12T02:48:05+0200,851271,Lorwyn Eclipsed Collector Booster Box,7,Magic Display,6325,0,2025-09-29 09:18:52,308.85,122,301.95,,,
2026-07-12,2026-07-12T02:48:05+0200,812573,Magic: The Gathering - FINAL FANTASY Collector Booster Box,7,Magic Display,6057,0,2025-02-19 11:07:32,881.16,344,921.22,,,
2026-07-12,2026-07-12T02:48:05+0200,781941,Magic: The Gathering Foundations Collector Booster Box,7,Magic Display,5852,0,2024-08-07 11:49:07,536.33,329.95,537.75,,,
2026-07-12,2026-07-12T02:48:05+0200,842564,Magic: The Gathering | Avatar: The Last Airbender Collector Booster Box,7,Magic Display,6261,0,2025-08-13 11:34:30,309.51,114,315.78,,,
2026-07-12,2026-07-12T02:48:05+0200,869496,Magic: The Gathering | Marvel Super Heroes Collector Booster Box,7,Magic Display,6476,0,2026-01-28 13:25:37,324.09,122,297.18,,,
2026-07-12,2026-07-12T02:48:05+0200,814380,Magic: The Gathering | Marvel's Spider-Man Collector Booster Box,7,Magic Display,6070,0,2025-03-03 11:57:58,284.83,122,298.67,,,
2026-07-12,2026-07-12T02:48:05+0200,853671,Magic: The Gathering | Teenage Mutant Ninja Turtles Collector Booster Box,7,Magic Display,6345,0,2025-10-13 14:34:50,282.15,144,274.07,,,
2026-07-12,2026-07-12T02:48:05+0200,696391,March of the Machine Collector Booster Box,7,Magic Display,5227,0,2023-02-10 22:28:20,364.93,280,453.34,,,
2026-07-12,2026-07-12T02:48:05+0200,703885,March of the Machine: The Aftermath Collector Booster Box,7,Magic Display,5320,0,2023-03-31 15:26:44,164.99,55,167.56,,,
2026-07-12,2026-07-12T02:48:05+0200,562095,Modern Horizons 2 Collector Booster Box,7,Magic Display,4219,0,2021-04-27 14:45:19,398.11,155,416.69,,,
2026-07-12,2026-07-12T02:48:05+0200,758483,Modern Horizons 3 Collector Booster Box,7,Magic Display,5652,0,2024-02-26 11:57:51,642.26,211,659.75,,,
2026-07-12,2026-07-12T02:48:05+0200,748052,Murders at Karlov Manor Collector Booster Box,7,Magic Display,5561,0,2023-12-06 14:17:20,249.66,122,256.4,,,
2026-07-12,2026-07-12T02:48:05+0200,758326,Outlaws of Thunder Junction Collector Booster Box,7,Magic Display,5647,0,2024-02-24 10:01:37,286.05,58,306.99,,,
2026-07-12,2026-07-12T02:48:05+0200,683494,Phyrexia: All Will Be One Collector Booster Box,7,Magic Display,5184,0,2022-11-04 18:30:08,407.5,155,581.55,,,
2026-07-12,2026-07-12T02:48:05+0200,370211,Ravnica Allegiance Collector Booster Box,7,Magic Display,2411,0,2019-02-19 13:48:40,1174.5,1100,720.25,,,
2026-07-12,2026-07-12T02:48:05+0200,737484,Ravnica Remastered Collector Booster Box,7,Magic Display,5505,0,2023-10-05 11:05:56,981.55,800,923.05,,,
2026-07-12,2026-07-12T02:48:05+0200,885563,Reality Fracture Collector Booster Box,7,Magic Display,6571,0,2026-05-02 12:17:47,312.24,299.5,306.13,,,
2026-07-12,2026-07-12T02:48:05+0200,869357,Secrets of Strixhaven Collector Booster Box,7,Magic Display,6474,0,2026-01-28 10:47:39,315.7,125,319.18,,,
2026-07-12,2026-07-12T02:48:05+0200,611248,Streets of New Capenna Collector Booster Box,7,Magic Display,4975,0,2022-03-04 16:18:49,191.78,159.99,192.05,,,
2026-07-12,2026-07-12T02:48:05+0200,540411,Strixhaven: School of Mages Collector Booster Box,7,Magic Display,3741,0,2021-02-19 14:36:40,382.5,389,423.39,,,
2026-07-12,2026-07-12T02:48:05+0200,813080,Tarkir: Dragonstorm Collector Booster Box,7,Magic Display,6060,0,2025-02-24 09:46:00,336.21,158,347.56,,,
2026-07-12,2026-07-12T02:48:05+0200,677805,The Brothers' War Collector Booster Box,7,Magic Display,5164,0,2022-09-29 11:06:30,501.8,299.9,542.54,,,
2026-07-12,2026-07-12T02:48:05+0200,885552,The Hobbit Collector Booster Box,7,Magic Display,6570,0,2026-05-02 11:28:12,546.63,579.79,572.61,,,
2026-07-12,2026-07-12T02:48:05+0200,698912,The Lord of the Rings: Tales of Middle-earth Collector Booster Box,7,Magic Display,5285,0,2023-02-22 12:27:41,1331.93,588,1472.72,,,
2026-07-12,2026-07-12T02:48:05+0200,732335,The Lord of the Rings: Tales of Middle-earth Special Edition Collector Booster Box,7,Magic Display,5489,0,2023-09-08 15:57:44,6433.79,8600,6690.73,,,
2026-07-12,2026-07-12T02:48:05+0200,734175,The Lost Caverns of Ixalan Collector Booster Box,7,Magic Display,5490,0,2023-09-23 10:44:56,714.83,288,735.75,,,
2026-07-12,2026-07-12T02:48:05+0200,426911,Theros Beyond Death Collector Booster Box,7,Magic Display,2814,0,2019-11-28 14:23:23,204.14,122,199.75,,,
2026-07-12,2026-07-12T02:48:05+0200,398849,Throne of Eldraine Collector Booster Box,7,Magic Display,2582,0,2019-09-04 15:32:27,271.11,240,267.95,,,
2026-07-12,2026-07-12T02:48:05+0200,586736,Unfinity Collector Booster Box,7,Magic Display,4468,0,2021-11-30 14:50:09,274.87,211.88,275.6,,,
2026-07-12,2026-07-12T02:48:05+0200,758498,Universes Beyond: Assassin's Creed Collector Booster Box,7,Magic Display,5655,0,2024-02-26 14:59:45,303.43,144,298.69,,,
2026-07-12,2026-07-12T02:48:05+0200,710800,Universes Beyond: Doctor Who Collector Booster Box,7,Magic Display,5358,0,2023-05-08 09:18:46,371.84,239.99,390.47,,,
2026-07-12,2026-07-12T02:48:05+0200,745340,Universes Beyond: Fallout Collector Booster Box,7,Magic Display,5544,0,2023-11-14 15:21:27,1056.47,788,1045.3,,,
2026-07-12,2026-07-12T02:48:05+0200,719684,Wilds of Eldraine Collector Booster Box,7,Magic Display,5359,0,2023-06-21 14:21:48,586.62,399.9,643.37,,,
2026-07-12,2026-07-12T02:48:05+0200,486979,Zendikar Rising Collector Booster Box,7,Magic Display,3404,0,2020-07-31 14:02:38,316.54,122,321.12,,,
2026-07-13,2026-07-13T02:43:46+0200,565899,Adventures in the Forgotten Realms Collector Booster Box,7,Magic Display,4259,0,2021-05-21 16:59:41,223.36,77,234.02,,,
2026-07-13,2026-07-13T02:43:46+0200,803869,Aetherdrift Collector Booster Box,7,Magic Display,5982,0,2024-12-11 10:59:59,210.18,77,208.28,,,
2026-07-13,2026-07-13T02:43:46+0200,774110,Bloomburrow Collector Booster Box,7,Magic Display,5658,0,2024-06-10 17:18:27,657.67,599.99,609.56,,,
2026-07-13,2026-07-13T02:43:46+0200,492099,Commander Legends Collector Booster Box,7,Magic Display,3454,0,2020-08-24 14:17:37,419,349,451.08,,,
2026-07-13,2026-07-13T02:43:46+0200,650825,Commander Legends: Battle for Baldur's Gate Collector Booster Box,7,Magic Display,5030,0,2022-03-29 14:37:06,381.22,122,423.9,,,
2026-07-13,2026-07-13T02:43:46+0200,698962,Commander Masters Collector Booster Box,7,Magic Display,5286,0,2023-02-22 14:58:05,429.96,260,461.61,,,
2026-07-13,2026-07-13T02:43:46+0200,466034,Core 2021 Collector Booster Box,7,Magic Display,3048,0,2020-06-05 10:49:33,244.24,180,246.07,,,
2026-07-13,2026-07-13T02:43:46+0200,681210,Dominaria Remastered Collector Booster Box,7,Magic Display,5192,0,2022-10-25 11:43:55,386.34,339.99,390.92,,,
2026-07-13,2026-07-13T02:43:46+0200,657414,Dominaria United Collector Booster Box,7,Magic Display,5072,0,2022-05-13 16:25:34,243.92,200,234.21,,,
2026-07-13,2026-07-13T02:43:46+0200,657282,Double Masters 2022 Collector Booster Box,7,Magic Display,5070,0,2022-05-13 15:30:40,327.87,144,326.76,,,
2026-07-13,2026-07-13T02:43:46+0200,776442,Duskmourn: House of Horror Collector Booster Box,7,Magic Display,5806,0,2024-07-02 16:45:10,390.97,329.9,402.71,,,
2026-07-13,2026-07-13T02:43:46+0200,813293,Edge of Eternities Collector Booster Box,7,Magic Display,6063,0,2025-02-24 12:46:27,442.14,399.9,455.18,,,
2026-07-13,2026-07-13T02:43:46+0200,426991,Ikoria: Lair of Behemoths Collector Booster Box,7,Magic Display,2819,0,2019-11-28 16:18:06,313.59,144,319,,,
2026-07-13,2026-07-13T02:43:46+0200,795092,Innistrad Remastered Collector Booster Box,7,Magic Display,5930,0,2024-10-28 12:31:23,291.21,77,324.27,,,
2026-07-13,2026-07-13T02:43:46+0200,573796,Innistrad: Crimson Vow Collector Booster Box,7,Magic Display,4364,0,2021-08-06 15:04:52,176.37,148,178.76,,,
2026-07-13,2026-07-13T02:43:46+0200,573781,Innistrad: Midnight Hunt Collector Booster Box,7,Magic Display,4362,0,2021-08-06 14:55:33,155.66,77,157.03,,,
2026-07-13,2026-07-13T02:43:46+0200,527325,Kaldheim Collector Booster Box,7,Magic Display,3660,0,2020-12-15 15:30:17,285.38,77,289.4,,,
2026-07-13,2026-07-13T02:43:46+0200,587696,Kamigawa: Neon Dynasty Collector Booster Box,7,Magic Display,4472,0,2021-12-17 11:54:15,335.24,305,335.68,,,
2026-07-13,2026-07-13T02:43:46+0200,851271,Lorwyn Eclipsed Collector Booster Box,7,Magic Display,6325,0,2025-09-29 09:18:52,308.85,122,301.95,,,
2026-07-13,2026-07-13T02:43:46+0200,812573,Magic: The Gathering - FINAL FANTASY Collector Booster Box,7,Magic Display,6057,0,2025-02-19 11:07:32,881.16,344,921.22,,,
2026-07-13,2026-07-13T02:43:46+0200,781941,Magic: The Gathering Foundations Collector Booster Box,7,Magic Display,5852,0,2024-08-07 11:49:07,536.33,329.95,537.75,,,
2026-07-13,2026-07-13T02:43:46+0200,842564,Magic: The Gathering | Avatar: The Last Airbender Collector Booster Box,7,Magic Display,6261,0,2025-08-13 11:34:30,309.51,114,315.26,,,
2026-07-13,2026-07-13T02:43:46+0200,869496,Magic: The Gathering | Marvel Super Heroes Collector Booster Box,7,Magic Display,6476,0,2026-01-28 13:25:37,324.09,122,298.9,,,
2026-07-13,2026-07-13T02:43:46+0200,814380,Magic: The Gathering | Marvel's Spider-Man Collector Booster Box,7,Magic Display,6070,0,2025-03-03 11:57:58,284.83,122,297.89,,,
2026-07-13,2026-07-13T02:43:46+0200,853671,Magic: The Gathering | Teenage Mutant Ninja Turtles Collector Booster Box,7,Magic Display,6345,0,2025-10-13 14:34:50,282.15,144,274.07,,,
2026-07-13,2026-07-13T02:43:46+0200,696391,March of the Machine Collector Booster Box,7,Magic Display,5227,0,2023-02-10 22:28:20,437.81,299.9,453.34,,,
2026-07-13,2026-07-13T02:43:46+0200,703885,March of the Machine: The Aftermath Collector Booster Box,7,Magic Display,5320,0,2023-03-31 15:26:44,164.99,55,167.56,,,
2026-07-13,2026-07-13T02:43:46+0200,562095,Modern Horizons 2 Collector Booster Box,7,Magic Display,4219,0,2021-04-27 14:45:19,411.21,155,416.69,,,
2026-07-13,2026-07-13T02:43:46+0200,758483,Modern Horizons 3 Collector Booster Box,7,Magic Display,5652,0,2024-02-26 11:57:51,642.26,211,659.75,,,
2026-07-13,2026-07-13T02:43:46+0200,748052,Murders at Karlov Manor Collector Booster Box,7,Magic Display,5561,0,2023-12-06 14:17:20,249.66,122,257.78,,,
2026-07-13,2026-07-13T02:43:46+0200,758326,Outlaws of Thunder Junction Collector Booster Box,7,Magic Display,5647,0,2024-02-24 10:01:37,286.05,58,306.99,,,
2026-07-13,2026-07-13T02:43:46+0200,683494,Phyrexia: All Will Be One Collector Booster Box,7,Magic Display,5184,0,2022-11-04 18:30:08,407.5,155,581.55,,,
2026-07-13,2026-07-13T02:43:46+0200,370211,Ravnica Allegiance Collector Booster Box,7,Magic Display,2411,0,2019-02-19 13:48:40,1174.5,1100,720.25,,,
2026-07-13,2026-07-13T02:43:46+0200,737484,Ravnica Remastered Collector Booster Box,7,Magic Display,5505,0,2023-10-05 11:05:56,981.55,411,923.05,,,
2026-07-13,2026-07-13T02:43:46+0200,885563,Reality Fracture Collector Booster Box,7,Magic Display,6571,0,2026-05-02 12:17:47,312.24,299.5,306.13,,,
2026-07-13,2026-07-13T02:43:46+0200,869357,Secrets of Strixhaven Collector Booster Box,7,Magic Display,6474,0,2026-01-28 10:47:39,315.7,125,315.72,,,
2026-07-13,2026-07-13T02:43:46+0200,611248,Streets of New Capenna Collector Booster Box,7,Magic Display,4975,0,2022-03-04 16:18:49,191.78,77,192.05,,,
2026-07-13,2026-07-13T02:43:46+0200,540411,Strixhaven: School of Mages Collector Booster Box,7,Magic Display,3741,0,2021-02-19 14:36:40,382.5,389,423.39,,,
2026-07-13,2026-07-13T02:43:46+0200,813080,Tarkir: Dragonstorm Collector Booster Box,7,Magic Display,6060,0,2025-02-24 09:46:00,336.21,158,347.56,,,
2026-07-13,2026-07-13T02:43:46+0200,677805,The Brothers' War Collector Booster Box,7,Magic Display,5164,0,2022-09-29 11:06:30,501.8,299.9,542.54,,,
2026-07-13,2026-07-13T02:43:46+0200,885552,The Hobbit Collector Booster Box,7,Magic Display,6570,0,2026-05-02 11:28:12,546.63,579.79,578.7,,,
2026-07-13,2026-07-13T02:43:46+0200,698912,The Lord of the Rings: Tales of Middle-earth Collector Booster Box,7,Magic Display,5285,0,2023-02-22 12:27:41,1331.93,588,1472.72,,,
2026-07-13,2026-07-13T02:43:46+0200,732335,The Lord of the Rings: Tales of Middle-earth Special Edition Collector Booster Box,7,Magic Display,5489,0,2023-09-08 15:57:44,6433.79,8500,6690.73,,,
2026-07-13,2026-07-13T02:43:46+0200,734175,The Lost Caverns of Ixalan Collector Booster Box,7,Magic Display,5490,0,2023-09-23 10:44:56,714.83,288,735.75,,,
2026-07-13,2026-07-13T02:43:46+0200,426911,Theros Beyond Death Collector Booster Box,7,Magic Display,2814,0,2019-11-28 14:23:23,204.14,122,199.75,,,
2026-07-13,2026-07-13T02:43:46+0200,398849,Throne of Eldraine Collector Booster Box,7,Magic Display,2582,0,2019-09-04 15:32:27,271.11,240,267.95,,,
2026-07-13,2026-07-13T02:43:46+0200,586736,Unfinity Collector Booster Box,7,Magic Display,4468,0,2021-11-30 14:50:09,274.87,211.88,275.6,,,
2026-07-13,2026-07-13T02:43:46+0200,758498,Universes Beyond: Assassin's Creed Collector Booster Box,7,Magic Display,5655,0,2024-02-26 14:59:45,303.43,144,298.69,,,
2026-07-13,2026-07-13T02:43:46+0200,710800,Universes Beyond: Doctor Who Collector Booster Box,7,Magic Display,5358,0,2023-05-08 09:18:46,371.84,239.99,390.47,,,
2026-07-13,2026-07-13T02:43:46+0200,745340,Universes Beyond: Fallout Collector Booster Box,7,Magic Display,5544,0,2023-11-14 15:21:27,1056.47,788,1045.3,,,
2026-07-13,2026-07-13T02:43:46+0200,719684,Wilds of Eldraine Collector Booster Box,7,Magic Display,5359,0,2023-06-21 14:21:48,586.62,399.9,643.37,,,
2026-07-13,2026-07-13T02:43:46+0200,486979,Zendikar Rising Collector Booster Box,7,Magic Display,3404,0,2020-07-31 14:02:38,316.54,122,321.12,,,
2026-07-14,2026-07-14T02:44:17+0200,565899,Adventures in the Forgotten Realms Collector Booster Box,7,Magic Display,4259,0,2021-05-21 16:59:41,223.36,77,234.02,,,
2026-07-14,2026-07-14T02:44:17+0200,803869,Aetherdrift Collector Booster Box,7,Magic Display,5982,0,2024-12-11 10:59:59,210.18,179.99,205.37,,,
2026-07-14,2026-07-14T02:44:17+0200,774110,Bloomburrow Collector Booster Box,7,Magic Display,5658,0,2024-06-10 17:18:27,657.67,599.99,609.56,,,
2026-07-14,2026-07-14T02:44:17+0200,492099,Commander Legends Collector Booster Box,7,Magic Display,3454,0,2020-08-24 14:17:37,419,349,451.08,,,
2026-07-14,2026-07-14T02:44:17+0200,650825,Commander Legends: Battle for Baldur's Gate Collector Booster Box,7,Magic Display,5030,0,2022-03-29 14:37:06,381.22,122,401.74,,,
2026-07-14,2026-07-14T02:44:17+0200,698962,Commander Masters Collector Booster Box,7,Magic Display,5286,0,2023-02-22 14:58:05,429.96,122,461.61,,,
2026-07-14,2026-07-14T02:44:17+0200,466034,Core 2021 Collector Booster Box,7,Magic Display,3048,0,2020-06-05 10:49:33,244.24,180,246.07,,,
2026-07-14,2026-07-14T02:44:17+0200,681210,Dominaria Remastered Collector Booster Box,7,Magic Display,5192,0,2022-10-25 11:43:55,386.34,339.99,390.92,,,
2026-07-14,2026-07-14T02:44:17+0200,657414,Dominaria United Collector Booster Box,7,Magic Display,5072,0,2022-05-13 16:25:34,243.92,200,234.21,,,
2026-07-14,2026-07-14T02:44:17+0200,657282,Double Masters 2022 Collector Booster Box,7,Magic Display,5070,0,2022-05-13 15:30:40,327.87,275,326.76,,,
2026-07-14,2026-07-14T02:44:17+0200,776442,Duskmourn: House of Horror Collector Booster Box,7,Magic Display,5806,0,2024-07-02 16:45:10,390.97,329.9,402.71,,,
2026-07-14,2026-07-14T02:44:17+0200,813293,Edge of Eternities Collector Booster Box,7,Magic Display,6063,0,2025-02-24 12:46:27,442.14,399.9,455.18,,,
2026-07-14,2026-07-14T02:44:17+0200,426991,Ikoria: Lair of Behemoths Collector Booster Box,7,Magic Display,2819,0,2019-11-28 16:18:06,313.59,144,319,,,
2026-07-14,2026-07-14T02:44:17+0200,795092,Innistrad Remastered Collector Booster Box,7,Magic Display,5930,0,2024-10-28 12:31:23,291.21,249.99,320.69,,,
2026-07-14,2026-07-14T02:44:17+0200,573796,Innistrad: Crimson Vow Collector Booster Box,7,Magic Display,4364,0,2021-08-06 15:04:52,176.37,148,178.76,,,
2026-07-14,2026-07-14T02:44:17+0200,573781,Innistrad: Midnight Hunt Collector Booster Box,7,Magic Display,4362,0,2021-08-06 14:55:33,155.66,77,157.03,,,
2026-07-14,2026-07-14T02:44:17+0200,527325,Kaldheim Collector Booster Box,7,Magic Display,3660,0,2020-12-15 15:30:17,285.38,175,289.4,,,
2026-07-14,2026-07-14T02:44:17+0200,587696,Kamigawa: Neon Dynasty Collector Booster Box,7,Magic Display,4472,0,2021-12-17 11:54:15,335.24,305,335.68,,,
2026-07-14,2026-07-14T02:44:17+0200,851271,Lorwyn Eclipsed Collector Booster Box,7,Magic Display,6325,0,2025-09-29 09:18:52,308.85,122,300.98,,,
2026-07-14,2026-07-14T02:44:17+0200,812573,Magic: The Gathering - FINAL FANTASY Collector Booster Box,7,Magic Display,6057,0,2025-02-19 11:07:32,881.16,749,921.22,,,
2026-07-14,2026-07-14T02:44:17+0200,781941,Magic: The Gathering Foundations Collector Booster Box,7,Magic Display,5852,0,2024-08-07 11:49:07,536.33,329.95,537.75,,,
2026-07-14,2026-07-14T02:44:17+0200,842564,Magic: The Gathering | Avatar: The Last Airbender Collector Booster Box,7,Magic Display,6261,0,2025-08-13 11:34:30,309.51,114,315.48,,,
2026-07-14,2026-07-14T02:44:17+0200,869496,Magic: The Gathering | Marvel Super Heroes Collector Booster Box,7,Magic Display,6476,0,2026-01-28 13:25:37,324.09,122,302.18,,,
2026-07-14,2026-07-14T02:44:17+0200,814380,Magic: The Gathering | Marvel's Spider-Man Collector Booster Box,7,Magic Display,6070,0,2025-03-03 11:57:58,284.83,275,298.83,,,
2026-07-14,2026-07-14T02:44:17+0200,853671,Magic: The Gathering | Teenage Mutant Ninja Turtles Collector Booster Box,7,Magic Display,6345,0,2025-10-13 14:34:50,282.15,144,274.07,,,
2026-07-14,2026-07-14T02:44:17+0200,696391,March of the Machine Collector Booster Box,7,Magic Display,5227,0,2023-02-10 22:28:20,437.81,299.9,453.34,,,
2026-07-14,2026-07-14T02:44:17+0200,703885,March of the Machine: The Aftermath Collector Booster Box,7,Magic Display,5320,0,2023-03-31 15:26:44,164.99,55,167.56,,,
2026-07-14,2026-07-14T02:44:17+0200,562095,Modern Horizons 2 Collector Booster Box,7,Magic Display,4219,0,2021-04-27 14:45:19,411.21,398.56,416.69,,,
2026-07-14,2026-07-14T02:44:17+0200,758483,Modern Horizons 3 Collector Booster Box,7,Magic Display,5652,0,2024-02-26 11:57:51,642.26,449.9,659.75,,,
2026-07-14,2026-07-14T02:44:17+0200,748052,Murders at Karlov Manor Collector Booster Box,7,Magic Display,5561,0,2023-12-06 14:17:20,249.66,122,257.78,,,
2026-07-14,2026-07-14T02:44:17+0200,758326,Outlaws of Thunder Junction Collector Booster Box,7,Magic Display,5647,0,2024-02-24 10:01:37,334.76,58,306.99,,,
2026-07-14,2026-07-14T02:44:17+0200,683494,Phyrexia: All Will Be One Collector Booster Box,7,Magic Display,5184,0,2022-11-04 18:30:08,407.5,155,581.55,,,
2026-07-14,2026-07-14T02:44:17+0200,370211,Ravnica Allegiance Collector Booster Box,7,Magic Display,2411,0,2019-02-19 13:48:40,1174.5,1100,720.25,,,
2026-07-14,2026-07-14T02:44:17+0200,737484,Ravnica Remastered Collector Booster Box,7,Magic Display,5505,0,2023-10-05 11:05:56,981.55,999.99,923.05,,,
2026-07-14,2026-07-14T02:44:17+0200,885563,Reality Fracture Collector Booster Box,7,Magic Display,6571,0,2026-05-02 12:17:47,312.24,299.5,306.29,,,
2026-07-14,2026-07-14T02:44:17+0200,869357,Secrets of Strixhaven Collector Booster Box,7,Magic Display,6474,0,2026-01-28 10:47:39,315.7,125,317.2,,,
2026-07-14,2026-07-14T02:44:17+0200,611248,Streets of New Capenna Collector Booster Box,7,Magic Display,4975,0,2022-03-04 16:18:49,191.78,159.99,192.05,,,
2026-07-14,2026-07-14T02:44:17+0200,540411,Strixhaven: School of Mages Collector Booster Box,7,Magic Display,3741,0,2021-02-19 14:36:40,382.5,389,423.39,,,
2026-07-14,2026-07-14T02:44:17+0200,813080,Tarkir: Dragonstorm Collector Booster Box,7,Magic Display,6060,0,2025-02-24 09:46:00,336.21,158,347.56,,,
2026-07-14,2026-07-14T02:44:17+0200,677805,The Brothers' War Collector Booster Box,7,Magic Display,5164,0,2022-09-29 11:06:30,501.8,299.9,542.54,,,
2026-07-14,2026-07-14T02:44:17+0200,885552,The Hobbit Collector Booster Box,7,Magic Display,6570,0,2026-05-02 11:28:12,546.63,579.79,584.32,,,
2026-07-14,2026-07-14T02:44:17+0200,698912,The Lord of the Rings: Tales of Middle-earth Collector Booster Box,7,Magic Display,5285,0,2023-02-22 12:27:41,1331.93,1400,1472.72,,,
2026-07-14,2026-07-14T02:44:17+0200,732335,The Lord of the Rings: Tales of Middle-earth Special Edition Collector Booster Box,7,Magic Display,5489,0,2023-09-08 15:57:44,6433.79,8399,6690.73,,,
2026-07-14,2026-07-14T02:44:17+0200,734175,The Lost Caverns of Ixalan Collector Booster Box,7,Magic Display,5490,0,2023-09-23 10:44:56,714.83,288,735.75,,,
2026-07-14,2026-07-14T02:44:17+0200,426911,Theros Beyond Death Collector Booster Box,7,Magic Display,2814,0,2019-11-28 14:23:23,204.14,122,199.75,,,
2026-07-14,2026-07-14T02:44:17+0200,398849,Throne of Eldraine Collector Booster Box,7,Magic Display,2582,0,2019-09-04 15:32:27,271.11,240,267.95,,,
2026-07-14,2026-07-14T02:44:17+0200,586736,Unfinity Collector Booster Box,7,Magic Display,4468,0,2021-11-30 14:50:09,274.87,211.88,275.6,,,
2026-07-14,2026-07-14T02:44:17+0200,758498,Universes Beyond: Assassin's Creed Collector Booster Box,7,Magic Display,5655,0,2024-02-26 14:59:45,303.43,144,298.69,,,
2026-07-14,2026-07-14T02:44:17+0200,710800,Universes Beyond: Doctor Who Collector Booster Box,7,Magic Display,5358,0,2023-05-08 09:18:46,371.84,122,390.47,,,
2026-07-14,2026-07-14T02:44:17+0200,745340,Universes Beyond: Fallout Collector Booster Box,7,Magic Display,5544,0,2023-11-14 15:21:27,1056.47,788,1045.3,,,
2026-07-14,2026-07-14T02:44:17+0200,719684,Wilds of Eldraine Collector Booster Box,7,Magic Display,5359,0,2023-06-21 14:21:48,586.62,399.9,643.37,,,
2026-07-14,2026-07-14T02:44:17+0200,486979,Zendikar Rising Collector Booster Box,7,Magic Display,3404,0,2020-07-31 14:02:38,316.54,270,321.12,,,
2026-07-16,2026-07-16T02:46:09+0200,565899,Adventures in the Forgotten Realms Collector Booster Box,7,Magic Display,4259,0,2021-05-21 16:59:41,223.36,159,236.06,,,
2026-07-16,2026-07-16T02:46:09+0200,803869,Aetherdrift Collector Booster Box,7,Magic Display,5982,0,2024-12-11 10:59:59,210.18,179.99,202.91,,,
2026-07-16,2026-07-16T02:46:09+0200,774110,Bloomburrow Collector Booster Box,7,Magic Display,5658,0,2024-06-10 17:18:27,657.67,599.99,613.49,,,
2026-07-16,2026-07-16T02:46:09+0200,492099,Commander Legends Collector Booster Box,7,Magic Display,3454,0,2020-08-24 14:17:37,419,349,451.08,,,
2026-07-16,2026-07-16T02:46:09+0200,650825,Commander Legends: Battle for Baldur's Gate Collector Booster Box,7,Magic Display,5030,0,2022-03-29 14:37:06,381.22,268.82,413.38,,,
2026-07-16,2026-07-16T02:46:09+0200,698962,Commander Masters Collector Booster Box,7,Magic Display,5286,0,2023-02-22 14:58:05,429.96,260,473.3,,,
2026-07-16,2026-07-16T02:46:09+0200,466034,Core 2021 Collector Booster Box,7,Magic Display,3048,0,2020-06-05 10:49:33,244.24,248.99,246.07,,,
2026-07-16,2026-07-16T02:46:09+0200,681210,Dominaria Remastered Collector Booster Box,7,Magic Display,5192,0,2022-10-25 11:43:55,386.34,339.99,390.92,,,
2026-07-16,2026-07-16T02:46:09+0200,657414,Dominaria United Collector Booster Box,7,Magic Display,5072,0,2022-05-13 16:25:34,243.92,200,234.97,,,
2026-07-16,2026-07-16T02:46:09+0200,657282,Double Masters 2022 Collector Booster Box,7,Magic Display,5070,0,2022-05-13 15:30:40,327.87,275,328.29,,,
2026-07-16,2026-07-16T02:46:09+0200,776442,Duskmourn: House of Horror Collector Booster Box,7,Magic Display,5806,0,2024-07-02 16:45:10,402.4,329.9,402.71,,,
2026-07-16,2026-07-16T02:46:09+0200,813293,Edge of Eternities Collector Booster Box,7,Magic Display,6063,0,2025-02-24 12:46:27,442.14,399.9,458.28,,,
2026-07-16,2026-07-16T02:46:09+0200,426991,Ikoria: Lair of Behemoths Collector Booster Box,7,Magic Display,2819,0,2019-11-28 16:18:06,313.59,229.9,319,,,
2026-07-16,2026-07-16T02:46:09+0200,795092,Innistrad Remastered Collector Booster Box,7,Magic Display,5930,0,2024-10-28 12:31:23,310.15,249.99,323.6,,,
2026-07-16,2026-07-16T02:46:09+0200,573796,Innistrad: Crimson Vow Collector Booster Box,7,Magic Display,4364,0,2021-08-06 15:04:52,178.75,148,178.76,,,
2026-07-16,2026-07-16T02:46:09+0200,573781,Innistrad: Midnight Hunt Collector Booster Box,7,Magic Display,4362,0,2021-08-06 14:55:33,156.08,128,157.03,,,
2026-07-16,2026-07-16T02:46:09+0200,527325,Kaldheim Collector Booster Box,7,Magic Display,3660,0,2020-12-15 15:30:17,285.38,175,291.43,,,
2026-07-16,2026-07-16T02:46:09+0200,587696,Kamigawa: Neon Dynasty Collector Booster Box,7,Magic Display,4472,0,2021-12-17 11:54:15,335.24,305,335.68,,,
2026-07-16,2026-07-16T02:46:09+0200,851271,Lorwyn Eclipsed Collector Booster Box,7,Magic Display,6325,0,2025-09-29 09:18:52,308.85,250,304.41,,,
2026-07-16,2026-07-16T02:46:09+0200,812573,Magic: The Gathering - FINAL FANTASY Collector Booster Box,7,Magic Display,6057,0,2025-02-19 11:07:32,881.16,785.95,1148.56,,,
2026-07-16,2026-07-16T02:46:09+0200,781941,Magic: The Gathering Foundations Collector Booster Box,7,Magic Display,5852,0,2024-08-07 11:49:07,536.33,329.95,538.47,,,
2026-07-16,2026-07-16T02:46:09+0200,842564,Magic: The Gathering | Avatar: The Last Airbender Collector Booster Box,7,Magic Display,6261,0,2025-08-13 11:34:30,313.79,299.99,315.35,,,
2026-07-16,2026-07-16T02:46:09+0200,869496,Magic: The Gathering | Marvel Super Heroes Collector Booster Box,7,Magic Display,6476,0,2026-01-28 13:25:37,324.09,260,305.98,,,
2026-07-16,2026-07-16T02:46:09+0200,814380,Magic: The Gathering | Marvel's Spider-Man Collector Booster Box,7,Magic Display,6070,0,2025-03-03 11:57:58,284.83,275,302.2,,,
2026-07-16,2026-07-16T02:46:09+0200,853671,Magic: The Gathering | Teenage Mutant Ninja Turtles Collector Booster Box,7,Magic Display,6345,0,2025-10-13 14:34:50,282.15,243.99,275.82,,,
2026-07-16,2026-07-16T02:46:09+0200,696391,March of the Machine Collector Booster Box,7,Magic Display,5227,0,2023-02-10 22:28:20,437.81,299.9,453.34,,,
2026-07-16,2026-07-16T02:46:09+0200,703885,March of the Machine: The Aftermath Collector Booster Box,7,Magic Display,5320,0,2023-03-31 15:26:44,164.99,93,167.56,,,
2026-07-16,2026-07-16T02:46:09+0200,562095,Modern Horizons 2 Collector Booster Box,7,Magic Display,4219,0,2021-04-27 14:45:19,411.21,398.56,421.94,,,
2026-07-16,2026-07-16T02:46:09+0200,758483,Modern Horizons 3 Collector Booster Box,7,Magic Display,5652,0,2024-02-26 11:57:51,642.26,449.9,669.79,,,
2026-07-16,2026-07-16T02:46:09+0200,748052,Murders at Karlov Manor Collector Booster Box,7,Magic Display,5561,0,2023-12-06 14:17:20,249.66,199,258.76,,,
2026-07-16,2026-07-16T02:46:09+0200,758326,Outlaws of Thunder Junction Collector Booster Box,7,Magic Display,5647,0,2024-02-24 10:01:37,334.76,199.99,306.72,,,
2026-07-16,2026-07-16T02:46:09+0200,683494,Phyrexia: All Will Be One Collector Booster Box,7,Magic Display,5184,0,2022-11-04 18:30:08,407.5,318.9,581.55,,,
2026-07-16,2026-07-16T02:46:09+0200,370211,Ravnica Allegiance Collector Booster Box,7,Magic Display,2411,0,2019-02-19 13:48:40,1174.5,1100,720.25,,,
2026-07-16,2026-07-16T02:46:09+0200,737484,Ravnica Remastered Collector Booster Box,7,Magic Display,5505,0,2023-10-05 11:05:56,981.55,999.99,923.05,,,
2026-07-16,2026-07-16T02:46:09+0200,885563,Reality Fracture Collector Booster Box,7,Magic Display,6571,0,2026-05-02 12:17:47,306.05,299.5,305.46,,,
2026-07-16,2026-07-16T02:46:09+0200,869357,Secrets of Strixhaven Collector Booster Box,7,Magic Display,6474,0,2026-01-28 10:47:39,315.7,279.99,319.53,,,
2026-07-16,2026-07-16T02:46:09+0200,611248,Streets of New Capenna Collector Booster Box,7,Magic Display,4975,0,2022-03-04 16:18:49,191.78,159.99,192.05,,,
2026-07-16,2026-07-16T02:46:09+0200,540411,Strixhaven: School of Mages Collector Booster Box,7,Magic Display,3741,0,2021-02-19 14:36:40,382.5,389,423.39,,,
2026-07-16,2026-07-16T02:46:09+0200,813080,Tarkir: Dragonstorm Collector Booster Box,7,Magic Display,6060,0,2025-02-24 09:46:00,336.21,340,350.26,,,
2026-07-16,2026-07-16T02:46:09+0200,677805,The Brothers' War Collector Booster Box,7,Magic Display,5164,0,2022-09-29 11:06:30,501.8,299.9,568.94,,,
2026-07-16,2026-07-16T02:46:09+0200,885552,The Hobbit Collector Booster Box,7,Magic Display,6570,0,2026-05-02 11:28:12,557.5,579.78,590.3,,,
2026-07-16,2026-07-16T02:46:09+0200,698912,The Lord of the Rings: Tales of Middle-earth Collector Booster Box,7,Magic Display,5285,0,2023-02-22 12:27:41,1331.93,1400,1463.18,,,
2026-07-16,2026-07-16T02:46:09+0200,732335,The Lord of the Rings: Tales of Middle-earth Special Edition Collector Booster Box,7,Magic Display,5489,0,2023-09-08 15:57:44,6433.79,7999,6690.73,,,
2026-07-16,2026-07-16T02:46:09+0200,734175,The Lost Caverns of Ixalan Collector Booster Box,7,Magic Display,5490,0,2023-09-23 10:44:56,714.83,675,735.75,,,
2026-07-16,2026-07-16T02:46:09+0200,426911,Theros Beyond Death Collector Booster Box,7,Magic Display,2814,0,2019-11-28 14:23:23,204.14,198.9,199.75,,,
2026-07-16,2026-07-16T02:46:09+0200,398849,Throne of Eldraine Collector Booster Box,7,Magic Display,2582,0,2019-09-04 15:32:27,271.11,245,265.23,,,
2026-07-16,2026-07-16T02:46:09+0200,586736,Unfinity Collector Booster Box,7,Magic Display,4468,0,2021-11-30 14:50:09,274.87,211.88,277.06,,,
2026-07-16,2026-07-16T02:46:09+0200,758498,Universes Beyond: Assassin's Creed Collector Booster Box,7,Magic Display,5655,0,2024-02-26 14:59:45,303.43,265,298.61,,,
2026-07-16,2026-07-16T02:46:09+0200,710800,Universes Beyond: Doctor Who Collector Booster Box,7,Magic Display,5358,0,2023-05-08 09:18:46,403.9,239.99,401.05,,,
2026-07-16,2026-07-16T02:46:09+0200,745340,Universes Beyond: Fallout Collector Booster Box,7,Magic Display,5544,0,2023-11-14 15:21:27,1056.47,900,1071.65,,,
2026-07-16,2026-07-16T02:46:09+0200,719684,Wilds of Eldraine Collector Booster Box,7,Magic Display,5359,0,2023-06-21 14:21:48,586.62,399.9,649.86,,,
2026-07-16,2026-07-16T02:46:09+0200,486979,Zendikar Rising Collector Booster Box,7,Magic Display,3404,0,2020-07-31 14:02:38,316.54,289.9,328.84,,,
2026-07-17,2026-07-17T02:42:32+0200,565899,Adventures in the Forgotten Realms Collector Booster Box,7,Magic Display,4259,0,2021-05-21 16:59:41,223.36,159,236.06,,,
2026-07-17,2026-07-17T02:42:32+0200,803869,Aetherdrift Collector Booster Box,7,Magic Display,5982,0,2024-12-11 10:59:59,210.18,179.99,204.47,,,
2026-07-17,2026-07-17T02:42:32+0200,774110,Bloomburrow Collector Booster Box,7,Magic Display,5658,0,2024-06-10 17:18:27,657.67,599.99,616.59,,,
2026-07-17,2026-07-17T02:42:32+0200,492099,Commander Legends Collector Booster Box,7,Magic Display,3454,0,2020-08-24 14:17:37,410.26,349,451.08,,,
2026-07-17,2026-07-17T02:42:32+0200,650825,Commander Legends: Battle for Baldur's Gate Collector Booster Box,7,Magic Display,5030,0,2022-03-29 14:37:06,417.02,268.82,422.15,,,
2026-07-17,2026-07-17T02:42:32+0200,698962,Commander Masters Collector Booster Box,7,Magic Display,5286,0,2023-02-22 14:58:05,429.96,470,473.25,,,
2026-07-17,2026-07-17T02:42:32+0200,466034,Core 2021 Collector Booster Box,7,Magic Display,3048,0,2020-06-05 10:49:33,244.24,248.99,246.07,,,
2026-07-17,2026-07-17T02:42:32+0200,681210,Dominaria Remastered Collector Booster Box,7,Magic Display,5192,0,2022-10-25 11:43:55,386.34,339.99,390.92,,,
2026-07-17,2026-07-17T02:42:32+0200,657414,Dominaria United Collector Booster Box,7,Magic Display,5072,0,2022-05-13 16:25:34,243.92,200,234.97,,,
2026-07-17,2026-07-17T02:42:32+0200,657282,Double Masters 2022 Collector Booster Box,7,Magic Display,5070,0,2022-05-13 15:30:40,327.87,275,328.29,,,
2026-07-17,2026-07-17T02:42:32+0200,776442,Duskmourn: House of Horror Collector Booster Box,7,Magic Display,5806,0,2024-07-02 16:45:10,402.4,329.9,402.71,,,
2026-07-17,2026-07-17T02:42:32+0200,813293,Edge of Eternities Collector Booster Box,7,Magic Display,6063,0,2025-02-24 12:46:27,442.14,399.9,463.81,,,
2026-07-17,2026-07-17T02:42:32+0200,426991,Ikoria: Lair of Behemoths Collector Booster Box,7,Magic Display,2819,0,2019-11-28 16:18:06,365,229.9,328.73,,,
2026-07-17,2026-07-17T02:42:32+0200,795092,Innistrad Remastered Collector Booster Box,7,Magic Display,5930,0,2024-10-28 12:31:23,310.15,249.99,323.6,,,
2026-07-17,2026-07-17T02:42:32+0200,573796,Innistrad: Crimson Vow Collector Booster Box,7,Magic Display,4364,0,2021-08-06 15:04:52,178.75,148,178.76,,,
2026-07-17,2026-07-17T02:42:32+0200,573781,Innistrad: Midnight Hunt Collector Booster Box,7,Magic Display,4362,0,2021-08-06 14:55:33,156.08,128,158.21,,,
2026-07-17,2026-07-17T02:42:32+0200,527325,Kaldheim Collector Booster Box,7,Magic Display,3660,0,2020-12-15 15:30:17,286.35,175,291.43,,,
2026-07-17,2026-07-17T02:42:32+0200,587696,Kamigawa: Neon Dynasty Collector Booster Box,7,Magic Display,4472,0,2021-12-17 11:54:15,332.75,305,335.68,,,
2026-07-17,2026-07-17T02:42:32+0200,851271,Lorwyn Eclipsed Collector Booster Box,7,Magic Display,6325,0,2025-09-29 09:18:52,308.85,279.95,306.35,,,
2026-07-17,2026-07-17T02:42:32+0200,812573,Magic: The Gathering - FINAL FANTASY Collector Booster Box,7,Magic Display,6057,0,2025-02-19 11:07:32,881.16,788.99,1173.87,,,
2026-07-17,2026-07-17T02:42:32+0200,781941,Magic: The Gathering Foundations Collector Booster Box,7,Magic Display,5852,0,2024-08-07 11:49:07,536.33,329.95,538.47,,,
2026-07-17,2026-07-17T02:42:32+0200,842564,Magic: The Gathering | Avatar: The Last Airbender Collector Booster Box,7,Magic Display,6261,0,2025-08-13 11:34:30,313.79,303.99,315.3,,,
2026-07-17,2026-07-17T02:42:32+0200,869496,Magic: The Gathering | Marvel Super Heroes Collector Booster Box,7,Magic Display,6476,0,2026-01-28 13:25:37,324.09,267,305.63,,,
2026-07-17,2026-07-17T02:42:32+0200,814380,Magic: The Gathering | Marvel's Spider-Man Collector Booster Box,7,Magic Display,6070,0,2025-03-03 11:57:58,284.83,275,301.8,,,
2026-07-17,2026-07-17T02:42:32+0200,853671,Magic: The Gathering | Teenage Mutant Ninja Turtles Collector Booster Box,7,Magic Display,6345,0,2025-10-13 14:34:50,282.15,243.99,275.35,,,
2026-07-17,2026-07-17T02:42:32+0200,696391,March of the Machine Collector Booster Box,7,Magic Display,5227,0,2023-02-10 22:28:20,437.81,299.9,453.34,,,
2026-07-17,2026-07-17T02:42:32+0200,703885,March of the Machine: The Aftermath Collector Booster Box,7,Magic Display,5320,0,2023-03-31 15:26:44,164.99,93,167.56,,,
2026-07-17,2026-07-17T02:42:32+0200,562095,Modern Horizons 2 Collector Booster Box,7,Magic Display,4219,0,2021-04-27 14:45:19,411.21,398.56,421.94,,,
2026-07-17,2026-07-17T02:42:32+0200,758483,Modern Horizons 3 Collector Booster Box,7,Magic Display,5652,0,2024-02-26 11:57:51,642.26,449.9,662.49,,,
2026-07-17,2026-07-17T02:42:32+0200,748052,Murders at Karlov Manor Collector Booster Box,7,Magic Display,5561,0,2023-12-06 14:17:20,249.66,199,258.31,,,
2026-07-17,2026-07-17T02:42:32+0200,758326,Outlaws of Thunder Junction Collector Booster Box,7,Magic Display,5647,0,2024-02-24 10:01:37,334.76,199.99,310.13,,,
2026-07-17,2026-07-17T02:42:32+0200,683494,Phyrexia: All Will Be One Collector Booster Box,7,Magic Display,5184,0,2022-11-04 18:30:08,508,318.9,581.55,,,
2026-07-17,2026-07-17T02:42:32+0200,370211,Ravnica Allegiance Collector Booster Box,7,Magic Display,2411,0,2019-02-19 13:48:40,1174.5,1100,720.25,,,
2026-07-17,2026-07-17T02:42:32+0200,737484,Ravnica Remastered Collector Booster Box,7,Magic Display,5505,0,2023-10-05 11:05:56,981.55,999.99,923.05,,,
2026-07-17,2026-07-17T02:42:32+0200,885563,Reality Fracture Collector Booster Box,7,Magic Display,6571,0,2026-05-02 12:17:47,306.05,299.5,305.46,,,
2026-07-17,2026-07-17T02:42:32+0200,869357,Secrets of Strixhaven Collector Booster Box,7,Magic Display,6474,0,2026-01-28 10:47:39,315.7,284.18,317.51,,,
2026-07-17,2026-07-17T02:42:32+0200,897523,Star Trek Collector Booster Box,7,Magic Display,6657,0,2026-07-15 13:15:58,499.9,499.9,,,,
2026-07-17,2026-07-17T02:42:32+0200,611248,Streets of New Capenna Collector Booster Box,7,Magic Display,4975,0,2022-03-04 16:18:49,193.75,159.99,193.39,,,
2026-07-17,2026-07-17T02:42:32+0200,540411,Strixhaven: School of Mages Collector Booster Box,7,Magic Display,3741,0,2021-02-19 14:36:40,382.5,420,423.39,,,
2026-07-17,2026-07-17T02:42:32+0200,813080,Tarkir: Dragonstorm Collector Booster Box,7,Magic Display,6060,0,2025-02-24 09:46:00,336.21,315,352.59,,,
2026-07-17,2026-07-17T02:42:32+0200,677805,The Brothers' War Collector Booster Box,7,Magic Display,5164,0,2022-09-29 11:06:30,501.8,299.9,568.94,,,
2026-07-17,2026-07-17T02:42:32+0200,885552,The Hobbit Collector Booster Box,7,Magic Display,6570,0,2026-05-02 11:28:12,557.5,570,593.09,,,
2026-07-17,2026-07-17T02:42:32+0200,698912,The Lord of the Rings: Tales of Middle-earth Collector Booster Box,7,Magic Display,5285,0,2023-02-22 12:27:41,1331.93,1400,1463.18,,,
2026-07-17,2026-07-17T02:42:32+0200,732335,The Lord of the Rings: Tales of Middle-earth Special Edition Collector Booster Box,7,Magic Display,5489,0,2023-09-08 15:57:44,6433.79,8250,6690.73,,,
2026-07-17,2026-07-17T02:42:32+0200,734175,The Lost Caverns of Ixalan Collector Booster Box,7,Magic Display,5490,0,2023-09-23 10:44:56,753.44,675,735.75,,,
2026-07-17,2026-07-17T02:42:32+0200,426911,Theros Beyond Death Collector Booster Box,7,Magic Display,2814,0,2019-11-28 14:23:23,204.14,198.9,199.75,,,
2026-07-17,2026-07-17T02:42:32+0200,398849,Throne of Eldraine Collector Booster Box,7,Magic Display,2582,0,2019-09-04 15:32:27,271.11,245,265.23,,,
2026-07-17,2026-07-17T02:42:32+0200,586736,Unfinity Collector Booster Box,7,Magic Display,4468,0,2021-11-30 14:50:09,274.87,211.88,277.06,,,
2026-07-17,2026-07-17T02:42:32+0200,758498,Universes Beyond: Assassin's Creed Collector Booster Box,7,Magic Display,5655,0,2024-02-26 14:59:45,303.43,265,298.61,,,
2026-07-17,2026-07-17T02:42:32+0200,710800,Universes Beyond: Doctor Who Collector Booster Box,7,Magic Display,5358,0,2023-05-08 09:18:46,403.9,239.99,401.05,,,
2026-07-17,2026-07-17T02:42:32+0200,745340,Universes Beyond: Fallout Collector Booster Box,7,Magic Display,5544,0,2023-11-14 15:21:27,1056.47,900,1071.65,,,
2026-07-17,2026-07-17T02:42:32+0200,719684,Wilds of Eldraine Collector Booster Box,7,Magic Display,5359,0,2023-06-21 14:21:48,586.62,399.9,649.86,,,
2026-07-17,2026-07-17T02:42:32+0200,486979,Zendikar Rising Collector Booster Box,7,Magic Display,3404,0,2020-07-31 14:02:38,316.54,289.9,328.84,,,
2026-07-18,2026-07-18T02:42:54+0200,565899,Adventures in the Forgotten Realms Collector Booster Box,7,Magic Display,4259,0,2021-05-21 16:59:41,223.36,179.94,236.06,,,
2026-07-18,2026-07-18T02:42:54+0200,803869,Aetherdrift Collector Booster Box,7,Magic Display,5982,0,2024-12-11 10:59:59,203.06,179.99,202.4,,,
2026-07-18,2026-07-18T02:42:54+0200,774110,Bloomburrow Collector Booster Box,7,Magic Display,5658,0,2024-06-10 17:18:27,700.35,599.99,612.34,,,
2026-07-18,2026-07-18T02:42:54+0200,492099,Commander Legends Collector Booster Box,7,Magic Display,3454,0,2020-08-24 14:17:37,410.26,349,451.08,,,
2026-07-18,2026-07-18T02:42:54+0200,650825,Commander Legends: Battle for Baldur's Gate Collector Booster Box,7,Magic Display,5030,0,2022-03-29 14:37:06,417.02,268.82,430.1,,,
2026-07-18,2026-07-18T02:42:54+0200,698962,Commander Masters Collector Booster Box,7,Magic Display,5286,0,2023-02-22 14:58:05,429.96,470,473.25,,,
2026-07-18,2026-07-18T02:42:54+0200,466034,Core 2021 Collector Booster Box,7,Magic Display,3048,0,2020-06-05 10:49:33,244.24,248.99,240.47,,,
2026-07-18,2026-07-18T02:42:54+0200,681210,Dominaria Remastered Collector Booster Box,7,Magic Display,5192,0,2022-10-25 11:43:55,386.34,339.99,390.92,,,
2026-07-18,2026-07-18T02:42:54+0200,657414,Dominaria United Collector Booster Box,7,Magic Display,5072,0,2022-05-13 16:25:34,235.36,200,234.97,,,
2026-07-18,2026-07-18T02:42:54+0200,657282,Double Masters 2022 Collector Booster Box,7,Magic Display,5070,0,2022-05-13 15:30:40,337.7,275,328.29,,,
2026-07-18,2026-07-18T02:42:54+0200,776442,Duskmourn: House of Horror Collector Booster Box,7,Magic Display,5806,0,2024-07-02 16:45:10,402.4,381.99,402.71,,,
2026-07-18,2026-07-18T02:42:54+0200,813293,Edge of Eternities Collector Booster Box,7,Magic Display,6063,0,2025-02-24 12:46:27,442.14,399.9,463.32,,,
2026-07-18,2026-07-18T02:42:54+0200,426991,Ikoria: Lair of Behemoths Collector Booster Box,7,Magic Display,2819,0,2019-11-28 16:18:06,365,255,337.27,,,
2026-07-18,2026-07-18T02:42:54+0200,795092,Innistrad Remastered Collector Booster Box,7,Magic Display,5930,0,2024-10-28 12:31:23,310.15,122,326.74,,,
2026-07-18,2026-07-18T02:42:54+0200,573796,Innistrad: Crimson Vow Collector Booster Box,7,Magic Display,4364,0,2021-08-06 15:04:52,178.75,148,178.76,,,
2026-07-18,2026-07-18T02:42:54+0200,573781,Innistrad: Midnight Hunt Collector Booster Box,7,Magic Display,4362,0,2021-08-06 14:55:33,156.08,128,158.21,,,
2026-07-18,2026-07-18T02:42:54+0200,527325,Kaldheim Collector Booster Box,7,Magic Display,3660,0,2020-12-15 15:30:17,286.35,175,291.43,,,
2026-07-18,2026-07-18T02:42:54+0200,587696,Kamigawa: Neon Dynasty Collector Booster Box,7,Magic Display,4472,0,2021-12-17 11:54:15,332.75,305,335.68,,,
2026-07-18,2026-07-18T02:42:54+0200,851271,Lorwyn Eclipsed Collector Booster Box,7,Magic Display,6325,0,2025-09-29 09:18:52,308.85,279.95,305.3,,,
2026-07-18,2026-07-18T02:42:54+0200,812573,Magic: The Gathering - FINAL FANTASY Collector Booster Box,7,Magic Display,6057,0,2025-02-19 11:07:32,881.16,788.99,1165.05,,,
2026-07-18,2026-07-18T02:42:54+0200,781941,Magic: The Gathering Foundations Collector Booster Box,7,Magic Display,5852,0,2024-08-07 11:49:07,530.77,329.95,538.47,,,
2026-07-18,2026-07-18T02:42:54+0200,842564,Magic: The Gathering | Avatar: The Last Airbender Collector Booster Box,7,Magic Display,6261,0,2025-08-13 11:34:30,313.79,303.99,315,,,
2026-07-18,2026-07-18T02:42:54+0200,869496,Magic: The Gathering | Marvel Super Heroes Collector Booster Box,7,Magic Display,6476,0,2026-01-28 13:25:37,324.09,267,305.89,,,
2026-07-18,2026-07-18T02:42:54+0200,814380,Magic: The Gathering | Marvel's Spider-Man Collector Booster Box,7,Magic Display,6070,0,2025-03-03 11:57:58,284.83,275,301.36,,,
2026-07-18,2026-07-18T02:42:54+0200,853671,Magic: The Gathering | Teenage Mutant Ninja Turtles Collector Booster Box,7,Magic Display,6345,0,2025-10-13 14:34:50,282.15,243.99,276.12,,,
2026-07-18,2026-07-18T02:42:54+0200,696391,March of the Machine Collector Booster Box,7,Magic Display,5227,0,2023-02-10 22:28:20,437.81,299.9,453.34,,,
2026-07-18,2026-07-18T02:42:54+0200,703885,March of the Machine: The Aftermath Collector Booster Box,7,Magic Display,5320,0,2023-03-31 15:26:44,164.99,93,169.25,,,
2026-07-18,2026-07-18T02:42:54+0200,562095,Modern Horizons 2 Collector Booster Box,7,Magic Display,4219,0,2021-04-27 14:45:19,411.21,398.56,423.04,,,
2026-07-18,2026-07-18T02:42:54+0200,758483,Modern Horizons 3 Collector Booster Box,7,Magic Display,5652,0,2024-02-26 11:57:51,642.26,449.9,662.49,,,
2026-07-18,2026-07-18T02:42:54+0200,748052,Murders at Karlov Manor Collector Booster Box,7,Magic Display,5561,0,2023-12-06 14:17:20,249.66,122,258.31,,,
2026-07-18,2026-07-18T02:42:54+0200,758326,Outlaws of Thunder Junction Collector Booster Box,7,Magic Display,5647,0,2024-02-24 10:01:37,334.76,199.99,298.26,,,
2026-07-18,2026-07-18T02:42:54+0200,683494,Phyrexia: All Will Be One Collector Booster Box,7,Magic Display,5184,0,2022-11-04 18:30:08,508,318.9,581.55,,,
2026-07-18,2026-07-18T02:42:54+0200,370211,Ravnica Allegiance Collector Booster Box,7,Magic Display,2411,0,2019-02-19 13:48:40,1174.5,1100,720.25,,,
2026-07-18,2026-07-18T02:42:54+0200,737484,Ravnica Remastered Collector Booster Box,7,Magic Display,5505,0,2023-10-05 11:05:56,981.55,999.99,923.05,,,
2026-07-18,2026-07-18T02:42:54+0200,885563,Reality Fracture Collector Booster Box,7,Magic Display,6571,0,2026-05-02 12:17:47,306.05,299.5,306.17,,,
2026-07-18,2026-07-18T02:42:54+0200,869357,Secrets of Strixhaven Collector Booster Box,7,Magic Display,6474,0,2026-01-28 10:47:39,315.7,284.18,317.49,,,
2026-07-18,2026-07-18T02:42:54+0200,897523,Star Trek Collector Booster Box,7,Magic Display,6657,0,2026-07-15 13:15:58,499.9,499.9,499.99,,,
2026-07-18,2026-07-18T02:42:54+0200,611248,Streets of New Capenna Collector Booster Box,7,Magic Display,4975,0,2022-03-04 16:18:49,193.75,159.98,194.35,,,
2026-07-18,2026-07-18T02:42:54+0200,540411,Strixhaven: School of Mages Collector Booster Box,7,Magic Display,3741,0,2021-02-19 14:36:40,382.5,420,418.36,,,
2026-07-18,2026-07-18T02:42:54+0200,813080,Tarkir: Dragonstorm Collector Booster Box,7,Magic Display,6060,0,2025-02-24 09:46:00,336.21,315,354.25,,,
2026-07-18,2026-07-18T02:42:54+0200,677805,The Brothers' War Collector Booster Box,7,Magic Display,5164,0,2022-09-29 11:06:30,501.8,309.99,568.94,,,
2026-07-18,2026-07-18T02:42:54+0200,885552,The Hobbit Collector Booster Box,7,Magic Display,6570,0,2026-05-02 11:28:12,557.5,570,596.55,,,
2026-07-18,2026-07-18T02:42:54+0200,698912,The Lord of the Rings: Tales of Middle-earth Collector Booster Box,7,Magic Display,5285,0,2023-02-22 12:27:41,1331.93,522,1463.18,,,
2026-07-18,2026-07-18T02:42:54+0200,732335,The Lord of the Rings: Tales of Middle-earth Special Edition Collector Booster Box,7,Magic Display,5489,0,2023-09-08 15:57:44,6433.79,8250,6690.73,,,
2026-07-18,2026-07-18T02:42:54+0200,734175,The Lost Caverns of Ixalan Collector Booster Box,7,Magic Display,5490,0,2023-09-23 10:44:56,753.44,211,746.33,,,
2026-07-18,2026-07-18T02:42:54+0200,426911,Theros Beyond Death Collector Booster Box,7,Magic Display,2814,0,2019-11-28 14:23:23,204.14,198.9,202.9,,,
2026-07-18,2026-07-18T02:42:54+0200,398849,Throne of Eldraine Collector Booster Box,7,Magic Display,2582,0,2019-09-04 15:32:27,271.11,245,265.23,,,
2026-07-18,2026-07-18T02:42:54+0200,586736,Unfinity Collector Booster Box,7,Magic Display,4468,0,2021-11-30 14:50:09,274.87,211.88,277.06,,,
2026-07-18,2026-07-18T02:42:54+0200,758498,Universes Beyond: Assassin's Creed Collector Booster Box,7,Magic Display,5655,0,2024-02-26 14:59:45,303.43,265,305.96,,,
2026-07-18,2026-07-18T02:42:54+0200,710800,Universes Beyond: Doctor Who Collector Booster Box,7,Magic Display,5358,0,2023-05-08 09:18:46,403.9,239.99,402.84,,,
2026-07-18,2026-07-18T02:42:54+0200,745340,Universes Beyond: Fallout Collector Booster Box,7,Magic Display,5544,0,2023-11-14 15:21:27,1131.66,900,1071.65,,,
2026-07-18,2026-07-18T02:42:54+0200,719684,Wilds of Eldraine Collector Booster Box,7,Magic Display,5359,0,2023-06-21 14:21:48,586.62,399.9,649.86,,,
2026-07-18,2026-07-18T02:42:54+0200,486979,Zendikar Rising Collector Booster Box,7,Magic Display,3404,0,2020-07-31 14:02:38,316.54,289.9,325.19,,,
2026-07-19,2026-07-19T02:45:08+0200,565899,Adventures in the Forgotten Realms Collector Booster Box,7,Magic Display,4259,0,2021-05-21 16:59:41,223.36,77,237.21,,,
2026-07-19,2026-07-19T02:45:08+0200,803869,Aetherdrift Collector Booster Box,7,Magic Display,5982,0,2024-12-11 10:59:59,203.06,77,202.83,,,
2026-07-19,2026-07-19T02:45:08+0200,774110,Bloomburrow Collector Booster Box,7,Magic Display,5658,0,2024-06-10 17:18:27,700.35,599.99,610.09,,,
2026-07-19,2026-07-19T02:45:08+0200,492099,Commander Legends Collector Booster Box,7,Magic Display,3454,0,2020-08-24 14:17:37,410.26,349,443.12,,,
2026-07-19,2026-07-19T02:45:08+0200,650825,Commander Legends: Battle for Baldur's Gate Collector Booster Box,7,Magic Display,5030,0,2022-03-29 14:37:06,417.02,268.82,430.1,,,
2026-07-19,2026-07-19T02:45:08+0200,698962,Commander Masters Collector Booster Box,7,Magic Display,5286,0,2023-02-22 14:58:05,429.96,211,449.73,,,
2026-07-19,2026-07-19T02:45:08+0200,466034,Core 2021 Collector Booster Box,7,Magic Display,3048,0,2020-06-05 10:49:33,249.15,248.99,240.47,,,
2026-07-19,2026-07-19T02:45:08+0200,681210,Dominaria Remastered Collector Booster Box,7,Magic Display,5192,0,2022-10-25 11:43:55,386.34,339.99,408.06,,,
2026-07-19,2026-07-19T02:45:08+0200,657414,Dominaria United Collector Booster Box,7,Magic Display,5072,0,2022-05-13 16:25:34,235.36,200,236.75,,,
2026-07-19,2026-07-19T02:45:08+0200,657282,Double Masters 2022 Collector Booster Box,7,Magic Display,5070,0,2022-05-13 15:30:40,337.7,122,328.29,,,
2026-07-19,2026-07-19T02:45:08+0200,776442,Duskmourn: House of Horror Collector Booster Box,7,Magic Display,5806,0,2024-07-02 16:45:10,402.4,381.99,402.71,,,
2026-07-19,2026-07-19T02:45:08+0200,813293,Edge of Eternities Collector Booster Box,7,Magic Display,6063,0,2025-02-24 12:46:27,456.1,399.99,463.32,,,
2026-07-19,2026-07-19T02:45:08+0200,426991,Ikoria: Lair of Behemoths Collector Booster Box,7,Magic Display,2819,0,2019-11-28 16:18:06,365,122,340.64,,,
2026-07-19,2026-07-19T02:45:08+0200,795092,Innistrad Remastered Collector Booster Box,7,Magic Display,5930,0,2024-10-28 12:31:23,310.15,122,330.86,,,
2026-07-19,2026-07-19T02:45:08+0200,573796,Innistrad: Crimson Vow Collector Booster Box,7,Magic Display,4364,0,2021-08-06 15:04:52,178.75,148,178.76,,,
2026-07-19,2026-07-19T02:45:08+0200,573781,Innistrad: Midnight Hunt Collector Booster Box,7,Magic Display,4362,0,2021-08-06 14:55:33,156.08,55,158.21,,,
2026-07-19,2026-07-19T02:45:08+0200,527325,Kaldheim Collector Booster Box,7,Magic Display,3660,0,2020-12-15 15:30:17,286.35,77,291.43,,,
2026-07-19,2026-07-19T02:45:08+0200,587696,Kamigawa: Neon Dynasty Collector Booster Box,7,Magic Display,4472,0,2021-12-17 11:54:15,332.75,158,335.68,,,
2026-07-19,2026-07-19T02:45:08+0200,851271,Lorwyn Eclipsed Collector Booster Box,7,Magic Display,6325,0,2025-09-29 09:18:52,308.85,144,306.91,,,
2026-07-19,2026-07-19T02:45:08+0200,812573,Magic: The Gathering - FINAL FANTASY Collector Booster Box,7,Magic Display,6057,0,2025-02-19 11:07:32,881.16,355,1203.18,,,
2026-07-19,2026-07-19T02:45:08+0200,781941,Magic: The Gathering Foundations Collector Booster Box,7,Magic Display,5852,0,2024-08-07 11:49:07,530.77,329.95,545.16,,,
2026-07-19,2026-07-19T02:45:08+0200,842564,Magic: The Gathering | Avatar: The Last Airbender Collector Booster Box,7,Magic Display,6261,0,2025-08-13 11:34:30,313.79,185,316.15,,,
2026-07-19,2026-07-19T02:45:08+0200,869496,Magic: The Gathering | Marvel Super Heroes Collector Booster Box,7,Magic Display,6476,0,2026-01-28 13:25:37,324.09,144,305.4,,,
2026-07-19,2026-07-19T02:45:08+0200,814380,Magic: The Gathering | Marvel's Spider-Man Collector Booster Box,7,Magic Display,6070,0,2025-03-03 11:57:58,284.83,155,301.36,,,
2026-07-19,2026-07-19T02:45:08+0200,853671,Magic: The Gathering | Teenage Mutant Ninja Turtles Collector Booster Box,7,Magic Display,6345,0,2025-10-13 14:34:50,282.15,144,276.12,,,
2026-07-19,2026-07-19T02:45:08+0200,696391,March of the Machine Collector Booster Box,7,Magic Display,5227,0,2023-02-10 22:28:20,437.81,299.9,453.34,,,
2026-07-19,2026-07-19T02:45:08+0200,703885,March of the Machine: The Aftermath Collector Booster Box,7,Magic Display,5320,0,2023-03-31 15:26:44,164.99,55,169.25,,,
2026-07-19,2026-07-19T02:45:08+0200,562095,Modern Horizons 2 Collector Booster Box,7,Magic Display,4219,0,2021-04-27 14:45:19,411.21,122,423.04,,,
2026-07-19,2026-07-19T02:45:08+0200,758483,Modern Horizons 3 Collector Booster Box,7,Magic Display,5652,0,2024-02-26 11:57:51,642.26,211,662.49,,,
2026-07-19,2026-07-19T02:45:08+0200,748052,Murders at Karlov Manor Collector Booster Box,7,Magic Display,5561,0,2023-12-06 14:17:20,249.66,122,258.45,,,
2026-07-19,2026-07-19T02:45:08+0200,758326,Outlaws of Thunder Junction Collector Booster Box,7,Magic Display,5647,0,2024-02-24 10:01:37,334.76,77,298.26,,,
2026-07-19,2026-07-19T02:45:08+0200,683494,Phyrexia: All Will Be One Collector Booster Box,7,Magic Display,5184,0,2022-11-04 18:30:08,508,144,581.55,,,
2026-07-19,2026-07-19T02:45:08+0200,370211,Ravnica Allegiance Collector Booster Box,7,Magic Display,2411,0,2019-02-19 13:48:40,1174.5,1100,720.25,,,
2026-07-19,2026-07-19T02:45:08+0200,737484,Ravnica Remastered Collector Booster Box,7,Magic Display,5505,0,2023-10-05 11:05:56,981.55,677,923.05,,,
2026-07-19,2026-07-19T02:45:08+0200,885563,Reality Fracture Collector Booster Box,7,Magic Display,6571,0,2026-05-02 12:17:47,306.05,299.5,305.63,,,
2026-07-19,2026-07-19T02:45:08+0200,869357,Secrets of Strixhaven Collector Booster Box,7,Magic Display,6474,0,2026-01-28 10:47:39,315.7,158,319.26,,,
2026-07-19,2026-07-19T02:45:08+0200,897523,Star Trek Collector Booster Box,7,Magic Display,6657,0,2026-07-15 13:15:58,499.9,480,499.99,,,
2026-07-19,2026-07-19T02:45:08+0200,611248,Streets of New Capenna Collector Booster Box,7,Magic Display,4975,0,2022-03-04 16:18:49,193.75,77,194.35,,,
2026-07-19,2026-07-19T02:45:08+0200,540411,Strixhaven: School of Mages Collector Booster Box,7,Magic Display,3741,0,2021-02-19 14:36:40,382.5,420,418.36,,,
2026-07-19,2026-07-19T02:45:08+0200,813080,Tarkir: Dragonstorm Collector Booster Box,7,Magic Display,6060,0,2025-02-24 09:46:00,356.27,155,357.04,,,
2026-07-19,2026-07-19T02:45:08+0200,677805,The Brothers' War Collector Booster Box,7,Magic Display,5164,0,2022-09-29 11:06:30,501.8,309.99,594.56,,,
2026-07-19,2026-07-19T02:45:08+0200,885552,The Hobbit Collector Booster Box,7,Magic Display,6570,0,2026-05-02 11:28:12,557.5,550,599.87,,,
2026-07-19,2026-07-19T02:45:08+0200,698912,The Lord of the Rings: Tales of Middle-earth Collector Booster Box,7,Magic Display,5285,0,2023-02-22 12:27:41,1331.93,522,1463.18,,,
2026-07-19,2026-07-19T02:45:08+0200,732335,The Lord of the Rings: Tales of Middle-earth Special Edition Collector Booster Box,7,Magic Display,5489,0,2023-09-08 15:57:44,6433.79,7500,6690.73,,,
2026-07-19,2026-07-19T02:45:08+0200,734175,The Lost Caverns of Ixalan Collector Booster Box,7,Magic Display,5490,0,2023-09-23 10:44:56,753.44,211,752.32,,,
2026-07-19,2026-07-19T02:45:08+0200,426911,Theros Beyond Death Collector Booster Box,7,Magic Display,2814,0,2019-11-28 14:23:23,204.14,122,203.67,,,
2026-07-19,2026-07-19T02:45:08+0200,398849,Throne of Eldraine Collector Booster Box,7,Magic Display,2582,0,2019-09-04 15:32:27,271.11,245,265.23,,,
2026-07-19,2026-07-19T02:45:08+0200,586736,Unfinity Collector Booster Box,7,Magic Display,4468,0,2021-11-30 14:50:09,274.87,211.88,277.06,,,
2026-07-19,2026-07-19T02:45:08+0200,758498,Universes Beyond: Assassin's Creed Collector Booster Box,7,Magic Display,5655,0,2024-02-26 14:59:45,303.43,144,308.58,,,
2026-07-19,2026-07-19T02:45:08+0200,710800,Universes Beyond: Doctor Who Collector Booster Box,7,Magic Display,5358,0,2023-05-08 09:18:46,403.9,155,412.44,,,
2026-07-19,2026-07-19T02:45:08+0200,745340,Universes Beyond: Fallout Collector Booster Box,7,Magic Display,5544,0,2023-11-14 15:21:27,1131.66,255,1090.13,,,
2026-07-19,2026-07-19T02:45:08+0200,719684,Wilds of Eldraine Collector Booster Box,7,Magic Display,5359,0,2023-06-21 14:21:48,586.62,399.9,649.86,,,
2026-07-19,2026-07-19T02:45:08+0200,486979,Zendikar Rising Collector Booster Box,7,Magic Display,3404,0,2020-07-31 14:02:38,316.54,122,325.19,,,
2026-07-20,2026-07-20T02:44:06+0200,565899,Adventures in the Forgotten Realms Collector Booster Box,7,Magic Display,4259,0,2021-05-21 16:59:41,223.36,77,237.21,,,
2026-07-20,2026-07-20T02:44:06+0200,803869,Aetherdrift Collector Booster Box,7,Magic Display,5982,0,2024-12-11 10:59:59,203.06,77,202.83,,,
2026-07-20,2026-07-20T02:44:06+0200,774110,Bloomburrow Collector Booster Box,7,Magic Display,5658,0,2024-06-10 17:18:27,700.35,599.99,694.9,,,
2026-07-20,2026-07-20T02:44:06+0200,492099,Commander Legends Collector Booster Box,7,Magic Display,3454,0,2020-08-24 14:17:37,410.26,349,443.12,,,
2026-07-20,2026-07-20T02:44:06+0200,650825,Commander Legends: Battle for Baldur's Gate Collector Booster Box,7,Magic Display,5030,0,2022-03-29 14:37:06,417.02,155,442.86,,,
2026-07-20,2026-07-20T02:44:06+0200,698962,Commander Masters Collector Booster Box,7,Magic Display,5286,0,2023-02-22 14:58:05,429.96,211,449.73,,,
2026-07-20,2026-07-20T02:44:06+0200,466034,Core 2021 Collector Booster Box,7,Magic Display,3048,0,2020-06-05 10:49:33,249.15,248.99,240.47,,,
2026-07-20,2026-07-20T02:44:06+0200,681210,Dominaria Remastered Collector Booster Box,7,Magic Display,5192,0,2022-10-25 11:43:55,386.34,339.99,408.06,,,
2026-07-20,2026-07-20T02:44:06+0200,657414,Dominaria United Collector Booster Box,7,Magic Display,5072,0,2022-05-13 16:25:34,235.36,200,236.75,,,
2026-07-20,2026-07-20T02:44:06+0200,657282,Double Masters 2022 Collector Booster Box,7,Magic Display,5070,0,2022-05-13 15:30:40,337.7,122,340.31,,,
2026-07-20,2026-07-20T02:44:06+0200,776442,Duskmourn: House of Horror Collector Booster Box,7,Magic Display,5806,0,2024-07-02 16:45:10,402.4,381.99,402.71,,,
2026-07-20,2026-07-20T02:44:06+0200,813293,Edge of Eternities Collector Booster Box,7,Magic Display,6063,0,2025-02-24 12:46:27,456.1,410,463.32,,,
2026-07-20,2026-07-20T02:44:06+0200,426991,Ikoria: Lair of Behemoths Collector Booster Box,7,Magic Display,2819,0,2019-11-28 16:18:06,365,122,340.64,,,
2026-07-20,2026-07-20T02:44:06+0200,795092,Innistrad Remastered Collector Booster Box,7,Magic Display,5930,0,2024-10-28 12:31:23,310.15,122,330.86,,,
2026-07-20,2026-07-20T02:44:06+0200,573796,Innistrad: Crimson Vow Collector Booster Box,7,Magic Display,4364,0,2021-08-06 15:04:52,178.75,148,179.95,,,
2026-07-20,2026-07-20T02:44:06+0200,573781,Innistrad: Midnight Hunt Collector Booster Box,7,Magic Display,4362,0,2021-08-06 14:55:33,156.08,55,159.47,,,
2026-07-20,2026-07-20T02:44:06+0200,527325,Kaldheim Collector Booster Box,7,Magic Display,3660,0,2020-12-15 15:30:17,286.35,77,291.43,,,
2026-07-20,2026-07-20T02:44:06+0200,587696,Kamigawa: Neon Dynasty Collector Booster Box,7,Magic Display,4472,0,2021-12-17 11:54:15,332.75,158,341.82,,,
2026-07-20,2026-07-20T02:44:06+0200,851271,Lorwyn Eclipsed Collector Booster Box,7,Magic Display,6325,0,2025-09-29 09:18:52,309.3,144,306.91,,,
2026-07-20,2026-07-20T02:44:06+0200,812573,Magic: The Gathering - FINAL FANTASY Collector Booster Box,7,Magic Display,6057,0,2025-02-19 11:07:32,881.16,355,1203.18,,,
2026-07-20,2026-07-20T02:44:06+0200,781941,Magic: The Gathering Foundations Collector Booster Box,7,Magic Display,5852,0,2024-08-07 11:49:07,530.77,329.95,545.16,,,
2026-07-20,2026-07-20T02:44:06+0200,842564,Magic: The Gathering | Avatar: The Last Airbender Collector Booster Box,7,Magic Display,6261,0,2025-08-13 11:34:30,313.79,185,316.56,,,
2026-07-20,2026-07-20T02:44:06+0200,869496,Magic: The Gathering | Marvel Super Heroes Collector Booster Box,7,Magic Display,6476,0,2026-01-28 13:25:37,324.09,144,302.64,,,
2026-07-20,2026-07-20T02:44:06+0200,814380,Magic: The Gathering | Marvel's Spider-Man Collector Booster Box,7,Magic Display,6070,0,2025-03-03 11:57:58,284.83,155,302.67,,,
2026-07-20,2026-07-20T02:44:06+0200,853671,Magic: The Gathering | Teenage Mutant Ninja Turtles Collector Booster Box,7,Magic Display,6345,0,2025-10-13 14:34:50,282.15,144,276.12,,,
2026-07-20,2026-07-20T02:44:06+0200,696391,March of the Machine Collector Booster Box,7,Magic Display,5227,0,2023-02-10 22:28:20,437.81,299.9,453.34,,,
2026-07-20,2026-07-20T02:44:06+0200,703885,March of the Machine: The Aftermath Collector Booster Box,7,Magic Display,5320,0,2023-03-31 15:26:44,164.99,55,169.25,,,
2026-07-20,2026-07-20T02:44:06+0200,562095,Modern Horizons 2 Collector Booster Box,7,Magic Display,4219,0,2021-04-27 14:45:19,411.21,122,423.04,,,
2026-07-20,2026-07-20T02:44:06+0200,758483,Modern Horizons 3 Collector Booster Box,7,Magic Display,5652,0,2024-02-26 11:57:51,642.26,211,670.83,,,
2026-07-20,2026-07-20T02:44:06+0200,748052,Murders at Karlov Manor Collector Booster Box,7,Magic Display,5561,0,2023-12-06 14:17:20,249.66,122,258.91,,,
2026-07-20,2026-07-20T02:44:06+0200,758326,Outlaws of Thunder Junction Collector Booster Box,7,Magic Display,5647,0,2024-02-24 10:01:37,334.76,77,307.78,,,
2026-07-20,2026-07-20T02:44:06+0200,683494,Phyrexia: All Will Be One Collector Booster Box,7,Magic Display,5184,0,2022-11-04 18:30:08,508,144,581.55,,,
2026-07-20,2026-07-20T02:44:06+0200,370211,Ravnica Allegiance Collector Booster Box,7,Magic Display,2411,0,2019-02-19 13:48:40,1174.5,1100,720.25,,,
2026-07-20,2026-07-20T02:44:06+0200,737484,Ravnica Remastered Collector Booster Box,7,Magic Display,5505,0,2023-10-05 11:05:56,981.55,677,923.05,,,
2026-07-20,2026-07-20T02:44:06+0200,885563,Reality Fracture Collector Booster Box,7,Magic Display,6571,0,2026-05-02 12:17:47,306.05,299.5,306.03,,,
2026-07-20,2026-07-20T02:44:06+0200,869357,Secrets of Strixhaven Collector Booster Box,7,Magic Display,6474,0,2026-01-28 10:47:39,315.7,158,315.78,,,
2026-07-20,2026-07-20T02:44:06+0200,897523,Star Trek Collector Booster Box,7,Magic Display,6657,0,2026-07-15 13:15:58,499.9,480,499.99,,,
2026-07-20,2026-07-20T02:44:06+0200,611248,Streets of New Capenna Collector Booster Box,7,Magic Display,4975,0,2022-03-04 16:18:49,193.75,77,194.26,,,
2026-07-20,2026-07-20T02:44:06+0200,540411,Strixhaven: School of Mages Collector Booster Box,7,Magic Display,3741,0,2021-02-19 14:36:40,382.5,420,418.36,,,
2026-07-20,2026-07-20T02:44:06+0200,813080,Tarkir: Dragonstorm Collector Booster Box,7,Magic Display,6060,0,2025-02-24 09:46:00,356.27,155,357.04,,,
2026-07-20,2026-07-20T02:44:06+0200,677805,The Brothers' War Collector Booster Box,7,Magic Display,5164,0,2022-09-29 11:06:30,501.8,310,594.56,,,
2026-07-20,2026-07-20T02:44:06+0200,885552,The Hobbit Collector Booster Box,7,Magic Display,6570,0,2026-05-02 11:28:12,557.5,530,603.41,,,
2026-07-20,2026-07-20T02:44:06+0200,698912,The Lord of the Rings: Tales of Middle-earth Collector Booster Box,7,Magic Display,5285,0,2023-02-22 12:27:41,1331.93,522,1463.18,,,
2026-07-20,2026-07-20T02:44:06+0200,732335,The Lord of the Rings: Tales of Middle-earth Special Edition Collector Booster Box,7,Magic Display,5489,0,2023-09-08 15:57:44,6433.79,7495,6690.73,,,
2026-07-20,2026-07-20T02:44:06+0200,734175,The Lost Caverns of Ixalan Collector Booster Box,7,Magic Display,5490,0,2023-09-23 10:44:56,753.44,211,755.59,,,
2026-07-20,2026-07-20T02:44:06+0200,426911,Theros Beyond Death Collector Booster Box,7,Magic Display,2814,0,2019-11-28 14:23:23,204.14,122,203.67,,,
2026-07-20,2026-07-20T02:44:06+0200,398849,Throne of Eldraine Collector Booster Box,7,Magic Display,2582,0,2019-09-04 15:32:27,271.11,245,265.23,,,
2026-07-20,2026-07-20T02:44:06+0200,586736,Unfinity Collector Booster Box,7,Magic Display,4468,0,2021-11-30 14:50:09,277.49,211.88,277.06,,,
2026-07-20,2026-07-20T02:44:06+0200,758498,Universes Beyond: Assassin's Creed Collector Booster Box,7,Magic Display,5655,0,2024-02-26 14:59:45,303.43,144,308.58,,,
2026-07-20,2026-07-20T02:44:06+0200,710800,Universes Beyond: Doctor Who Collector Booster Box,7,Magic Display,5358,0,2023-05-08 09:18:46,403.9,155,412.44,,,
2026-07-20,2026-07-20T02:44:06+0200,745340,Universes Beyond: Fallout Collector Booster Box,7,Magic Display,5544,0,2023-11-14 15:21:27,1131.66,255,1090.13,,,
2026-07-20,2026-07-20T02:44:06+0200,719684,Wilds of Eldraine Collector Booster Box,7,Magic Display,5359,0,2023-06-21 14:21:48,586.62,399.9,666.29,,,
2026-07-20,2026-07-20T02:44:06+0200,486979,Zendikar Rising Collector Booster Box,7,Magic Display,3404,0,2020-07-31 14:02:38,316.54,122,325.19,,,
2026-07-21,2026-07-21T02:44:58+0200,565899,Adventures in the Forgotten Realms Collector Booster Box,7,Magic Display,4259,0,2021-05-21 16:59:41,223.36,77,239.22,,,
2026-07-21,2026-07-21T02:44:58+0200,803869,Aetherdrift Collector Booster Box,7,Magic Display,5982,0,2024-12-11 10:59:59,203.06,77,200.89,,,
2026-07-21,2026-07-21T02:44:58+0200,774110,Bloomburrow Collector Booster Box,7,Magic Display,5658,0,2024-06-10 17:18:27,700.35,599.99,704.3,,,
2026-07-21,2026-07-21T02:44:58+0200,492099,Commander Legends Collector Booster Box,7,Magic Display,3454,0,2020-08-24 14:17:37,410.26,349,443.12,,,
2026-07-21,2026-07-21T02:44:58+0200,650825,Commander Legends: Battle for Baldur's Gate Collector Booster Box,7,Magic Display,5030,0,2022-03-29 14:37:06,417.02,268.82,457.78,,,
2026-07-21,2026-07-21T02:44:58+0200,698962,Commander Masters Collector Booster Box,7,Magic Display,5286,0,2023-02-22 14:58:05,429.96,211,456.24,,,
2026-07-21,2026-07-21T02:44:58+0200,466034,Core 2021 Collector Booster Box,7,Magic Display,3048,0,2020-06-05 10:49:33,249.15,248.99,245.87,,,
2026-07-21,2026-07-21T02:44:58+0200,681210,Dominaria Remastered Collector Booster Box,7,Magic Display,5192,0,2022-10-25 11:43:55,386.34,339.99,408.06,,,
2026-07-21,2026-07-21T02:44:58+0200,657414,Dominaria United Collector Booster Box,7,Magic Display,5072,0,2022-05-13 16:25:34,235.36,200,236.75,,,
2026-07-21,2026-07-21T02:44:58+0200,657282,Double Masters 2022 Collector Booster Box,7,Magic Display,5070,0,2022-05-13 15:30:40,337.7,285,344.12,,,
2026-07-21,2026-07-21T02:44:58+0200,776442,Duskmourn: House of Horror Collector Booster Box,7,Magic Display,5806,0,2024-07-02 16:45:10,402.4,381.99,402.71,,,
2026-07-21,2026-07-21T02:44:58+0200,813293,Edge of Eternities Collector Booster Box,7,Magic Display,6063,0,2025-02-24 12:46:27,456.1,410,463.32,,,
2026-07-21,2026-07-21T02:44:58+0200,426991,Ikoria: Lair of Behemoths Collector Booster Box,7,Magic Display,2819,0,2019-11-28 16:18:06,365,255,340.64,,,
2026-07-21,2026-07-21T02:44:58+0200,795092,Innistrad Remastered Collector Booster Box,7,Magic Display,5930,0,2024-10-28 12:31:23,310.15,269.99,330.86,,,
2026-07-21,2026-07-21T02:44:58+0200,573796,Innistrad: Crimson Vow Collector Booster Box,7,Magic Display,4364,0,2021-08-06 15:04:52,178.75,148,181.13,,,
2026-07-21,2026-07-21T02:44:58+0200,573781,Innistrad: Midnight Hunt Collector Booster Box,7,Magic Display,4362,0,2021-08-06 14:55:33,156.08,128,159.47,,,
2026-07-21,2026-07-21T02:44:58+0200,527325,Kaldheim Collector Booster Box,7,Magic Display,3660,0,2020-12-15 15:30:17,286.35,175,291.43,,,
2026-07-21,2026-07-21T02:44:58+0200,587696,Kamigawa: Neon Dynasty Collector Booster Box,7,Magic Display,4472,0,2021-12-17 11:54:15,332.75,158,341.82,,,
2026-07-21,2026-07-21T02:44:58+0200,851271,Lorwyn Eclipsed Collector Booster Box,7,Magic Display,6325,0,2025-09-29 09:18:52,309.3,144,308.09,,,
2026-07-21,2026-07-21T02:44:58+0200,812573,Magic: The Gathering - FINAL FANTASY Collector Booster Box,7,Magic Display,6057,0,2025-02-19 11:07:32,881.16,799.94,1258.88,,,
2026-07-21,2026-07-21T02:44:58+0200,781941,Magic: The Gathering Foundations Collector Booster Box,7,Magic Display,5852,0,2024-08-07 11:49:07,530.77,329.95,545.16,,,
2026-07-21,2026-07-21T02:44:58+0200,842564,Magic: The Gathering | Avatar: The Last Airbender Collector Booster Box,7,Magic Display,6261,0,2025-08-13 11:34:30,313.79,185,316.49,,,
2026-07-21,2026-07-21T02:44:58+0200,869496,Magic: The Gathering | Marvel Super Heroes Collector Booster Box,7,Magic Display,6476,0,2026-01-28 13:25:37,324.09,144,305.82,,,
2026-07-21,2026-07-21T02:44:58+0200,814380,Magic: The Gathering | Marvel's Spider-Man Collector Booster Box,7,Magic Display,6070,0,2025-03-03 11:57:58,284.83,155,304.24,,,
2026-07-21,2026-07-21T02:44:58+0200,853671,Magic: The Gathering | Teenage Mutant Ninja Turtles Collector Booster Box,7,Magic Display,6345,0,2025-10-13 14:34:50,282.15,243.99,273.71,,,
2026-07-21,2026-07-21T02:44:58+0200,696391,March of the Machine Collector Booster Box,7,Magic Display,5227,0,2023-02-10 22:28:20,437.81,390,453.34,,,
2026-07-21,2026-07-21T02:44:58+0200,703885,March of the Machine: The Aftermath Collector Booster Box,7,Magic Display,5320,0,2023-03-31 15:26:44,173.56,55,169.25,,,
2026-07-21,2026-07-21T02:44:58+0200,562095,Modern Horizons 2 Collector Booster Box,7,Magic Display,4219,0,2021-04-27 14:45:19,411.21,122,423.81,,,
2026-07-21,2026-07-21T02:44:58+0200,758483,Modern Horizons 3 Collector Booster Box,7,Magic Display,5652,0,2024-02-26 11:57:51,642.26,211,670.83,,,
2026-07-21,2026-07-21T02:44:58+0200,748052,Murders at Karlov Manor Collector Booster Box,7,Magic Display,5561,0,2023-12-06 14:17:20,249.66,199,258.91,,,
2026-07-21,2026-07-21T02:44:58+0200,758326,Outlaws of Thunder Junction Collector Booster Box,7,Magic Display,5647,0,2024-02-24 10:01:37,334.76,77,307.78,,,
2026-07-21,2026-07-21T02:44:58+0200,683494,Phyrexia: All Will Be One Collector Booster Box,7,Magic Display,5184,0,2022-11-04 18:30:08,508,144,581.55,,,
2026-07-21,2026-07-21T02:44:58+0200,370211,Ravnica Allegiance Collector Booster Box,7,Magic Display,2411,0,2019-02-19 13:48:40,1174.5,1100,720.25,,,
2026-07-21,2026-07-21T02:44:58+0200,737484,Ravnica Remastered Collector Booster Box,7,Magic Display,5505,0,2023-10-05 11:05:56,981.55,677,923.05,,,
2026-07-21,2026-07-21T02:44:58+0200,885563,Reality Fracture Collector Booster Box,7,Magic Display,6571,0,2026-05-02 12:17:47,306.05,299.5,306.36,,,
2026-07-21,2026-07-21T02:44:58+0200,869357,Secrets of Strixhaven Collector Booster Box,7,Magic Display,6474,0,2026-01-28 10:47:39,315.7,158,318.01,,,
2026-07-21,2026-07-21T02:44:58+0200,897523,Star Trek Collector Booster Box,7,Magic Display,6657,0,2026-07-15 13:15:58,499.9,470,499.99,,,
2026-07-21,2026-07-21T02:44:58+0200,611248,Streets of New Capenna Collector Booster Box,7,Magic Display,4975,0,2022-03-04 16:18:49,193.75,77,193.06,,,
2026-07-21,2026-07-21T02:44:58+0200,540411,Strixhaven: School of Mages Collector Booster Box,7,Magic Display,3741,0,2021-02-19 14:36:40,382.5,389.99,416.8,,,
2026-07-21,2026-07-21T02:44:58+0200,813080,Tarkir: Dragonstorm Collector Booster Box,7,Magic Display,6060,0,2025-02-24 09:46:00,356.27,155,357.04,,,
2026-07-21,2026-07-21T02:44:58+0200,677805,The Brothers' War Collector Booster Box,7,Magic Display,5164,0,2022-09-29 11:06:30,501.8,310,594.56,,,
2026-07-21,2026-07-21T02:44:58+0200,885552,The Hobbit Collector Booster Box,7,Magic Display,6570,0,2026-05-02 11:28:12,557.5,530,610.75,,,
2026-07-21,2026-07-21T02:44:58+0200,698912,The Lord of the Rings: Tales of Middle-earth Collector Booster Box,7,Magic Display,5285,0,2023-02-22 12:27:41,1331.93,1149,1463.18,,,
2026-07-21,2026-07-21T02:44:58+0200,732335,The Lord of the Rings: Tales of Middle-earth Special Edition Collector Booster Box,7,Magic Display,5489,0,2023-09-08 15:57:44,6433.79,7200,6690.73,,,
2026-07-21,2026-07-21T02:44:58+0200,734175,The Lost Caverns of Ixalan Collector Booster Box,7,Magic Display,5490,0,2023-09-23 10:44:56,753.44,680,755.59,,,
2026-07-21,2026-07-21T02:44:58+0200,426911,Theros Beyond Death Collector Booster Box,7,Magic Display,2814,0,2019-11-28 14:23:23,204.14,122,206.19,,,
2026-07-21,2026-07-21T02:44:58+0200,398849,Throne of Eldraine Collector Booster Box,7,Magic Display,2582,0,2019-09-04 15:32:27,271.11,255,266.2,,,
2026-07-21,2026-07-21T02:44:58+0200,586736,Unfinity Collector Booster Box,7,Magic Display,4468,0,2021-11-30 14:50:09,277.49,211.88,277.06,,,
2026-07-21,2026-07-21T02:44:58+0200,758498,Universes Beyond: Assassin's Creed Collector Booster Box,7,Magic Display,5655,0,2024-02-26 14:59:45,303.43,144,316.93,,,
2026-07-21,2026-07-21T02:44:58+0200,710800,Universes Beyond: Doctor Who Collector Booster Box,7,Magic Display,5358,0,2023-05-08 09:18:46,403.9,155,412.44,,,
2026-07-21,2026-07-21T02:44:58+0200,745340,Universes Beyond: Fallout Collector Booster Box,7,Magic Display,5544,0,2023-11-14 15:21:27,1131.66,255,1090.13,,,
2026-07-21,2026-07-21T02:44:58+0200,719684,Wilds of Eldraine Collector Booster Box,7,Magic Display,5359,0,2023-06-21 14:21:48,586.62,429.9,666.29,,,
2026-07-21,2026-07-21T02:44:58+0200,486979,Zendikar Rising Collector Booster Box,7,Magic Display,3404,0,2020-07-31 14:02:38,316.54,294.9,324.37,,,
2026-07-22,2026-07-22T02:47:28+0200,565899,Adventures in the Forgotten Realms Collector Booster Box,7,Magic Display,4259,0,2021-05-21 16:59:41,223.36,179.94,241.07,,,
2026-07-22,2026-07-22T02:47:28+0200,803869,Aetherdrift Collector Booster Box,7,Magic Display,5982,0,2024-12-11 10:59:59,203.06,179.99,200.89,,,
2026-07-22,2026-07-22T02:47:28+0200,774110,Bloomburrow Collector Booster Box,7,Magic Display,5658,0,2024-06-10 17:18:27,700.35,599.99,704.3,,,
2026-07-22,2026-07-22T02:47:28+0200,492099,Commander Legends Collector Booster Box,7,Magic Display,3454,0,2020-08-24 14:17:37,410.26,349,443.12,,,
2026-07-22,2026-07-22T02:47:28+0200,650825,Commander Legends: Battle for Baldur's Gate Collector Booster Box,7,Magic Display,5030,0,2022-03-29 14:37:06,417.02,268.82,457.78,,,
2026-07-22,2026-07-22T02:47:28+0200,698962,Commander Masters Collector Booster Box,7,Magic Display,5286,0,2023-02-22 14:58:05,429.96,211,456.24,,,
2026-07-22,2026-07-22T02:47:28+0200,466034,Core 2021 Collector Booster Box,7,Magic Display,3048,0,2020-06-05 10:49:33,249.15,248.99,250.79,,,
2026-07-22,2026-07-22T02:47:28+0200,681210,Dominaria Remastered Collector Booster Box,7,Magic Display,5192,0,2022-10-25 11:43:55,395.83,339.99,408.06,,,
2026-07-22,2026-07-22T02:47:28+0200,657414,Dominaria United Collector Booster Box,7,Magic Display,5072,0,2022-05-13 16:25:34,235.36,200,236.75,,,
2026-07-22,2026-07-22T02:47:28+0200,657282,Double Masters 2022 Collector Booster Box,7,Magic Display,5070,0,2022-05-13 15:30:40,337.7,285,349.29,,,
2026-07-22,2026-07-22T02:47:28+0200,776442,Duskmourn: House of Horror Collector Booster Box,7,Magic Display,5806,0,2024-07-02 16:45:10,402.4,381.99,402.71,,,
2026-07-22,2026-07-22T02:47:28+0200,813293,Edge of Eternities Collector Booster Box,7,Magic Display,6063,0,2025-02-24 12:46:27,456.1,410,463.32,,,
2026-07-22,2026-07-22T02:47:28+0200,426991,Ikoria: Lair of Behemoths Collector Booster Box,7,Magic Display,2819,0,2019-11-28 16:18:06,365,255,340.64,,,
2026-07-22,2026-07-22T02:47:28+0200,795092,Innistrad Remastered Collector Booster Box,7,Magic Display,5930,0,2024-10-28 12:31:23,310.15,269.99,330.86,,,
2026-07-22,2026-07-22T02:47:28+0200,573796,Innistrad: Crimson Vow Collector Booster Box,7,Magic Display,4364,0,2021-08-06 15:04:52,178.75,148,181.13,,,
2026-07-22,2026-07-22T02:47:28+0200,573781,Innistrad: Midnight Hunt Collector Booster Box,7,Magic Display,4362,0,2021-08-06 14:55:33,156.08,128,159.47,,,
2026-07-22,2026-07-22T02:47:28+0200,527325,Kaldheim Collector Booster Box,7,Magic Display,3660,0,2020-12-15 15:30:17,286.35,250,291.43,,,
2026-07-22,2026-07-22T02:47:28+0200,587696,Kamigawa: Neon Dynasty Collector Booster Box,7,Magic Display,4472,0,2021-12-17 11:54:15,332.75,309.99,341.82,,,
2026-07-22,2026-07-22T02:47:28+0200,851271,Lorwyn Eclipsed Collector Booster Box,7,Magic Display,6325,0,2025-09-29 09:18:52,309.3,279.95,304.75,,,
2026-07-22,2026-07-22T02:47:28+0200,812573,Magic: The Gathering - FINAL FANTASY Collector Booster Box,7,Magic Display,6057,0,2025-02-19 11:07:32,881.16,799.94,1258.88,,,
2026-07-22,2026-07-22T02:47:28+0200,781941,Magic: The Gathering Foundations Collector Booster Box,7,Magic Display,5852,0,2024-08-07 11:49:07,530.77,329.95,545.16,,,
2026-07-22,2026-07-22T02:47:28+0200,842564,Magic: The Gathering | Avatar: The Last Airbender Collector Booster Box,7,Magic Display,6261,0,2025-08-13 11:34:30,313.79,300,318.17,,,
2026-07-22,2026-07-22T02:47:28+0200,869496,Magic: The Gathering | Marvel Super Heroes Collector Booster Box,7,Magic Display,6476,0,2026-01-28 13:25:37,324.09,284,307.95,,,
2026-07-22,2026-07-22T02:47:28+0200,814380,Magic: The Gathering | Marvel's Spider-Man Collector Booster Box,7,Magic Display,6070,0,2025-03-03 11:57:58,284.83,279.9,306.12,,,
2026-07-22,2026-07-22T02:47:28+0200,853671,Magic: The Gathering | Teenage Mutant Ninja Turtles Collector Booster Box,7,Magic Display,6345,0,2025-10-13 14:34:50,282.15,243.99,272.55,,,
2026-07-22,2026-07-22T02:47:28+0200,696391,March of the Machine Collector Booster Box,7,Magic Display,5227,0,2023-02-10 22:28:20,437.81,390,453.34,,,
2026-07-22,2026-07-22T02:47:28+0200,703885,March of the Machine: The Aftermath Collector Booster Box,7,Magic Display,5320,0,2023-03-31 15:26:44,173.56,55,169.25,,,
2026-07-22,2026-07-22T02:47:28+0200,562095,Modern Horizons 2 Collector Booster Box,7,Magic Display,4219,0,2021-04-27 14:45:19,411.21,398.56,423.81,,,
2026-07-22,2026-07-22T02:47:28+0200,758483,Modern Horizons 3 Collector Booster Box,7,Magic Display,5652,0,2024-02-26 11:57:51,642.26,211,670.83,,,
2026-07-22,2026-07-22T02:47:28+0200,748052,Murders at Karlov Manor Collector Booster Box,7,Magic Display,5561,0,2023-12-06 14:17:20,255.88,199,261.03,,,
2026-07-22,2026-07-22T02:47:28+0200,758326,Outlaws of Thunder Junction Collector Booster Box,7,Magic Display,5647,0,2024-02-24 10:01:37,334.76,199.99,309.59,,,
2026-07-22,2026-07-22T02:47:28+0200,683494,Phyrexia: All Will Be One Collector Booster Box,7,Magic Display,5184,0,2022-11-04 18:30:08,508,380,581.55,,,
2026-07-22,2026-07-22T02:47:28+0200,370211,Ravnica Allegiance Collector Booster Box,7,Magic Display,2411,0,2019-02-19 13:48:40,1174.5,1100,720.25,,,
2026-07-22,2026-07-22T02:47:28+0200,737484,Ravnica Remastered Collector Booster Box,7,Magic Display,5505,0,2023-10-05 11:05:56,981.55,999.99,923.05,,,
2026-07-22,2026-07-22T02:47:28+0200,885563,Reality Fracture Collector Booster Box,7,Magic Display,6571,0,2026-05-02 12:17:47,306.05,299.5,307.32,,,
2026-07-22,2026-07-22T02:47:28+0200,869357,Secrets of Strixhaven Collector Booster Box,7,Magic Display,6474,0,2026-01-28 10:47:39,315.7,293.98,316.89,,,
2026-07-22,2026-07-22T02:47:28+0200,897523,Star Trek Collector Booster Box,7,Magic Display,6657,0,2026-07-15 13:15:58,499.9,470,441.46,,,
2026-07-22,2026-07-22T02:47:28+0200,611248,Streets of New Capenna Collector Booster Box,7,Magic Display,4975,0,2022-03-04 16:18:49,193.75,159.99,194.4,,,
2026-07-22,2026-07-22T02:47:28+0200,540411,Strixhaven: School of Mages Collector Booster Box,7,Magic Display,3741,0,2021-02-19 14:36:40,382.5,389.99,414.05,,,
2026-07-22,2026-07-22T02:47:28+0200,813080,Tarkir: Dragonstorm Collector Booster Box,7,Magic Display,6060,0,2025-02-24 09:46:00,356.27,349.9,360.74,,,
2026-07-22,2026-07-22T02:47:28+0200,677805,The Brothers' War Collector Booster Box,7,Magic Display,5164,0,2022-09-29 11:06:30,560.29,310,594.56,,,
2026-07-22,2026-07-22T02:47:28+0200,885552,The Hobbit Collector Booster Box,7,Magic Display,6570,0,2026-05-02 11:28:12,557.5,530,613,,,
2026-07-22,2026-07-22T02:47:28+0200,698912,The Lord of the Rings: Tales of Middle-earth Collector Booster Box,7,Magic Display,5285,0,2023-02-22 12:27:41,1331.93,1149,1566.81,,,
2026-07-22,2026-07-22T02:47:28+0200,732335,The Lord of the Rings: Tales of Middle-earth Special Edition Collector Booster Box,7,Magic Display,5489,0,2023-09-08 15:57:44,6433.79,7000,6690.73,,,
2026-07-22,2026-07-22T02:47:28+0200,734175,The Lost Caverns of Ixalan Collector Booster Box,7,Magic Display,5490,0,2023-09-23 10:44:56,753.44,680,755.59,,,
2026-07-22,2026-07-22T02:47:28+0200,426911,Theros Beyond Death Collector Booster Box,7,Magic Display,2814,0,2019-11-28 14:23:23,204.14,199,206.19,,,
2026-07-22,2026-07-22T02:47:28+0200,398849,Throne of Eldraine Collector Booster Box,7,Magic Display,2582,0,2019-09-04 15:32:27,271.11,255,264.4,,,
2026-07-22,2026-07-22T02:47:28+0200,586736,Unfinity Collector Booster Box,7,Magic Display,4468,0,2021-11-30 14:50:09,277.49,211.88,277.06,,,
2026-07-22,2026-07-22T02:47:28+0200,758498,Universes Beyond: Assassin's Creed Collector Booster Box,7,Magic Display,5655,0,2024-02-26 14:59:45,303.43,265,316.93,,,
2026-07-22,2026-07-22T02:47:28+0200,710800,Universes Beyond: Doctor Who Collector Booster Box,7,Magic Display,5358,0,2023-05-08 09:18:46,403.9,239.99,425.61,,,
2026-07-22,2026-07-22T02:47:28+0200,745340,Universes Beyond: Fallout Collector Booster Box,7,Magic Display,5544,0,2023-11-14 15:21:27,1131.66,900,1090.13,,,
2026-07-22,2026-07-22T02:47:28+0200,719684,Wilds of Eldraine Collector Booster Box,7,Magic Display,5359,0,2023-06-21 14:21:48,586.62,429.9,666.29,,,
2026-07-22,2026-07-22T02:47:28+0200,486979,Zendikar Rising Collector Booster Box,7,Magic Display,3404,0,2020-07-31 14:02:38,316.54,294.9,322.78,,,
2026-07-23,2026-07-23T02:50:14+0200,565899,Adventures in the Forgotten Realms Collector Booster Box,7,Magic Display,4259,0,2021-05-21 16:59:41,223.36,179.94,245,,,
2026-07-23,2026-07-23T02:50:14+0200,803869,Aetherdrift Collector Booster Box,7,Magic Display,5982,0,2024-12-11 10:59:59,203.06,179.99,202.09,,,
2026-07-23,2026-07-23T02:50:14+0200,774110,Bloomburrow Collector Booster Box,7,Magic Display,5658,0,2024-06-10 17:18:27,700.35,599.99,704.3,,,
2026-07-23,2026-07-23T02:50:14+0200,492099,Commander Legends Collector Booster Box,7,Magic Display,3454,0,2020-08-24 14:17:37,410.26,349,443.12,,,
2026-07-23,2026-07-23T02:50:14+0200,650825,Commander Legends: Battle for Baldur's Gate Collector Booster Box,7,Magic Display,5030,0,2022-03-29 14:37:06,417.02,299.99,457.78,,,
2026-07-23,2026-07-23T02:50:14+0200,698962,Commander Masters Collector Booster Box,7,Magic Display,5286,0,2023-02-22 14:58:05,429.96,450,456.24,,,
2026-07-23,2026-07-23T02:50:14+0200,466034,Core 2021 Collector Booster Box,7,Magic Display,3048,0,2020-06-05 10:49:33,249.15,248.99,250.79,,,
2026-07-23,2026-07-23T02:50:14+0200,681210,Dominaria Remastered Collector Booster Box,7,Magic Display,5192,0,2022-10-25 11:43:55,395.83,339.99,408.06,,,
2026-07-23,2026-07-23T02:50:14+0200,657414,Dominaria United Collector Booster Box,7,Magic Display,5072,0,2022-05-13 16:25:34,235.36,200,236.75,,,
2026-07-23,2026-07-23T02:50:14+0200,657282,Double Masters 2022 Collector Booster Box,7,Magic Display,5070,0,2022-05-13 15:30:40,337.7,285,349.29,,,
2026-07-23,2026-07-23T02:50:14+0200,776442,Duskmourn: House of Horror Collector Booster Box,7,Magic Display,5806,0,2024-07-02 16:45:10,402.4,381.99,403.15,,,
2026-07-23,2026-07-23T02:50:14+0200,813293,Edge of Eternities Collector Booster Box,7,Magic Display,6063,0,2025-02-24 12:46:27,456.1,410,473.1,,,
2026-07-23,2026-07-23T02:50:14+0200,426991,Ikoria: Lair of Behemoths Collector Booster Box,7,Magic Display,2819,0,2019-11-28 16:18:06,365,255,340.64,,,
2026-07-23,2026-07-23T02:50:14+0200,795092,Innistrad Remastered Collector Booster Box,7,Magic Display,5930,0,2024-10-28 12:31:23,310.15,269.99,330.86,,,
2026-07-23,2026-07-23T02:50:14+0200,573796,Innistrad: Crimson Vow Collector Booster Box,7,Magic Display,4364,0,2021-08-06 15:04:52,178.75,148,181.13,,,
2026-07-23,2026-07-23T02:50:14+0200,573781,Innistrad: Midnight Hunt Collector Booster Box,7,Magic Display,4362,0,2021-08-06 14:55:33,156.08,128,159.47,,,
2026-07-23,2026-07-23T02:50:14+0200,527325,Kaldheim Collector Booster Box,7,Magic Display,3660,0,2020-12-15 15:30:17,286.35,250,288.91,,,
2026-07-23,2026-07-23T02:50:14+0200,587696,Kamigawa: Neon Dynasty Collector Booster Box,7,Magic Display,4472,0,2021-12-17 11:54:15,332.75,309.99,349.92,,,
2026-07-23,2026-07-23T02:50:14+0200,851271,Lorwyn Eclipsed Collector Booster Box,7,Magic Display,6325,0,2025-09-29 09:18:52,309.3,279.95,306.52,,,
2026-07-23,2026-07-23T02:50:14+0200,812573,Magic: The Gathering - FINAL FANTASY Collector Booster Box,7,Magic Display,6057,0,2025-02-19 11:07:32,881.16,799.94,1227.79,,,
2026-07-23,2026-07-23T02:50:14+0200,781941,Magic: The Gathering Foundations Collector Booster Box,7,Magic Display,5852,0,2024-08-07 11:49:07,530.77,329.95,545.16,,,
2026-07-23,2026-07-23T02:50:14+0200,842564,Magic: The Gathering | Avatar: The Last Airbender Collector Booster Box,7,Magic Display,6261,0,2025-08-13 11:34:30,313.79,300,320.42,,,
2026-07-23,2026-07-23T02:50:14+0200,869496,Magic: The Gathering | Marvel Super Heroes Collector Booster Box,7,Magic Display,6476,0,2026-01-28 13:25:37,324.09,284,309.32,,,
2026-07-23,2026-07-23T02:50:14+0200,814380,Magic: The Gathering | Marvel's Spider-Man Collector Booster Box,7,Magic Display,6070,0,2025-03-03 11:57:58,284.83,279.9,307.63,,,
2026-07-23,2026-07-23T02:50:14+0200,853671,Magic: The Gathering | Teenage Mutant Ninja Turtles Collector Booster Box,7,Magic Display,6345,0,2025-10-13 14:34:50,282.15,243.99,274.83,,,
2026-07-23,2026-07-23T02:50:14+0200,696391,March of the Machine Collector Booster Box,7,Magic Display,5227,0,2023-02-10 22:28:20,437.81,390,524.31,,,
2026-07-23,2026-07-23T02:50:14+0200,703885,March of the Machine: The Aftermath Collector Booster Box,7,Magic Display,5320,0,2023-03-31 15:26:44,173.56,55,166.28,,,
2026-07-23,2026-07-23T02:50:14+0200,562095,Modern Horizons 2 Collector Booster Box,7,Magic Display,4219,0,2021-04-27 14:45:19,411.21,398.56,423.81,,,
2026-07-23,2026-07-23T02:50:14+0200,758483,Modern Horizons 3 Collector Booster Box,7,Magic Display,5652,0,2024-02-26 11:57:51,642.26,499.69,670.83,,,
2026-07-23,2026-07-23T02:50:14+0200,748052,Murders at Karlov Manor Collector Booster Box,7,Magic Display,5561,0,2023-12-06 14:17:20,255.88,199,261.12,,,
2026-07-23,2026-07-23T02:50:14+0200,758326,Outlaws of Thunder Junction Collector Booster Box,7,Magic Display,5647,0,2024-02-24 10:01:37,334.76,199.99,317.36,,,
2026-07-23,2026-07-23T02:50:14+0200,683494,Phyrexia: All Will Be One Collector Booster Box,7,Magic Display,5184,0,2022-11-04 18:30:08,508,380,581.99,,,
2026-07-23,2026-07-23T02:50:14+0200,370211,Ravnica Allegiance Collector Booster Box,7,Magic Display,2411,0,2019-02-19 13:48:40,1174.5,1100,720.25,,,
2026-07-23,2026-07-23T02:50:14+0200,737484,Ravnica Remastered Collector Booster Box,7,Magic Display,5505,0,2023-10-05 11:05:56,981.55,999.99,981.33,,,
2026-07-23,2026-07-23T02:50:14+0200,885563,Reality Fracture Collector Booster Box,7,Magic Display,6571,0,2026-05-02 12:17:47,306.05,299.5,308.46,,,
2026-07-23,2026-07-23T02:50:14+0200,869357,Secrets of Strixhaven Collector Booster Box,7,Magic Display,6474,0,2026-01-28 10:47:39,315.7,293.98,320.75,,,
2026-07-23,2026-07-23T02:50:14+0200,897523,Star Trek Collector Booster Box,7,Magic Display,6657,0,2026-07-15 13:15:58,499.9,339.99,391.59,,,
2026-07-23,2026-07-23T02:50:14+0200,611248,Streets of New Capenna Collector Booster Box,7,Magic Display,4975,0,2022-03-04 16:18:49,193.75,159.99,194.4,,,
2026-07-23,2026-07-23T02:50:14+0200,540411,Strixhaven: School of Mages Collector Booster Box,7,Magic Display,3741,0,2021-02-19 14:36:40,382.5,389.99,416.34,,,
2026-07-23,2026-07-23T02:50:14+0200,813080,Tarkir: Dragonstorm Collector Booster Box,7,Magic Display,6060,0,2025-02-24 09:46:00,356.27,349.9,360.74,,,
2026-07-23,2026-07-23T02:50:14+0200,677805,The Brothers' War Collector Booster Box,7,Magic Display,5164,0,2022-09-29 11:06:30,560.29,310,594.56,,,
2026-07-23,2026-07-23T02:50:14+0200,885552,The Hobbit Collector Booster Box,7,Magic Display,6570,0,2026-05-02 11:28:12,557.5,530,619.27,,,
2026-07-23,2026-07-23T02:50:14+0200,698912,The Lord of the Rings: Tales of Middle-earth Collector Booster Box,7,Magic Display,5285,0,2023-02-22 12:27:41,1331.93,1149,1566.81,,,
2026-07-23,2026-07-23T02:50:14+0200,732335,The Lord of the Rings: Tales of Middle-earth Special Edition Collector Booster Box,7,Magic Display,5489,0,2023-09-08 15:57:44,6433.79,7000,6690.73,,,
2026-07-23,2026-07-23T02:50:14+0200,734175,The Lost Caverns of Ixalan Collector Booster Box,7,Magic Display,5490,0,2023-09-23 10:44:56,753.44,680,755.59,,,
2026-07-23,2026-07-23T02:50:14+0200,426911,Theros Beyond Death Collector Booster Box,7,Magic Display,2814,0,2019-11-28 14:23:23,204.14,198.9,210.61,,,
2026-07-23,2026-07-23T02:50:14+0200,398849,Throne of Eldraine Collector Booster Box,7,Magic Display,2582,0,2019-09-04 15:32:27,271.11,255,264.4,,,
2026-07-23,2026-07-23T02:50:14+0200,586736,Unfinity Collector Booster Box,7,Magic Display,4468,0,2021-11-30 14:50:09,277.49,211.88,277.06,,,
2026-07-23,2026-07-23T02:50:14+0200,758498,Universes Beyond: Assassin's Creed Collector Booster Box,7,Magic Display,5655,0,2024-02-26 14:59:45,303.43,265,325.38,,,
2026-07-23,2026-07-23T02:50:14+0200,710800,Universes Beyond: Doctor Who Collector Booster Box,7,Magic Display,5358,0,2023-05-08 09:18:46,403.9,239.99,425.61,,,
2026-07-23,2026-07-23T02:50:14+0200,745340,Universes Beyond: Fallout Collector Booster Box,7,Magic Display,5544,0,2023-11-14 15:21:27,1131.66,900,1090.13,,,
2026-07-23,2026-07-23T02:50:14+0200,719684,Wilds of Eldraine Collector Booster Box,7,Magic Display,5359,0,2023-06-21 14:21:48,586.62,429.9,666.29,,,
2026-07-23,2026-07-23T02:50:14+0200,486979,Zendikar Rising Collector Booster Box,7,Magic Display,3404,0,2020-07-31 14:02:38,316.54,294.9,323.85,,,
2026-07-25,2026-07-25T02:48:09+0200,565899,Adventures in the Forgotten Realms Collector Booster Box,7,Magic Display,4259,0,2021-05-21 16:59:41,223.36,77,247.27,,,
2026-07-25,2026-07-25T02:48:09+0200,803869,Aetherdrift Collector Booster Box,7,Magic Display,5982,0,2024-12-11 10:59:59,203.06,180,200.18,,,
2026-07-25,2026-07-25T02:48:09+0200,774110,Bloomburrow Collector Booster Box,7,Magic Display,5658,0,2024-06-10 17:18:27,700.35,599.99,695.27,,,
2026-07-25,2026-07-25T02:48:09+0200,492099,Commander Legends Collector Booster Box,7,Magic Display,3454,0,2020-08-24 14:17:37,410.26,349,443.12,,,
2026-07-25,2026-07-25T02:48:09+0200,650825,Commander Legends: Battle for Baldur's Gate Collector Booster Box,7,Magic Display,5030,0,2022-03-29 14:37:06,417.02,299.99,457.78,,,
2026-07-25,2026-07-25T02:48:09+0200,698962,Commander Masters Collector Booster Box,7,Magic Display,5286,0,2023-02-22 14:58:05,429.96,470,463.48,,,
2026-07-25,2026-07-25T02:48:09+0200,466034,Core 2021 Collector Booster Box,7,Magic Display,3048,0,2020-06-05 10:49:33,249.15,248.99,256.57,,,
2026-07-25,2026-07-25T02:48:09+0200,681210,Dominaria Remastered Collector Booster Box,7,Magic Display,5192,0,2022-10-25 11:43:55,395.83,339.99,408.06,,,
2026-07-25,2026-07-25T02:48:09+0200,657414,Dominaria United Collector Booster Box,7,Magic Display,5072,0,2022-05-13 16:25:34,235.36,200,239.37,,,
2026-07-25,2026-07-25T02:48:09+0200,657282,Double Masters 2022 Collector Booster Box,7,Magic Display,5070,0,2022-05-13 15:30:40,337.7,285,349.29,,,
2026-07-25,2026-07-25T02:48:09+0200,776442,Duskmourn: House of Horror Collector Booster Box,7,Magic Display,5806,0,2024-07-02 16:45:10,402.4,393,408.05,,,
2026-07-25,2026-07-25T02:48:09+0200,813293,Edge of Eternities Collector Booster Box,7,Magic Display,6063,0,2025-02-24 12:46:27,456.1,410,482.14,,,
2026-07-25,2026-07-25T02:48:09+0200,426991,Ikoria: Lair of Behemoths Collector Booster Box,7,Magic Display,2819,0,2019-11-28 16:18:06,365,255,341.28,,,
2026-07-25,2026-07-25T02:48:09+0200,795092,Innistrad Remastered Collector Booster Box,7,Magic Display,5930,0,2024-10-28 12:31:23,310.15,269.99,336.44,,,
2026-07-25,2026-07-25T02:48:09+0200,573796,Innistrad: Crimson Vow Collector Booster Box,7,Magic Display,4364,0,2021-08-06 15:04:52,178.75,148,181.13,,,
2026-07-25,2026-07-25T02:48:09+0200,573781,Innistrad: Midnight Hunt Collector Booster Box,7,Magic Display,4362,0,2021-08-06 14:55:33,156.08,128,160.69,,,
2026-07-25,2026-07-25T02:48:09+0200,527325,Kaldheim Collector Booster Box,7,Magic Display,3660,0,2020-12-15 15:30:17,286.35,250,291.56,,,
2026-07-25,2026-07-25T02:48:09+0200,587696,Kamigawa: Neon Dynasty Collector Booster Box,7,Magic Display,4472,0,2021-12-17 11:54:15,332.75,309.99,349.92,,,
2026-07-25,2026-07-25T02:48:09+0200,851271,Lorwyn Eclipsed Collector Booster Box,7,Magic Display,6325,0,2025-09-29 09:18:52,309.3,279.95,310.94,,,
2026-07-25,2026-07-25T02:48:09+0200,812573,Magic: The Gathering - FINAL FANTASY Collector Booster Box,7,Magic Display,6057,0,2025-02-19 11:07:32,881.16,820,1240.08,,,
2026-07-25,2026-07-25T02:48:09+0200,781941,Magic: The Gathering Foundations Collector Booster Box,7,Magic Display,5852,0,2024-08-07 11:49:07,530.77,329.95,556.13,,,
2026-07-25,2026-07-25T02:48:09+0200,842564,Magic: The Gathering | Avatar: The Last Airbender Collector Booster Box,7,Magic Display,6261,0,2025-08-13 11:34:30,313.79,309,323.55,,,
2026-07-25,2026-07-25T02:48:09+0200,869496,Magic: The Gathering | Marvel Super Heroes Collector Booster Box,7,Magic Display,6476,0,2026-01-28 13:25:37,324.09,296.99,311.11,,,
2026-07-25,2026-07-25T02:48:09+0200,814380,Magic: The Gathering | Marvel's Spider-Man Collector Booster Box,7,Magic Display,6070,0,2025-03-03 11:57:58,284.83,279.9,310.89,,,
2026-07-25,2026-07-25T02:48:09+0200,853671,Magic: The Gathering | Teenage Mutant Ninja Turtles Collector Booster Box,7,Magic Display,6345,0,2025-10-13 14:34:50,280.25,249.99,275.81,,,
2026-07-25,2026-07-25T02:48:09+0200,696391,March of the Machine Collector Booster Box,7,Magic Display,5227,0,2023-02-10 22:28:20,437.81,390,514.94,,,
2026-07-25,2026-07-25T02:48:09+0200,703885,March of the Machine: The Aftermath Collector Booster Box,7,Magic Display,5320,0,2023-03-31 15:26:44,173.56,55,166.28,,,
2026-07-25,2026-07-25T02:48:09+0200,562095,Modern Horizons 2 Collector Booster Box,7,Magic Display,4219,0,2021-04-27 14:45:19,411.21,188,427.74,,,
2026-07-25,2026-07-25T02:48:09+0200,758483,Modern Horizons 3 Collector Booster Box,7,Magic Display,5652,0,2024-02-26 11:57:51,671.17,499.69,669.64,,,
2026-07-25,2026-07-25T02:48:09+0200,748052,Murders at Karlov Manor Collector Booster Box,7,Magic Display,5561,0,2023-12-06 14:17:20,255.88,199,260.02,,,
2026-07-25,2026-07-25T02:48:09+0200,758326,Outlaws of Thunder Junction Collector Booster Box,7,Magic Display,5647,0,2024-02-24 10:01:37,334.76,250,321.42,,,
2026-07-25,2026-07-25T02:48:09+0200,683494,Phyrexia: All Will Be One Collector Booster Box,7,Magic Display,5184,0,2022-11-04 18:30:08,508,128,581.99,,,
2026-07-25,2026-07-25T02:48:09+0200,370211,Ravnica Allegiance Collector Booster Box,7,Magic Display,2411,0,2019-02-19 13:48:40,1174.5,1100,720.25,,,
2026-07-25,2026-07-25T02:48:09+0200,737484,Ravnica Remastered Collector Booster Box,7,Magic Display,5505,0,2023-10-05 11:05:56,981.55,999.99,981.33,,,
2026-07-25,2026-07-25T02:48:09+0200,885563,Reality Fracture Collector Booster Box,7,Magic Display,6571,0,2026-05-02 12:17:47,306.05,299.5,308.3,,,
2026-07-25,2026-07-25T02:48:09+0200,869357,Secrets of Strixhaven Collector Booster Box,7,Magic Display,6474,0,2026-01-28 10:47:39,315.7,293.98,317.98,,,
2026-07-25,2026-07-25T02:48:09+0200,897523,Star Trek Collector Booster Box,7,Magic Display,6657,0,2026-07-15 13:15:58,499.9,339.99,328.64,,,
2026-07-25,2026-07-25T02:48:09+0200,611248,Streets of New Capenna Collector Booster Box,7,Magic Display,4975,0,2022-03-04 16:18:49,193.75,77,195.35,,,
2026-07-25,2026-07-25T02:48:09+0200,540411,Strixhaven: School of Mages Collector Booster Box,7,Magic Display,3741,0,2021-02-19 14:36:40,409.1,389,416.34,,,
2026-07-25,2026-07-25T02:48:09+0200,813080,Tarkir: Dragonstorm Collector Booster Box,7,Magic Display,6060,0,2025-02-24 09:46:00,356.27,315,364.16,,,
2026-07-25,2026-07-25T02:48:09+0200,677805,The Brothers' War Collector Booster Box,7,Magic Display,5164,0,2022-09-29 11:06:30,560.29,310,604.56,,,
2026-07-25,2026-07-25T02:48:09+0200,885552,The Hobbit Collector Booster Box,7,Magic Display,6570,0,2026-05-02 11:28:12,557.5,566.49,623.94,,,
2026-07-25,2026-07-25T02:48:09+0200,698912,The Lord of the Rings: Tales of Middle-earth Collector Booster Box,7,Magic Display,5285,0,2023-02-22 12:27:41,1331.93,588,1607.13,,,
2026-07-25,2026-07-25T02:48:09+0200,732335,The Lord of the Rings: Tales of Middle-earth Special Edition Collector Booster Box,7,Magic Display,5489,0,2023-09-08 15:57:44,6433.79,6750,6690.73,,,
2026-07-25,2026-07-25T02:48:09+0200,734175,The Lost Caverns of Ixalan Collector Booster Box,7,Magic Display,5490,0,2023-09-23 10:44:56,753.44,680,764.79,,,
2026-07-25,2026-07-25T02:48:09+0200,426911,Theros Beyond Death Collector Booster Box,7,Magic Display,2814,0,2019-11-28 14:23:23,204.14,198.9,213.3,,,
2026-07-25,2026-07-25T02:48:09+0200,398849,Throne of Eldraine Collector Booster Box,7,Magic Display,2582,0,2019-09-04 15:32:27,271.11,255,264.4,,,
2026-07-25,2026-07-25T02:48:09+0200,586736,Unfinity Collector Booster Box,7,Magic Display,4468,0,2021-11-30 14:50:09,277.49,211.88,277.06,,,
2026-07-25,2026-07-25T02:48:09+0200,758498,Universes Beyond: Assassin's Creed Collector Booster Box,7,Magic Display,5655,0,2024-02-26 14:59:45,318.2,269.99,325.34,,,
2026-07-25,2026-07-25T02:48:09+0200,710800,Universes Beyond: Doctor Who Collector Booster Box,7,Magic Display,5358,0,2023-05-08 09:18:46,403.9,144,442.43,,,
2026-07-25,2026-07-25T02:48:09+0200,745340,Universes Beyond: Fallout Collector Booster Box,7,Magic Display,5544,0,2023-11-14 15:21:27,1131.66,900,1119.24,,,
2026-07-25,2026-07-25T02:48:09+0200,719684,Wilds of Eldraine Collector Booster Box,7,Magic Display,5359,0,2023-06-21 14:21:48,586.62,429.9,673.06,,,
2026-07-25,2026-07-25T02:48:09+0200,486979,Zendikar Rising Collector Booster Box,7,Magic Display,3404,0,2020-07-31 14:02:38,316.54,144,329.56,,,
2026-07-26,2026-07-26T02:44:18+0200,565899,Adventures in the Forgotten Realms Collector Booster Box,7,Magic Display,4259,0,2021-05-21 16:59:41,223.36,77,247.27,,,
2026-07-26,2026-07-26T02:44:18+0200,803869,Aetherdrift Collector Booster Box,7,Magic Display,5982,0,2024-12-11 10:59:59,203.06,77,199.54,,,
2026-07-26,2026-07-26T02:44:18+0200,774110,Bloomburrow Collector Booster Box,7,Magic Display,5658,0,2024-06-10 17:18:27,700.35,599.99,707.34,,,
2026-07-26,2026-07-26T02:44:18+0200,492099,Commander Legends Collector Booster Box,7,Magic Display,3454,0,2020-08-24 14:17:37,410.26,349,443.12,,,
2026-07-26,2026-07-26T02:44:18+0200,650825,Commander Legends: Battle for Baldur's Gate Collector Booster Box,7,Magic Display,5030,0,2022-03-29 14:37:06,417.02,177,466.65,,,
2026-07-26,2026-07-26T02:44:18+0200,698962,Commander Masters Collector Booster Box,7,Magic Display,5286,0,2023-02-22 14:58:05,455.61,188,463.48,,,
2026-07-26,2026-07-26T02:44:18+0200,466034,Core 2021 Collector Booster Box,7,Magic Display,3048,0,2020-06-05 10:49:33,249.15,248.99,258.87,,,
2026-07-26,2026-07-26T02:44:18+0200,681210,Dominaria Remastered Collector Booster Box,7,Magic Display,5192,0,2022-10-25 11:43:55,395.83,339.99,408.06,,,
2026-07-26,2026-07-26T02:44:18+0200,657414,Dominaria United Collector Booster Box,7,Magic Display,5072,0,2022-05-13 16:25:34,235.36,200,239.5,,,
2026-07-26,2026-07-26T02:44:18+0200,657282,Double Masters 2022 Collector Booster Box,7,Magic Display,5070,0,2022-05-13 15:30:40,337.7,152,349.29,,,
2026-07-26,2026-07-26T02:44:18+0200,776442,Duskmourn: House of Horror Collector Booster Box,7,Magic Display,5806,0,2024-07-02 16:45:10,402.4,393,415.31,,,
2026-07-26,2026-07-26T02:44:18+0200,813293,Edge of Eternities Collector Booster Box,7,Magic Display,6063,0,2025-02-24 12:46:27,456.1,189,475.46,,,
2026-07-26,2026-07-26T02:44:18+0200,426991,Ikoria: Lair of Behemoths Collector Booster Box,7,Magic Display,2819,0,2019-11-28 16:18:06,365,155,338.6,,,
2026-07-26,2026-07-26T02:44:18+0200,795092,Innistrad Remastered Collector Booster Box,7,Magic Display,5930,0,2024-10-28 12:31:23,310.15,144,337.74,,,
2026-07-26,2026-07-26T02:44:18+0200,573796,Innistrad: Crimson Vow Collector Booster Box,7,Magic Display,4364,0,2021-08-06 15:04:52,178.75,148,183.33,,,
2026-07-26,2026-07-26T02:44:18+0200,573781,Innistrad: Midnight Hunt Collector Booster Box,7,Magic Display,4362,0,2021-08-06 14:55:33,156.08,55,160.69,,,
2026-07-26,2026-07-26T02:44:18+0200,527325,Kaldheim Collector Booster Box,7,Magic Display,3660,0,2020-12-15 15:30:17,286.35,144,291.56,,,
2026-07-26,2026-07-26T02:44:18+0200,587696,Kamigawa: Neon Dynasty Collector Booster Box,7,Magic Display,4472,0,2021-12-17 11:54:15,332.75,114,349.92,,,
2026-07-26,2026-07-26T02:44:18+0200,851271,Lorwyn Eclipsed Collector Booster Box,7,Magic Display,6325,0,2025-09-29 09:18:52,309.3,122,311.12,,,
2026-07-26,2026-07-26T02:44:18+0200,812573,Magic: The Gathering - FINAL FANTASY Collector Booster Box,7,Magic Display,6057,0,2025-02-19 11:07:32,881.16,422,1240.08,,,
2026-07-26,2026-07-26T02:44:18+0200,781941,Magic: The Gathering Foundations Collector Booster Box,7,Magic Display,5852,0,2024-08-07 11:49:07,530.77,329.95,569.63,,,
2026-07-26,2026-07-26T02:44:18+0200,842564,Magic: The Gathering | Avatar: The Last Airbender Collector Booster Box,7,Magic Display,6261,0,2025-08-13 11:34:30,313.79,144,325.46,,,
2026-07-26,2026-07-26T02:44:18+0200,869496,Magic: The Gathering | Marvel Super Heroes Collector Booster Box,7,Magic Display,6476,0,2026-01-28 13:25:37,324.09,144,312.18,,,
2026-07-26,2026-07-26T02:44:18+0200,814380,Magic: The Gathering | Marvel's Spider-Man Collector Booster Box,7,Magic Display,6070,0,2025-03-03 11:57:58,284.83,122,310.89,,,
2026-07-26,2026-07-26T02:44:18+0200,853671,Magic: The Gathering | Teenage Mutant Ninja Turtles Collector Booster Box,7,Magic Display,6345,0,2025-10-13 14:34:50,280.25,122,276.09,,,
2026-07-26,2026-07-26T02:44:18+0200,696391,March of the Machine Collector Booster Box,7,Magic Display,5227,0,2023-02-10 22:28:20,437.81,390,514.94,,,
2026-07-26,2026-07-26T02:44:18+0200,703885,March of the Machine: The Aftermath Collector Booster Box,7,Magic Display,5320,0,2023-03-31 15:26:44,173.56,55,166.28,,,
2026-07-26,2026-07-26T02:44:18+0200,562095,Modern Horizons 2 Collector Booster Box,7,Magic Display,4219,0,2021-04-27 14:45:19,411.21,188,427.74,,,
2026-07-26,2026-07-26T02:44:18+0200,758483,Modern Horizons 3 Collector Booster Box,7,Magic Display,5652,0,2024-02-26 11:57:51,671.17,177,669.64,,,
2026-07-26,2026-07-26T02:44:18+0200,748052,Murders at Karlov Manor Collector Booster Box,7,Magic Display,5561,0,2023-12-06 14:17:20,255.88,122,260.02,,,
2026-07-26,2026-07-26T02:44:18+0200,758326,Outlaws of Thunder Junction Collector Booster Box,7,Magic Display,5647,0,2024-02-24 10:01:37,334.76,144,321.42,,,
2026-07-26,2026-07-26T02:44:18+0200,683494,Phyrexia: All Will Be One Collector Booster Box,7,Magic Display,5184,0,2022-11-04 18:30:08,508,128,581.99,,,
2026-07-26,2026-07-26T02:44:18+0200,370211,Ravnica Allegiance Collector Booster Box,7,Magic Display,2411,0,2019-02-19 13:48:40,1174.5,1100,720.25,,,
2026-07-26,2026-07-26T02:44:18+0200,737484,Ravnica Remastered Collector Booster Box,7,Magic Display,5505,0,2023-10-05 11:05:56,981.55,211,981.33,,,
2026-07-26,2026-07-26T02:44:18+0200,885563,Reality Fracture Collector Booster Box,7,Magic Display,6571,0,2026-05-02 12:17:47,306.05,293.9,307.98,,,
2026-07-26,2026-07-26T02:44:18+0200,869357,Secrets of Strixhaven Collector Booster Box,7,Magic Display,6474,0,2026-01-28 10:47:39,315.7,144,319.21,,,
2026-07-26,2026-07-26T02:44:18+0200,897523,Star Trek Collector Booster Box,7,Magic Display,6657,0,2026-07-15 13:15:58,499.9,339.99,315.13,,,
2026-07-26,2026-07-26T02:44:18+0200,611248,Streets of New Capenna Collector Booster Box,7,Magic Display,4975,0,2022-03-04 16:18:49,193.75,77,195.35,,,
2026-07-26,2026-07-26T02:44:18+0200,540411,Strixhaven: School of Mages Collector Booster Box,7,Magic Display,3741,0,2021-02-19 14:36:40,409.1,389,405.42,,,
2026-07-26,2026-07-26T02:44:18+0200,813080,Tarkir: Dragonstorm Collector Booster Box,7,Magic Display,6060,0,2025-02-24 09:46:00,356.27,122,365.62,,,
2026-07-26,2026-07-26T02:44:18+0200,677805,The Brothers' War Collector Booster Box,7,Magic Display,5164,0,2022-09-29 11:06:30,560.29,310,604.56,,,
2026-07-26,2026-07-26T02:44:18+0200,885552,The Hobbit Collector Booster Box,7,Magic Display,6570,0,2026-05-02 11:28:12,557.5,560,624.62,,,
2026-07-26,2026-07-26T02:44:18+0200,698912,The Lord of the Rings: Tales of Middle-earth Collector Booster Box,7,Magic Display,5285,0,2023-02-22 12:27:41,1424.18,588,1605.38,,,
2026-07-26,2026-07-26T02:44:18+0200,732335,The Lord of the Rings: Tales of Middle-earth Special Edition Collector Booster Box,7,Magic Display,5489,0,2023-09-08 15:57:44,6433.79,388,6690.73,,,
2026-07-26,2026-07-26T02:44:18+0200,734175,The Lost Caverns of Ixalan Collector Booster Box,7,Magic Display,5490,0,2023-09-23 10:44:56,753.44,344,764.79,,,
2026-07-26,2026-07-26T02:44:18+0200,426911,Theros Beyond Death Collector Booster Box,7,Magic Display,2814,0,2019-11-28 14:23:23,215.99,125,213.1,,,
2026-07-26,2026-07-26T02:44:18+0200,398849,Throne of Eldraine Collector Booster Box,7,Magic Display,2582,0,2019-09-04 15:32:27,271.11,255,266.59,,,
2026-07-26,2026-07-26T02:44:18+0200,586736,Unfinity Collector Booster Box,7,Magic Display,4468,0,2021-11-30 14:50:09,277.49,211.88,277.06,,,
2026-07-26,2026-07-26T02:44:18+0200,758498,Universes Beyond: Assassin's Creed Collector Booster Box,7,Magic Display,5655,0,2024-02-26 14:59:45,318.2,124,342.47,,,
2026-07-26,2026-07-26T02:44:18+0200,710800,Universes Beyond: Doctor Who Collector Booster Box,7,Magic Display,5358,0,2023-05-08 09:18:46,403.9,144,442.43,,,
2026-07-26,2026-07-26T02:44:18+0200,745340,Universes Beyond: Fallout Collector Booster Box,7,Magic Display,5544,0,2023-11-14 15:21:27,1131.66,622,1119.24,,,
2026-07-26,2026-07-26T02:44:18+0200,719684,Wilds of Eldraine Collector Booster Box,7,Magic Display,5359,0,2023-06-21 14:21:48,586.62,429.9,653.39,,,
2026-07-26,2026-07-26T02:44:18+0200,486979,Zendikar Rising Collector Booster Box,7,Magic Display,3404,0,2020-07-31 14:02:38,316.54,144,329.42,,,
2026-07-27,2026-07-27T02:46:13+0200,565899,Adventures in the Forgotten Realms Collector Booster Box,7,Magic Display,4259,0,2021-05-21 16:59:41,223.36,77,247.52,,,
2026-07-27,2026-07-27T02:46:13+0200,803869,Aetherdrift Collector Booster Box,7,Magic Display,5982,0,2024-12-11 10:59:59,203.06,77,202.28,,,
2026-07-27,2026-07-27T02:46:13+0200,774110,Bloomburrow Collector Booster Box,7,Magic Display,5658,0,2024-06-10 17:18:27,700.35,599.99,707.34,,,
2026-07-27,2026-07-27T02:46:13+0200,492099,Commander Legends Collector Booster Box,7,Magic Display,3454,0,2020-08-24 14:17:37,410.26,349,443.12,,,
2026-07-27,2026-07-27T02:46:13+0200,650825,Commander Legends: Battle for Baldur's Gate Collector Booster Box,7,Magic Display,5030,0,2022-03-29 14:37:06,417.02,177,466.65,,,
2026-07-27,2026-07-27T02:46:13+0200,698962,Commander Masters Collector Booster Box,7,Magic Display,5286,0,2023-02-22 14:58:05,455.61,188,463.48,,,
2026-07-27,2026-07-27T02:46:13+0200,466034,Core 2021 Collector Booster Box,7,Magic Display,3048,0,2020-06-05 10:49:33,249.15,248.99,258.87,,,
2026-07-27,2026-07-27T02:46:13+0200,681210,Dominaria Remastered Collector Booster Box,7,Magic Display,5192,0,2022-10-25 11:43:55,395.83,339.99,408.06,,,
2026-07-27,2026-07-27T02:46:13+0200,657414,Dominaria United Collector Booster Box,7,Magic Display,5072,0,2022-05-13 16:25:34,235.36,200,239.5,,,
2026-07-27,2026-07-27T02:46:13+0200,657282,Double Masters 2022 Collector Booster Box,7,Magic Display,5070,0,2022-05-13 15:30:40,337.7,152,349.29,,,
2026-07-27,2026-07-27T02:46:13+0200,776442,Duskmourn: House of Horror Collector Booster Box,7,Magic Display,5806,0,2024-07-02 16:45:10,402.4,393,415.31,,,
2026-07-27,2026-07-27T02:46:13+0200,813293,Edge of Eternities Collector Booster Box,7,Magic Display,6063,0,2025-02-24 12:46:27,456.1,189,475.46,,,
2026-07-27,2026-07-27T02:46:13+0200,426991,Ikoria: Lair of Behemoths Collector Booster Box,7,Magic Display,2819,0,2019-11-28 16:18:06,365,155,338.6,,,
2026-07-27,2026-07-27T02:46:13+0200,795092,Innistrad Remastered Collector Booster Box,7,Magic Display,5930,0,2024-10-28 12:31:23,310.15,144,337.74,,,
2026-07-27,2026-07-27T02:46:13+0200,573796,Innistrad: Crimson Vow Collector Booster Box,7,Magic Display,4364,0,2021-08-06 15:04:52,178.75,148,183.33,,,
2026-07-27,2026-07-27T02:46:13+0200,573781,Innistrad: Midnight Hunt Collector Booster Box,7,Magic Display,4362,0,2021-08-06 14:55:33,156.08,55,162.42,,,
2026-07-27,2026-07-27T02:46:13+0200,527325,Kaldheim Collector Booster Box,7,Magic Display,3660,0,2020-12-15 15:30:17,286.35,144,291.56,,,
2026-07-27,2026-07-27T02:46:13+0200,587696,Kamigawa: Neon Dynasty Collector Booster Box,7,Magic Display,4472,0,2021-12-17 11:54:15,332.75,114,349.92,,,
2026-07-27,2026-07-27T02:46:13+0200,851271,Lorwyn Eclipsed Collector Booster Box,7,Magic Display,6325,0,2025-09-29 09:18:52,309.3,122,311.36,,,
2026-07-27,2026-07-27T02:46:13+0200,812573,Magic: The Gathering - FINAL FANTASY Collector Booster Box,7,Magic Display,6057,0,2025-02-19 11:07:32,881.16,422,1274.36,,,
2026-07-27,2026-07-27T02:46:13+0200,781941,Magic: The Gathering Foundations Collector Booster Box,7,Magic Display,5852,0,2024-08-07 11:49:07,530.77,329.95,569.63,,,
2026-07-27,2026-07-27T02:46:13+0200,842564,Magic: The Gathering | Avatar: The Last Airbender Collector Booster Box,7,Magic Display,6261,0,2025-08-13 11:34:30,313.79,144,324.76,,,
2026-07-27,2026-07-27T02:46:13+0200,869496,Magic: The Gathering | Marvel Super Heroes Collector Booster Box,7,Magic Display,6476,0,2026-01-28 13:25:37,324.09,144,315.03,,,
2026-07-27,2026-07-27T02:46:13+0200,814380,Magic: The Gathering | Marvel's Spider-Man Collector Booster Box,7,Magic Display,6070,0,2025-03-03 11:57:58,284.83,122,310.89,,,
2026-07-27,2026-07-27T02:46:13+0200,853671,Magic: The Gathering | Teenage Mutant Ninja Turtles Collector Booster Box,7,Magic Display,6345,0,2025-10-13 14:34:50,280.25,122,276.09,,,
2026-07-27,2026-07-27T02:46:13+0200,696391,March of the Machine Collector Booster Box,7,Magic Display,5227,0,2023-02-10 22:28:20,437.81,390,514.94,,,
2026-07-27,2026-07-27T02:46:13+0200,703885,March of the Machine: The Aftermath Collector Booster Box,7,Magic Display,5320,0,2023-03-31 15:26:44,173.56,55,166.28,,,
2026-07-27,2026-07-27T02:46:13+0200,562095,Modern Horizons 2 Collector Booster Box,7,Magic Display,4219,0,2021-04-27 14:45:19,411.21,188,427.74,,,
2026-07-27,2026-07-27T02:46:13+0200,758483,Modern Horizons 3 Collector Booster Box,7,Magic Display,5652,0,2024-02-26 11:57:51,671.17,177,669.64,,,
2026-07-27,2026-07-27T02:46:13+0200,748052,Murders at Karlov Manor Collector Booster Box,7,Magic Display,5561,0,2023-12-06 14:17:20,255.88,122,260.02,,,
2026-07-27,2026-07-27T02:46:13+0200,758326,Outlaws of Thunder Junction Collector Booster Box,7,Magic Display,5647,0,2024-02-24 10:01:37,334.76,144,321.42,,,
2026-07-27,2026-07-27T02:46:13+0200,683494,Phyrexia: All Will Be One Collector Booster Box,7,Magic Display,5184,0,2022-11-04 18:30:08,508,128,581.99,,,
2026-07-27,2026-07-27T02:46:13+0200,370211,Ravnica Allegiance Collector Booster Box,7,Magic Display,2411,0,2019-02-19 13:48:40,1174.5,1100,720.25,,,
2026-07-27,2026-07-27T02:46:13+0200,737484,Ravnica Remastered Collector Booster Box,7,Magic Display,5505,0,2023-10-05 11:05:56,1036.89,211,981.33,,,
2026-07-27,2026-07-27T02:46:13+0200,885563,Reality Fracture Collector Booster Box,7,Magic Display,6571,0,2026-05-02 12:17:47,306.05,293.9,307.09,,,
2026-07-27,2026-07-27T02:46:13+0200,869357,Secrets of Strixhaven Collector Booster Box,7,Magic Display,6474,0,2026-01-28 10:47:39,315.7,144,320.95,,,
2026-07-27,2026-07-27T02:46:13+0200,897523,Star Trek Collector Booster Box,7,Magic Display,6657,0,2026-07-15 13:15:58,499.9,339.99,315.13,,,
2026-07-27,2026-07-27T02:46:13+0200,611248,Streets of New Capenna Collector Booster Box,7,Magic Display,4975,0,2022-03-04 16:18:49,193.75,77,195.35,,,
2026-07-27,2026-07-27T02:46:13+0200,540411,Strixhaven: School of Mages Collector Booster Box,7,Magic Display,3741,0,2021-02-19 14:36:40,409.1,389,401.5,,,
2026-07-27,2026-07-27T02:46:13+0200,813080,Tarkir: Dragonstorm Collector Booster Box,7,Magic Display,6060,0,2025-02-24 09:46:00,356.27,122,366.81,,,
2026-07-27,2026-07-27T02:46:13+0200,677805,The Brothers' War Collector Booster Box,7,Magic Display,5164,0,2022-09-29 11:06:30,560.29,310,604.56,,,
2026-07-27,2026-07-27T02:46:13+0200,885552,The Hobbit Collector Booster Box,7,Magic Display,6570,0,2026-05-02 11:28:12,557.5,550,624.09,,,
2026-07-27,2026-07-27T02:46:13+0200,698912,The Lord of the Rings: Tales of Middle-earth Collector Booster Box,7,Magic Display,5285,0,2023-02-22 12:27:41,1424.18,588,1605.38,,,
2026-07-27,2026-07-27T02:46:13+0200,732335,The Lord of the Rings: Tales of Middle-earth Special Edition Collector Booster Box,7,Magic Display,5489,0,2023-09-08 15:57:44,6433.79,388,6690.73,,,
2026-07-27,2026-07-27T02:46:13+0200,734175,The Lost Caverns of Ixalan Collector Booster Box,7,Magic Display,5490,0,2023-09-23 10:44:56,753.44,344,764.79,,,
2026-07-27,2026-07-27T02:46:13+0200,426911,Theros Beyond Death Collector Booster Box,7,Magic Display,2814,0,2019-11-28 14:23:23,215.99,125,213.1,,,
2026-07-27,2026-07-27T02:46:13+0200,398849,Throne of Eldraine Collector Booster Box,7,Magic Display,2582,0,2019-09-04 15:32:27,264.24,255,266.59,,,
2026-07-27,2026-07-27T02:46:13+0200,586736,Unfinity Collector Booster Box,7,Magic Display,4468,0,2021-11-30 14:50:09,277.49,211.88,277.06,,,
2026-07-27,2026-07-27T02:46:13+0200,758498,Universes Beyond: Assassin's Creed Collector Booster Box,7,Magic Display,5655,0,2024-02-26 14:59:45,318.2,124,342.47,,,
2026-07-27,2026-07-27T02:46:13+0200,710800,Universes Beyond: Doctor Who Collector Booster Box,7,Magic Display,5358,0,2023-05-08 09:18:46,403.9,144,442.43,,,
2026-07-27,2026-07-27T02:46:13+0200,745340,Universes Beyond: Fallout Collector Booster Box,7,Magic Display,5544,0,2023-11-14 15:21:27,1131.66,622,1119.24,,,
2026-07-27,2026-07-27T02:46:13+0200,719684,Wilds of Eldraine Collector Booster Box,7,Magic Display,5359,0,2023-06-21 14:21:48,660.72,429.9,653.39,,,
2026-07-27,2026-07-27T02:46:13+0200,486979,Zendikar Rising Collector Booster Box,7,Magic Display,3404,0,2020-07-31 14:02:38,316.54,144,329.42,,,
2026-07-29,2026-07-29T02:42:20+0200,565899,Adventures in the Forgotten Realms Collector Booster Box,7,Magic Display,4259,0,2021-05-21 16:59:41,223.36,180,254.21,,,
2026-07-29,2026-07-29T02:42:20+0200,803869,Aetherdrift Collector Booster Box,7,Magic Display,5982,0,2024-12-11 10:59:59,203.06,184.99,206.57,,,
2026-07-29,2026-07-29T02:42:20+0200,774110,Bloomburrow Collector Booster Box,7,Magic Display,5658,0,2024-06-10 17:18:27,700.35,599.99,715.23,,,
2026-07-29,2026-07-29T02:42:20+0200,492099,Commander Legends Collector Booster Box,7,Magic Display,3454,0,2020-08-24 14:17:37,410.26,349,443.12,,,
2026-07-29,2026-07-29T02:42:20+0200,650825,Commander Legends: Battle for Baldur's Gate Collector Booster Box,7,Magic Display,5030,0,2022-03-29 14:37:06,417.02,177,478.37,,,
2026-07-29,2026-07-29T02:42:20+0200,698962,Commander Masters Collector Booster Box,7,Magic Display,5286,0,2023-02-22 14:58:05,455.61,188,468.76,,,
2026-07-29,2026-07-29T02:42:20+0200,466034,Core 2021 Collector Booster Box,7,Magic Display,3048,0,2020-06-05 10:49:33,249.15,248.99,264.35,,,
2026-07-29,2026-07-29T02:42:20+0200,681210,Dominaria Remastered Collector Booster Box,7,Magic Display,5192,0,2022-10-25 11:43:55,395.83,339.99,421.83,,,
2026-07-29,2026-07-29T02:42:20+0200,657414,Dominaria United Collector Booster Box,7,Magic Display,5072,0,2022-05-13 16:25:34,235.36,200,242.22,,,
2026-07-29,2026-07-29T02:42:20+0200,657282,Double Masters 2022 Collector Booster Box,7,Magic Display,5070,0,2022-05-13 15:30:40,337.7,152,353.13,,,
2026-07-29,2026-07-29T02:42:20+0200,776442,Duskmourn: House of Horror Collector Booster Box,7,Magic Display,5806,0,2024-07-02 16:45:10,402.4,393,411.5,,,
2026-07-29,2026-07-29T02:42:20+0200,813293,Edge of Eternities Collector Booster Box,7,Magic Display,6063,0,2025-02-24 12:46:27,456.1,410,488.99,,,
2026-07-29,2026-07-29T02:42:20+0200,426991,Ikoria: Lair of Behemoths Collector Booster Box,7,Magic Display,2819,0,2019-11-28 16:18:06,365,155,338.6,,,
2026-07-29,2026-07-29T02:42:20+0200,795092,Innistrad Remastered Collector Booster Box,7,Magic Display,5930,0,2024-10-28 12:31:23,310.15,144,338.55,,,
2026-07-29,2026-07-29T02:42:20+0200,573796,Innistrad: Crimson Vow Collector Booster Box,7,Magic Display,4364,0,2021-08-06 15:04:52,178.75,148,186.21,,,
2026-07-29,2026-07-29T02:42:20+0200,573781,Innistrad: Midnight Hunt Collector Booster Box,7,Magic Display,4362,0,2021-08-06 14:55:33,156.08,128,169.36,,,
2026-07-29,2026-07-29T02:42:20+0200,527325,Kaldheim Collector Booster Box,7,Magic Display,3660,0,2020-12-15 15:30:17,286.35,250,291.56,,,
2026-07-29,2026-07-29T02:42:20+0200,587696,Kamigawa: Neon Dynasty Collector Booster Box,7,Magic Display,4472,0,2021-12-17 11:54:15,332.75,114,349.92,,,
2026-07-29,2026-07-29T02:42:20+0200,851271,Lorwyn Eclipsed Collector Booster Box,7,Magic Display,6325,0,2025-09-29 09:18:52,309.3,279.95,315.48,,,
2026-07-29,2026-07-29T02:42:20+0200,812573,Magic: The Gathering - FINAL FANTASY Collector Booster Box,7,Magic Display,6057,0,2025-02-19 11:07:32,1017.54,422,1291.93,,,
2026-07-29,2026-07-29T02:42:20+0200,781941,Magic: The Gathering Foundations Collector Booster Box,7,Magic Display,5852,0,2024-08-07 11:49:07,530.77,329.95,569.63,,,
2026-07-29,2026-07-29T02:42:20+0200,842564,Magic: The Gathering | Avatar: The Last Airbender Collector Booster Box,7,Magic Display,6261,0,2025-08-13 11:34:30,313.79,289.95,328.09,,,
2026-07-29,2026-07-29T02:42:20+0200,869496,Magic: The Gathering | Marvel Super Heroes Collector Booster Box,7,Magic Display,6476,0,2026-01-28 13:25:37,314.18,289.99,316.91,,,
2026-07-29,2026-07-29T02:42:20+0200,814380,Magic: The Gathering | Marvel's Spider-Man Collector Booster Box,7,Magic Display,6070,0,2025-03-03 11:57:58,297.8,279.9,310.37,,,
2026-07-29,2026-07-29T02:42:20+0200,853671,Magic: The Gathering | Teenage Mutant Ninja Turtles Collector Booster Box,7,Magic Display,6345,0,2025-10-13 14:34:50,280.25,122,272.06,,,
2026-07-29,2026-07-29T02:42:20+0200,696391,March of the Machine Collector Booster Box,7,Magic Display,5227,0,2023-02-10 22:28:20,437.81,390,514.94,,,
2026-07-29,2026-07-29T02:42:20+0200,703885,March of the Machine: The Aftermath Collector Booster Box,7,Magic Display,5320,0,2023-03-31 15:26:44,173.56,93,166.28,,,
2026-07-29,2026-07-29T02:42:20+0200,562095,Modern Horizons 2 Collector Booster Box,7,Magic Display,4219,0,2021-04-27 14:45:19,411.21,188,438.07,,,
2026-07-29,2026-07-29T02:42:20+0200,758483,Modern Horizons 3 Collector Booster Box,7,Magic Display,5652,0,2024-02-26 11:57:51,671.17,515,669.18,,,
2026-07-29,2026-07-29T02:42:20+0200,748052,Murders at Karlov Manor Collector Booster Box,7,Magic Display,5561,0,2023-12-06 14:17:20,255.88,122,261.37,,,
2026-07-29,2026-07-29T02:42:20+0200,758326,Outlaws of Thunder Junction Collector Booster Box,7,Magic Display,5647,0,2024-02-24 10:01:37,334.76,144,321.42,,,
2026-07-29,2026-07-29T02:42:20+0200,683494,Phyrexia: All Will Be One Collector Booster Box,7,Magic Display,5184,0,2022-11-04 18:30:08,508,380,614.07,,,
2026-07-29,2026-07-29T02:42:20+0200,370211,Ravnica Allegiance Collector Booster Box,7,Magic Display,2411,0,2019-02-19 13:48:40,1174.5,1100,720.25,,,
2026-07-29,2026-07-29T02:42:20+0200,737484,Ravnica Remastered Collector Booster Box,7,Magic Display,5505,0,2023-10-05 11:05:56,1036.89,999.99,981.33,,,
2026-07-29,2026-07-29T02:42:20+0200,885563,Reality Fracture Collector Booster Box,7,Magic Display,6571,0,2026-05-02 12:17:47,306.05,293.9,308.86,,,
2026-07-29,2026-07-29T02:42:20+0200,869357,Secrets of Strixhaven Collector Booster Box,7,Magic Display,6474,0,2026-01-28 10:47:39,322.37,300,320.51,,,
2026-07-29,2026-07-29T02:42:20+0200,897523,Star Trek Collector Booster Box,7,Magic Display,6657,0,2026-07-15 13:15:58,499.9,339.99,337.53,,,
2026-07-29,2026-07-29T02:42:20+0200,611248,Streets of New Capenna Collector Booster Box,7,Magic Display,4975,0,2022-03-04 16:18:49,193.75,157.99,196.83,,,
2026-07-29,2026-07-29T02:42:20+0200,540411,Strixhaven: School of Mages Collector Booster Box,7,Magic Display,3741,0,2021-02-19 14:36:40,409.1,389,401.5,,,
2026-07-29,2026-07-29T02:42:20+0200,813080,Tarkir: Dragonstorm Collector Booster Box,7,Magic Display,6060,0,2025-02-24 09:46:00,356.27,349.9,369.46,,,
2026-07-29,2026-07-29T02:42:20+0200,677805,The Brothers' War Collector Booster Box,7,Magic Display,5164,0,2022-09-29 11:06:30,560.29,310,604.56,,,
2026-07-29,2026-07-29T02:42:20+0200,885552,The Hobbit Collector Booster Box,7,Magic Display,6570,0,2026-05-02 11:28:12,557.5,550,626.01,,,
2026-07-29,2026-07-29T02:42:20+0200,698912,The Lord of the Rings: Tales of Middle-earth Collector Booster Box,7,Magic Display,5285,0,2023-02-22 12:27:41,1424.18,1500,1605.38,,,
2026-07-29,2026-07-29T02:42:20+0200,732335,The Lord of the Rings: Tales of Middle-earth Special Edition Collector Booster Box,7,Magic Display,5489,0,2023-09-08 15:57:44,7092.91,6800,6690.73,,,
2026-07-29,2026-07-29T02:42:20+0200,734175,The Lost Caverns of Ixalan Collector Booster Box,7,Magic Display,5490,0,2023-09-23 10:44:56,753.44,680,764.79,,,
2026-07-29,2026-07-29T02:42:20+0200,426911,Theros Beyond Death Collector Booster Box,7,Magic Display,2814,0,2019-11-28 14:23:23,215.99,209.99,218.58,,,
2026-07-29,2026-07-29T02:42:20+0200,398849,Throne of Eldraine Collector Booster Box,7,Magic Display,2582,0,2019-09-04 15:32:27,264.24,255,263.41,,,
2026-07-29,2026-07-29T02:42:20+0200,586736,Unfinity Collector Booster Box,7,Magic Display,4468,0,2021-11-30 14:50:09,277.49,211.88,277.06,,,
2026-07-29,2026-07-29T02:42:20+0200,758498,Universes Beyond: Assassin's Creed Collector Booster Box,7,Magic Display,5655,0,2024-02-26 14:59:45,318.2,269.99,349.9,,,
2026-07-29,2026-07-29T02:42:20+0200,710800,Universes Beyond: Doctor Who Collector Booster Box,7,Magic Display,5358,0,2023-05-08 09:18:46,403.9,244.95,442.43,,,
2026-07-29,2026-07-29T02:42:20+0200,745340,Universes Beyond: Fallout Collector Booster Box,7,Magic Display,5544,0,2023-11-14 15:21:27,1131.66,900,1119.24,,,
2026-07-29,2026-07-29T02:42:20+0200,719684,Wilds of Eldraine Collector Booster Box,7,Magic Display,5359,0,2023-06-21 14:21:48,660.72,450,653.39,,,
2026-07-29,2026-07-29T02:42:20+0200,486979,Zendikar Rising Collector Booster Box,7,Magic Display,3404,0,2020-07-31 14:02:38,331.81,298.9,335.53,,,
2026-07-31,2026-07-31T02:42:16+0200,565899,Adventures in the Forgotten Realms Collector Booster Box,7,Magic Display,4259,0,2021-05-21 16:59:41,262.97,180,263.99,,,
2026-07-31,2026-07-31T02:42:16+0200,803869,Aetherdrift Collector Booster Box,7,Magic Display,5982,0,2024-12-11 10:59:59,203.06,194.99,206.72,,,
2026-07-31,2026-07-31T02:42:16+0200,774110,Bloomburrow Collector Booster Box,7,Magic Display,5658,0,2024-06-10 17:18:27,700.35,599.99,713.78,,,
2026-07-31,2026-07-31T02:42:16+0200,492099,Commander Legends Collector Booster Box,7,Magic Display,3454,0,2020-08-24 14:17:37,410.26,349,443.12,,,
2026-07-31,2026-07-31T02:42:16+0200,650825,Commander Legends: Battle for Baldur's Gate Collector Booster Box,7,Magic Display,5030,0,2022-03-29 14:37:06,417.02,299.99,482.31,,,
2026-07-31,2026-07-31T02:42:16+0200,698962,Commander Masters Collector Booster Box,7,Magic Display,5286,0,2023-02-22 14:58:05,455.61,470,468.76,,,
2026-07-31,2026-07-31T02:42:16+0200,466034,Core 2021 Collector Booster Box,7,Magic Display,3048,0,2020-06-05 10:49:33,249.15,250,271.43,,,
2026-07-31,2026-07-31T02:42:16+0200,681210,Dominaria Remastered Collector Booster Box,7,Magic Display,5192,0,2022-10-25 11:43:55,395.83,339.99,426.61,,,
2026-07-31,2026-07-31T02:42:16+0200,657414,Dominaria United Collector Booster Box,7,Magic Display,5072,0,2022-05-13 16:25:34,235.36,200,243.7,,,
2026-07-31,2026-07-31T02:42:16+0200,657282,Double Masters 2022 Collector Booster Box,7,Magic Display,5070,0,2022-05-13 15:30:40,337.7,285,358.63,,,
2026-07-31,2026-07-31T02:42:16+0200,776442,Duskmourn: House of Horror Collector Booster Box,7,Magic Display,5806,0,2024-07-02 16:45:10,402.4,393,425.29,,,
2026-07-31,2026-07-31T02:42:16+0200,813293,Edge of Eternities Collector Booster Box,7,Magic Display,6063,0,2025-02-24 12:46:27,456.1,410,501.24,,,
2026-07-31,2026-07-31T02:42:16+0200,426991,Ikoria: Lair of Behemoths Collector Booster Box,7,Magic Display,2819,0,2019-11-28 16:18:06,365,267.99,338.6,,,
2026-07-31,2026-07-31T02:42:16+0200,795092,Innistrad Remastered Collector Booster Box,7,Magic Display,5930,0,2024-10-28 12:31:23,310.15,282,337.91,,,
2026-07-31,2026-07-31T02:42:16+0200,573796,Innistrad: Crimson Vow Collector Booster Box,7,Magic Display,4364,0,2021-08-06 15:04:52,178.75,148,187.72,,,
2026-07-31,2026-07-31T02:42:16+0200,573781,Innistrad: Midnight Hunt Collector Booster Box,7,Magic Display,4362,0,2021-08-06 14:55:33,156.08,128,171.03,,,
2026-07-31,2026-07-31T02:42:16+0200,527325,Kaldheim Collector Booster Box,7,Magic Display,3660,0,2020-12-15 15:30:17,286.35,250,296.32,,,
2026-07-31,2026-07-31T02:42:16+0200,587696,Kamigawa: Neon Dynasty Collector Booster Box,7,Magic Display,4472,0,2021-12-17 11:54:15,332.75,248,361.8,,,
2026-07-31,2026-07-31T02:42:16+0200,851271,Lorwyn Eclipsed Collector Booster Box,7,Magic Display,6325,0,2025-09-29 09:18:52,309.3,279.95,316.86,,,
2026-07-31,2026-07-31T02:42:16+0200,812573,Magic: The Gathering - FINAL FANTASY Collector Booster Box,7,Magic Display,6057,0,2025-02-19 11:07:32,1017.54,849.95,1265.46,,,
2026-07-31,2026-07-31T02:42:16+0200,781941,Magic: The Gathering Foundations Collector Booster Box,7,Magic Display,5852,0,2024-08-07 11:49:07,530.77,329.95,569.63,,,
2026-07-31,2026-07-31T02:42:16+0200,842564,Magic: The Gathering | Avatar: The Last Airbender Collector Booster Box,7,Magic Display,6261,0,2025-08-13 11:34:30,313.79,289.95,332.23,,,
2026-07-31,2026-07-31T02:42:16+0200,869496,Magic: The Gathering | Marvel Super Heroes Collector Booster Box,7,Magic Display,6476,0,2026-01-28 13:25:37,314.18,289,320.1,,,
2026-07-31,2026-07-31T02:42:16+0200,814380,Magic: The Gathering | Marvel's Spider-Man Collector Booster Box,7,Magic Display,6070,0,2025-03-03 11:57:58,297.8,279.9,312.25,,,
2026-07-31,2026-07-31T02:42:16+0200,853671,Magic: The Gathering | Teenage Mutant Ninja Turtles Collector Booster Box,7,Magic Display,6345,0,2025-10-13 14:34:50,280.25,259,274.06,,,
2026-07-31,2026-07-31T02:42:16+0200,696391,March of the Machine Collector Booster Box,7,Magic Display,5227,0,2023-02-10 22:28:20,464.19,390,535.89,,,
2026-07-31,2026-07-31T02:42:16+0200,703885,March of the Machine: The Aftermath Collector Booster Box,7,Magic Display,5320,0,2023-03-31 15:26:44,173.56,93,166.28,,,
2026-07-31,2026-07-31T02:42:16+0200,562095,Modern Horizons 2 Collector Booster Box,7,Magic Display,4219,0,2021-04-27 14:45:19,434.27,398.56,438.96,,,
2026-07-31,2026-07-31T02:42:16+0200,758483,Modern Horizons 3 Collector Booster Box,7,Magic Display,5652,0,2024-02-26 11:57:51,671.17,515,668.17,,,
2026-07-31,2026-07-31T02:42:16+0200,748052,Murders at Karlov Manor Collector Booster Box,7,Magic Display,5561,0,2023-12-06 14:17:20,255.88,199,261.37,,,
2026-07-31,2026-07-31T02:42:16+0200,758326,Outlaws of Thunder Junction Collector Booster Box,7,Magic Display,5647,0,2024-02-24 10:01:37,356.57,246,329.9,,,
2026-07-31,2026-07-31T02:42:16+0200,683494,Phyrexia: All Will Be One Collector Booster Box,7,Magic Display,5184,0,2022-11-04 18:30:08,508,380,636.6,,,
2026-07-31,2026-07-31T02:42:16+0200,370211,Ravnica Allegiance Collector Booster Box,7,Magic Display,2411,0,2019-02-19 13:48:40,1174.5,1100,720.25,,,
2026-07-31,2026-07-31T02:42:16+0200,737484,Ravnica Remastered Collector Booster Box,7,Magic Display,5505,0,2023-10-05 11:05:56,1036.89,999.99,981.33,,,
2026-07-31,2026-07-31T02:42:16+0200,885563,Reality Fracture Collector Booster Box,7,Magic Display,6571,0,2026-05-02 12:17:47,306.05,293.9,309.3,,,
2026-07-31,2026-07-31T02:42:16+0200,869357,Secrets of Strixhaven Collector Booster Box,7,Magic Display,6474,0,2026-01-28 10:47:39,322.37,300,327.03,,,
2026-07-31,2026-07-31T02:42:16+0200,897523,Star Trek Collector Booster Box,7,Magic Display,6657,0,2026-07-15 13:15:58,499.9,339.99,374.73,,,
2026-07-31,2026-07-31T02:42:16+0200,611248,Streets of New Capenna Collector Booster Box,7,Magic Display,4975,0,2022-03-04 16:18:49,193.75,157.99,196.54,,,
2026-07-31,2026-07-31T02:42:16+0200,540411,Strixhaven: School of Mages Collector Booster Box,7,Magic Display,3741,0,2021-02-19 14:36:40,409.1,395,401.5,,,
2026-07-31,2026-07-31T02:42:16+0200,813080,Tarkir: Dragonstorm Collector Booster Box,7,Magic Display,6060,0,2025-02-24 09:46:00,356.27,349.9,373.06,,,
2026-07-31,2026-07-31T02:42:16+0200,677805,The Brothers' War Collector Booster Box,7,Magic Display,5164,0,2022-09-29 11:06:30,560.29,310,635.24,,,
2026-07-31,2026-07-31T02:42:16+0200,885552,The Hobbit Collector Booster Box,7,Magic Display,6570,0,2026-05-02 11:28:12,557.5,549.99,635.03,,,
2026-07-31,2026-07-31T02:42:16+0200,698912,The Lord of the Rings: Tales of Middle-earth Collector Booster Box,7,Magic Display,5285,0,2023-02-22 12:27:41,1424.18,1190,1639.84,,,
2026-07-31,2026-07-31T02:42:16+0200,732335,The Lord of the Rings: Tales of Middle-earth Special Edition Collector Booster Box,7,Magic Display,5489,0,2023-09-08 15:57:44,7092.91,6399,6690.73,,,
2026-07-31,2026-07-31T02:42:16+0200,734175,The Lost Caverns of Ixalan Collector Booster Box,7,Magic Display,5490,0,2023-09-23 10:44:56,753.44,680,764.79,,,
2026-07-31,2026-07-31T02:42:16+0200,426911,Theros Beyond Death Collector Booster Box,7,Magic Display,2814,0,2019-11-28 14:23:23,215.99,209.99,223.4,,,
2026-07-31,2026-07-31T02:42:16+0200,398849,Throne of Eldraine Collector Booster Box,7,Magic Display,2582,0,2019-09-04 15:32:27,264.24,255,264.6,,,
2026-07-31,2026-07-31T02:42:16+0200,586736,Unfinity Collector Booster Box,7,Magic Display,4468,0,2021-11-30 14:50:09,277.49,211.88,277.06,,,
2026-07-31,2026-07-31T02:42:16+0200,758498,Universes Beyond: Assassin's Creed Collector Booster Box,7,Magic Display,5655,0,2024-02-26 14:59:45,318.2,269.99,356.3,,,
2026-07-31,2026-07-31T02:42:16+0200,710800,Universes Beyond: Doctor Who Collector Booster Box,7,Magic Display,5358,0,2023-05-08 09:18:46,403.9,244.95,455.61,,,
2026-07-31,2026-07-31T02:42:16+0200,745340,Universes Beyond: Fallout Collector Booster Box,7,Magic Display,5544,0,2023-11-14 15:21:27,1131.66,900,1172.25,,,
2026-07-31,2026-07-31T02:42:16+0200,719684,Wilds of Eldraine Collector Booster Box,7,Magic Display,5359,0,2023-06-21 14:21:48,660.72,479.9,673.29,,,
2026-07-31,2026-07-31T02:42:16+0200,486979,Zendikar Rising Collector Booster Box,7,Magic Display,3404,0,2020-07-31 14:02:38,331.81,329.95,336.24,,,
2026-08-01,2026-08-01T02:42:58+0200,565899,Adventures in the Forgotten Realms Collector Booster Box,7,Magic Display,4259,0,2021-05-21 16:59:41,262.97,180,264.98,,,
2026-08-01,2026-08-01T02:42:58+0200,803869,Aetherdrift Collector Booster Box,7,Magic Display,5982,0,2024-12-11 10:59:59,203.06,194.99,207.55,,,
2026-08-01,2026-08-01T02:42:58+0200,774110,Bloomburrow Collector Booster Box,7,Magic Display,5658,0,2024-06-10 17:18:27,700.35,599.99,713.78,,,
2026-08-01,2026-08-01T02:42:58+0200,492099,Commander Legends Collector Booster Box,7,Magic Display,3454,0,2020-08-24 14:17:37,410.26,349,443.12,,,
2026-08-01,2026-08-01T02:42:58+0200,650825,Commander Legends: Battle for Baldur's Gate Collector Booster Box,7,Magic Display,5030,0,2022-03-29 14:37:06,417.02,299.99,482.31,,,
2026-08-01,2026-08-01T02:42:58+0200,698962,Commander Masters Collector Booster Box,7,Magic Display,5286,0,2023-02-22 14:58:05,455.61,489.95,474.89,,,
2026-08-01,2026-08-01T02:42:58+0200,466034,Core 2021 Collector Booster Box,7,Magic Display,3048,0,2020-06-05 10:49:33,249.15,350,271.43,,,
2026-08-01,2026-08-01T02:42:58+0200,681210,Dominaria Remastered Collector Booster Box,7,Magic Display,5192,0,2022-10-25 11:43:55,395.83,339.99,431.84,,,
2026-08-01,2026-08-01T02:42:58+0200,657414,Dominaria United Collector Booster Box,7,Magic Display,5072,0,2022-05-13 16:25:34,235.36,200,245.82,,,
2026-08-01,2026-08-01T02:42:58+0200,657282,Double Masters 2022 Collector Booster Box,7,Magic Display,5070,0,2022-05-13 15:30:40,337.7,285,362.67,,,
2026-08-01,2026-08-01T02:42:58+0200,776442,Duskmourn: House of Horror Collector Booster Box,7,Magic Display,5806,0,2024-07-02 16:45:10,451.37,393,438.36,,,
2026-08-01,2026-08-01T02:42:58+0200,813293,Edge of Eternities Collector Booster Box,7,Magic Display,6063,0,2025-02-24 12:46:27,456.1,410,508.77,,,
2026-08-01,2026-08-01T02:42:58+0200,426991,Ikoria: Lair of Behemoths Collector Booster Box,7,Magic Display,2819,0,2019-11-28 16:18:06,365,255,338.6,,,
2026-08-01,2026-08-01T02:42:58+0200,795092,Innistrad Remastered Collector Booster Box,7,Magic Display,5930,0,2024-10-28 12:31:23,310.15,282,337.91,,,
2026-08-01,2026-08-01T02:42:58+0200,573796,Innistrad: Crimson Vow Collector Booster Box,7,Magic Display,4364,0,2021-08-06 15:04:52,191.39,148,187.72,,,
2026-08-01,2026-08-01T02:42:58+0200,573781,Innistrad: Midnight Hunt Collector Booster Box,7,Magic Display,4362,0,2021-08-06 14:55:33,172.36,128,171.03,,,
2026-08-01,2026-08-01T02:42:58+0200,527325,Kaldheim Collector Booster Box,7,Magic Display,3660,0,2020-12-15 15:30:17,286.35,269,300.61,,,
2026-08-01,2026-08-01T02:42:58+0200,587696,Kamigawa: Neon Dynasty Collector Booster Box,7,Magic Display,4472,0,2021-12-17 11:54:15,332.75,248,365.69,,,
2026-08-01,2026-08-01T02:42:58+0200,851271,Lorwyn Eclipsed Collector Booster Box,7,Magic Display,6325,0,2025-09-29 09:18:52,309.3,279.95,314.11,,,
2026-08-01,2026-08-01T02:42:58+0200,812573,Magic: The Gathering - FINAL FANTASY Collector Booster Box,7,Magic Display,6057,0,2025-02-19 11:07:32,1017.54,849.95,1265.46,,,
2026-08-01,2026-08-01T02:42:58+0200,781941,Magic: The Gathering Foundations Collector Booster Box,7,Magic Display,5852,0,2024-08-07 11:49:07,530.77,329.95,582.02,,,
2026-08-01,2026-08-01T02:42:58+0200,842564,Magic: The Gathering | Avatar: The Last Airbender Collector Booster Box,7,Magic Display,6261,0,2025-08-13 11:34:30,313.79,289.95,337.84,,,
2026-08-01,2026-08-01T02:42:58+0200,869496,Magic: The Gathering | Marvel Super Heroes Collector Booster Box,7,Magic Display,6476,0,2026-01-28 13:25:37,314.18,288,319.94,,,
2026-08-01,2026-08-01T02:42:58+0200,814380,Magic: The Gathering | Marvel's Spider-Man Collector Booster Box,7,Magic Display,6070,0,2025-03-03 11:57:58,297.8,279.9,311.86,,,
2026-08-01,2026-08-01T02:42:58+0200,853671,Magic: The Gathering | Teenage Mutant Ninja Turtles Collector Booster Box,7,Magic Display,6345,0,2025-10-13 14:34:50,280.25,259,269.05,,,
2026-08-01,2026-08-01T02:42:58+0200,696391,March of the Machine Collector Booster Box,7,Magic Display,5227,0,2023-02-10 22:28:20,464.19,390,556.22,,,
2026-08-01,2026-08-01T02:42:58+0200,703885,March of the Machine: The Aftermath Collector Booster Box,7,Magic Display,5320,0,2023-03-31 15:26:44,173.56,93,166.28,,,
2026-08-01,2026-08-01T02:42:58+0200,562095,Modern Horizons 2 Collector Booster Box,7,Magic Display,4219,0,2021-04-27 14:45:19,434.27,398.56,445.44,,,
2026-08-01,2026-08-01T02:42:58+0200,758483,Modern Horizons 3 Collector Booster Box,7,Magic Display,5652,0,2024-02-26 11:57:51,671.17,519,668.17,,,
2026-08-01,2026-08-01T02:42:58+0200,748052,Murders at Karlov Manor Collector Booster Box,7,Magic Display,5561,0,2023-12-06 14:17:20,255.88,199,261.79,,,
2026-08-01,2026-08-01T02:42:58+0200,758326,Outlaws of Thunder Junction Collector Booster Box,7,Magic Display,5647,0,2024-02-24 10:01:37,356.57,246,329.9,,,
2026-08-01,2026-08-01T02:42:58+0200,683494,Phyrexia: All Will Be One Collector Booster Box,7,Magic Display,5184,0,2022-11-04 18:30:08,508,380,636.6,,,
2026-08-01,2026-08-01T02:42:58+0200,370211,Ravnica Allegiance Collector Booster Box,7,Magic Display,2411,0,2019-02-19 13:48:40,1174.5,1100,720.25,,,
2026-08-01,2026-08-01T02:42:58+0200,737484,Ravnica Remastered Collector Booster Box,7,Magic Display,5505,0,2023-10-05 11:05:56,1036.89,999.99,981.33,,,
2026-08-01,2026-08-01T02:42:58+0200,885563,Reality Fracture Collector Booster Box,7,Magic Display,6571,0,2026-05-02 12:17:47,309.06,293.9,310.64,,,
2026-08-01,2026-08-01T02:42:58+0200,869357,Secrets of Strixhaven Collector Booster Box,7,Magic Display,6474,0,2026-01-28 10:47:39,322.37,329.9,328.91,,,
2026-08-01,2026-08-01T02:42:58+0200,897523,Star Trek Collector Booster Box,7,Magic Display,6657,0,2026-07-15 13:15:58,499.9,339.99,374.73,,,
2026-08-01,2026-08-01T02:42:58+0200,611248,Streets of New Capenna Collector Booster Box,7,Magic Display,4975,0,2022-03-04 16:18:49,193.75,157.99,198.16,,,
2026-08-01,2026-08-01T02:42:58+0200,540411,Strixhaven: School of Mages Collector Booster Box,7,Magic Display,3741,0,2021-02-19 14:36:40,409.1,385,402.38,,,
2026-08-01,2026-08-01T02:42:58+0200,813080,Tarkir: Dragonstorm Collector Booster Box,7,Magic Display,6060,0,2025-02-24 09:46:00,356.27,349.9,373.06,,,
2026-08-01,2026-08-01T02:42:58+0200,677805,The Brothers' War Collector Booster Box,7,Magic Display,5164,0,2022-09-29 11:06:30,560.29,310,645.64,,,
2026-08-01,2026-08-01T02:42:58+0200,885552,The Hobbit Collector Booster Box,7,Magic Display,6570,0,2026-05-02 11:28:12,619.18,549.99,636.1,,,
2026-08-01,2026-08-01T02:42:58+0200,698912,The Lord of the Rings: Tales of Middle-earth Collector Booster Box,7,Magic Display,5285,0,2023-02-22 12:27:41,1424.18,1049,1639.84,,,
2026-08-01,2026-08-01T02:42:58+0200,732335,The Lord of the Rings: Tales of Middle-earth Special Edition Collector Booster Box,7,Magic Display,5489,0,2023-09-08 15:57:44,7092.91,6399,8012.54,,,
2026-08-01,2026-08-01T02:42:58+0200,734175,The Lost Caverns of Ixalan Collector Booster Box,7,Magic Display,5490,0,2023-09-23 10:44:56,753.44,649.9,764.79,,,
2026-08-01,2026-08-01T02:42:58+0200,426911,Theros Beyond Death Collector Booster Box,7,Magic Display,2814,0,2019-11-28 14:23:23,215.99,209.99,223.4,,,
2026-08-01,2026-08-01T02:42:58+0200,398849,Throne of Eldraine Collector Booster Box,7,Magic Display,2582,0,2019-09-04 15:32:27,264.24,255,266.18,,,
2026-08-01,2026-08-01T02:42:58+0200,586736,Unfinity Collector Booster Box,7,Magic Display,4468,0,2021-11-30 14:50:09,277.49,211.88,278.03,,,
2026-08-01,2026-08-01T02:42:58+0200,758498,Universes Beyond: Assassin's Creed Collector Booster Box,7,Magic Display,5655,0,2024-02-26 14:59:45,318.2,269.99,360.56,,,
2026-08-01,2026-08-01T02:42:58+0200,710800,Universes Beyond: Doctor Who Collector Booster Box,7,Magic Display,5358,0,2023-05-08 09:18:46,437.67,244.95,465.97,,,
2026-08-01,2026-08-01T02:42:58+0200,745340,Universes Beyond: Fallout Collector Booster Box,7,Magic Display,5544,0,2023-11-14 15:21:27,1131.66,900,1172.25,,,
2026-08-01,2026-08-01T02:42:58+0200,719684,Wilds of Eldraine Collector Booster Box,7,Magic Display,5359,0,2023-06-21 14:21:48,660.72,479.9,673.29,,,
2026-08-01,2026-08-01T02:42:58+0200,486979,Zendikar Rising Collector Booster Box,7,Magic Display,3404,0,2020-07-31 14:02:38,331.81,329.95,333.26,,,
2026-08-02,2026-08-02T02:44:19+0200,565899,Adventures in the Forgotten Realms Collector Booster Box,7,Magic Display,4259,0,2021-05-21 16:59:41,262.97,180,264.98,,,
2026-08-02,2026-08-02T02:44:19+0200,803869,Aetherdrift Collector Booster Box,7,Magic Display,5982,0,2024-12-11 10:59:59,203.06,194.99,205.5,,,
2026-08-02,2026-08-02T02:44:19+0200,774110,Bloomburrow Collector Booster Box,7,Magic Display,5658,0,2024-06-10 17:18:27,700.35,599.99,713.78,,,
2026-08-02,2026-08-02T02:44:19+0200,492099,Commander Legends Collector Booster Box,7,Magic Display,3454,0,2020-08-24 14:17:37,475.81,349,443.12,,,
2026-08-02,2026-08-02T02:44:19+0200,650825,Commander Legends: Battle for Baldur's Gate Collector Booster Box,7,Magic Display,5030,0,2022-03-29 14:37:06,417.02,299.99,482.31,,,
2026-08-02,2026-08-02T02:44:19+0200,698962,Commander Masters Collector Booster Box,7,Magic Display,5286,0,2023-02-22 14:58:05,455.61,489.95,474.89,,,
2026-08-02,2026-08-02T02:44:19+0200,466034,Core 2021 Collector Booster Box,7,Magic Display,3048,0,2020-06-05 10:49:33,249.15,350,272.47,,,
2026-08-02,2026-08-02T02:44:19+0200,681210,Dominaria Remastered Collector Booster Box,7,Magic Display,5192,0,2022-10-25 11:43:55,395.83,339.99,431.84,,,
2026-08-02,2026-08-02T02:44:19+0200,657414,Dominaria United Collector Booster Box,7,Magic Display,5072,0,2022-05-13 16:25:34,235.36,200,245.82,,,
2026-08-02,2026-08-02T02:44:19+0200,657282,Double Masters 2022 Collector Booster Box,7,Magic Display,5070,0,2022-05-13 15:30:40,337.7,285,362.67,,,
2026-08-02,2026-08-02T02:44:19+0200,776442,Duskmourn: House of Horror Collector Booster Box,7,Magic Display,5806,0,2024-07-02 16:45:10,451.37,393,451.67,,,
2026-08-02,2026-08-02T02:44:19+0200,813293,Edge of Eternities Collector Booster Box,7,Magic Display,6063,0,2025-02-24 12:46:27,456.1,410,514.91,,,
2026-08-02,2026-08-02T02:44:19+0200,426991,Ikoria: Lair of Behemoths Collector Booster Box,7,Magic Display,2819,0,2019-11-28 16:18:06,352.41,255,338.6,,,
2026-08-02,2026-08-02T02:44:19+0200,795092,Innistrad Remastered Collector Booster Box,7,Magic Display,5930,0,2024-10-28 12:31:23,333.75,282,342.35,,,
2026-08-02,2026-08-02T02:44:19+0200,573796,Innistrad: Crimson Vow Collector Booster Box,7,Magic Display,4364,0,2021-08-06 15:04:52,191.39,148,188.39,,,
2026-08-02,2026-08-02T02:44:19+0200,573781,Innistrad: Midnight Hunt Collector Booster Box,7,Magic Display,4362,0,2021-08-06 14:55:33,172.36,128,170.66,,,
2026-08-02,2026-08-02T02:44:19+0200,527325,Kaldheim Collector Booster Box,7,Magic Display,3660,0,2020-12-15 15:30:17,286.05,269,300.61,,,
2026-08-02,2026-08-02T02:44:19+0200,587696,Kamigawa: Neon Dynasty Collector Booster Box,7,Magic Display,4472,0,2021-12-17 11:54:15,349.67,248,365.69,,,
2026-08-02,2026-08-02T02:44:19+0200,851271,Lorwyn Eclipsed Collector Booster Box,7,Magic Display,6325,0,2025-09-29 09:18:52,309.3,279.95,317.54,,,
2026-08-02,2026-08-02T02:44:19+0200,812573,Magic: The Gathering - FINAL FANTASY Collector Booster Box,7,Magic Display,6057,0,2025-02-19 11:07:32,1017.54,849.95,1324.83,,,
2026-08-02,2026-08-02T02:44:19+0200,781941,Magic: The Gathering Foundations Collector Booster Box,7,Magic Display,5852,0,2024-08-07 11:49:07,530.77,329.95,582.02,,,
2026-08-02,2026-08-02T02:44:19+0200,842564,Magic: The Gathering | Avatar: The Last Airbender Collector Booster Box,7,Magic Display,6261,0,2025-08-13 11:34:30,325.61,289.95,340.31,,,
2026-08-02,2026-08-02T02:44:19+0200,869496,Magic: The Gathering | Marvel Super Heroes Collector Booster Box,7,Magic Display,6476,0,2026-01-28 13:25:37,314.18,293.99,322.12,,,
2026-08-02,2026-08-02T02:44:19+0200,814380,Magic: The Gathering | Marvel's Spider-Man Collector Booster Box,7,Magic Display,6070,0,2025-03-03 11:57:58,297.8,279.9,313.31,,,
2026-08-02,2026-08-02T02:44:19+0200,853671,Magic: The Gathering | Teenage Mutant Ninja Turtles Collector Booster Box,7,Magic Display,6345,0,2025-10-13 14:34:50,280.25,259,271.34,,,
2026-08-02,2026-08-02T02:44:19+0200,696391,March of the Machine Collector Booster Box,7,Magic Display,5227,0,2023-02-10 22:28:20,464.19,499.9,556.22,,,
2026-08-02,2026-08-02T02:44:19+0200,703885,March of the Machine: The Aftermath Collector Booster Box,7,Magic Display,5320,0,2023-03-31 15:26:44,173.56,93,166.28,,,
2026-08-02,2026-08-02T02:44:19+0200,562095,Modern Horizons 2 Collector Booster Box,7,Magic Display,4219,0,2021-04-27 14:45:19,434.27,398.56,445.44,,,
2026-08-02,2026-08-02T02:44:19+0200,758483,Modern Horizons 3 Collector Booster Box,7,Magic Display,5652,0,2024-02-26 11:57:51,671.17,519,668.17,,,
2026-08-02,2026-08-02T02:44:19+0200,748052,Murders at Karlov Manor Collector Booster Box,7,Magic Display,5561,0,2023-12-06 14:17:20,255.88,199,261.54,,,
2026-08-02,2026-08-02T02:44:19+0200,758326,Outlaws of Thunder Junction Collector Booster Box,7,Magic Display,5647,0,2024-02-24 10:01:37,356.57,246,329.9,,,
2026-08-02,2026-08-02T02:44:19+0200,683494,Phyrexia: All Will Be One Collector Booster Box,7,Magic Display,5184,0,2022-11-04 18:30:08,508,395,636.6,,,
2026-08-02,2026-08-02T02:44:19+0200,370211,Ravnica Allegiance Collector Booster Box,7,Magic Display,2411,0,2019-02-19 13:48:40,1174.5,1100,720.25,,,
2026-08-02,2026-08-02T02:44:19+0200,737484,Ravnica Remastered Collector Booster Box,7,Magic Display,5505,0,2023-10-05 11:05:56,1036.89,999.99,981.33,,,
2026-08-02,2026-08-02T02:44:19+0200,885563,Reality Fracture Collector Booster Box,7,Magic Display,6571,0,2026-05-02 12:17:47,309.06,293.9,310.76,,,
2026-08-02,2026-08-02T02:44:19+0200,869357,Secrets of Strixhaven Collector Booster Box,7,Magic Display,6474,0,2026-01-28 10:47:39,322.37,329.88,329.41,,,
2026-08-02,2026-08-02T02:44:19+0200,897523,Star Trek Collector Booster Box,7,Magic Display,6657,0,2026-07-15 13:15:58,499.9,349.99,359.92,,,
2026-08-02,2026-08-02T02:44:19+0200,611248,Streets of New Capenna Collector Booster Box,7,Magic Display,4975,0,2022-03-04 16:18:49,193.75,159.99,198.16,,,
2026-08-02,2026-08-02T02:44:19+0200,540411,Strixhaven: School of Mages Collector Booster Box,7,Magic Display,3741,0,2021-02-19 14:36:40,409.1,385,400.12,,,
2026-08-02,2026-08-02T02:44:19+0200,813080,Tarkir: Dragonstorm Collector Booster Box,7,Magic Display,6060,0,2025-02-24 09:46:00,356.27,349.9,378.49,,,
2026-08-02,2026-08-02T02:44:19+0200,677805,The Brothers' War Collector Booster Box,7,Magic Display,5164,0,2022-09-29 11:06:30,560.29,310,645.64,,,
2026-08-02,2026-08-02T02:44:19+0200,885552,The Hobbit Collector Booster Box,7,Magic Display,6570,0,2026-05-02 11:28:12,619.18,549.99,642.87,,,
2026-08-02,2026-08-02T02:44:19+0200,698912,The Lord of the Rings: Tales of Middle-earth Collector Booster Box,7,Magic Display,5285,0,2023-02-22 12:27:41,1424.18,1049,1577.02,,,
2026-08-02,2026-08-02T02:44:19+0200,732335,The Lord of the Rings: Tales of Middle-earth Special Edition Collector Booster Box,7,Magic Display,5489,0,2023-09-08 15:57:44,7092.91,6399,8012.54,,,
2026-08-02,2026-08-02T02:44:19+0200,734175,The Lost Caverns of Ixalan Collector Booster Box,7,Magic Display,5490,0,2023-09-23 10:44:56,753.44,649.9,764.79,,,
2026-08-02,2026-08-02T02:44:19+0200,426911,Theros Beyond Death Collector Booster Box,7,Magic Display,2814,0,2019-11-28 14:23:23,215.99,209.99,223.15,,,
2026-08-02,2026-08-02T02:44:19+0200,398849,Throne of Eldraine Collector Booster Box,7,Magic Display,2582,0,2019-09-04 15:32:27,264.24,255,267.14,,,
2026-08-02,2026-08-02T02:44:19+0200,586736,Unfinity Collector Booster Box,7,Magic Display,4468,0,2021-11-30 14:50:09,277.49,211.88,278.03,,,
2026-08-02,2026-08-02T02:44:19+0200,758498,Universes Beyond: Assassin's Creed Collector Booster Box,7,Magic Display,5655,0,2024-02-26 14:59:45,318.2,269.99,360.56,,,
2026-08-02,2026-08-02T02:44:19+0200,710800,Universes Beyond: Doctor Who Collector Booster Box,7,Magic Display,5358,0,2023-05-08 09:18:46,437.67,244.95,473.3,,,
2026-08-02,2026-08-02T02:44:19+0200,745340,Universes Beyond: Fallout Collector Booster Box,7,Magic Display,5544,0,2023-11-14 15:21:27,1131.66,900,1172.25,,,
2026-08-02,2026-08-02T02:44:19+0200,719684,Wilds of Eldraine Collector Booster Box,7,Magic Display,5359,0,2023-06-21 14:21:48,660.72,479.9,673.29,,,
2026-08-02,2026-08-02T02:44:19+0200,486979,Zendikar Rising Collector Booster Box,7,Magic Display,3404,0,2020-07-31 14:02:38,331.81,329.95,329.26,,,
2026-08-03,2026-08-03T02:47:33+0200,565899,Adventures in the Forgotten Realms Collector Booster Box,7,Magic Display,4259,0,2021-05-21 16:59:41,262.97,180,264.98,,,
2026-08-03,2026-08-03T02:47:33+0200,803869,Aetherdrift Collector Booster Box,7,Magic Display,5982,0,2024-12-11 10:59:59,203.06,194.99,205.5,,,
2026-08-03,2026-08-03T02:47:33+0200,774110,Bloomburrow Collector Booster Box,7,Magic Display,5658,0,2024-06-10 17:18:27,700.35,599.99,713.78,,,
2026-08-03,2026-08-03T02:47:33+0200,492099,Commander Legends Collector Booster Box,7,Magic Display,3454,0,2020-08-24 14:17:37,475.81,348,443.12,,,
2026-08-03,2026-08-03T02:47:33+0200,650825,Commander Legends: Battle for Baldur's Gate Collector Booster Box,7,Magic Display,5030,0,2022-03-29 14:37:06,461.84,299.99,482.31,,,
2026-08-03,2026-08-03T02:47:33+0200,698962,Commander Masters Collector Booster Box,7,Magic Display,5286,0,2023-02-22 14:58:05,455.61,489.95,474.89,,,
2026-08-03,2026-08-03T02:47:33+0200,466034,Core 2021 Collector Booster Box,7,Magic Display,3048,0,2020-06-05 10:49:33,249.15,350,272.47,,,
2026-08-03,2026-08-03T02:47:33+0200,681210,Dominaria Remastered Collector Booster Box,7,Magic Display,5192,0,2022-10-25 11:43:55,395.83,339.99,432.5,,,
2026-08-03,2026-08-03T02:47:33+0200,657414,Dominaria United Collector Booster Box,7,Magic Display,5072,0,2022-05-13 16:25:34,243.4,200,245.82,,,
2026-08-03,2026-08-03T02:47:33+0200,657282,Double Masters 2022 Collector Booster Box,7,Magic Display,5070,0,2022-05-13 15:30:40,356.26,285,362.67,,,
2026-08-03,2026-08-03T02:47:33+0200,776442,Duskmourn: House of Horror Collector Booster Box,7,Magic Display,5806,0,2024-07-02 16:45:10,451.37,393,451.67,,,
2026-08-03,2026-08-03T02:47:33+0200,813293,Edge of Eternities Collector Booster Box,7,Magic Display,6063,0,2025-02-24 12:46:27,456.1,410,514.91,,,
2026-08-03,2026-08-03T02:47:33+0200,426991,Ikoria: Lair of Behemoths Collector Booster Box,7,Magic Display,2819,0,2019-11-28 16:18:06,352.41,255,338.6,,,
2026-08-03,2026-08-03T02:47:33+0200,795092,Innistrad Remastered Collector Booster Box,7,Magic Display,5930,0,2024-10-28 12:31:23,333.75,282,346.53,,,
2026-08-03,2026-08-03T02:47:33+0200,573796,Innistrad: Crimson Vow Collector Booster Box,7,Magic Display,4364,0,2021-08-06 15:04:52,191.39,148,188.39,,,
2026-08-03,2026-08-03T02:47:33+0200,573781,Innistrad: Midnight Hunt Collector Booster Box,7,Magic Display,4362,0,2021-08-06 14:55:33,172.36,128,170.66,,,
2026-08-03,2026-08-03T02:47:33+0200,527325,Kaldheim Collector Booster Box,7,Magic Display,3660,0,2020-12-15 15:30:17,286.05,269,300.61,,,
2026-08-03,2026-08-03T02:47:33+0200,587696,Kamigawa: Neon Dynasty Collector Booster Box,7,Magic Display,4472,0,2021-12-17 11:54:15,349.67,248,365.69,,,
2026-08-03,2026-08-03T02:47:33+0200,851271,Lorwyn Eclipsed Collector Booster Box,7,Magic Display,6325,0,2025-09-29 09:18:52,309.3,279.95,315.63,,,
2026-08-03,2026-08-03T02:47:33+0200,812573,Magic: The Gathering - FINAL FANTASY Collector Booster Box,7,Magic Display,6057,0,2025-02-19 11:07:32,1017.54,849.95,1372.28,,,
2026-08-03,2026-08-03T02:47:33+0200,781941,Magic: The Gathering Foundations Collector Booster Box,7,Magic Display,5852,0,2024-08-07 11:49:07,530.77,329.95,582.02,,,
2026-08-03,2026-08-03T02:47:33+0200,842564,Magic: The Gathering | Avatar: The Last Airbender Collector Booster Box,7,Magic Display,6261,0,2025-08-13 11:34:30,325.61,289.95,343.95,,,
2026-08-03,2026-08-03T02:47:33+0200,869496,Magic: The Gathering | Marvel Super Heroes Collector Booster Box,7,Magic Display,6476,0,2026-01-28 13:25:37,314.18,293.99,319.78,,,
2026-08-03,2026-08-03T02:47:33+0200,814380,Magic: The Gathering | Marvel's Spider-Man Collector Booster Box,7,Magic Display,6070,0,2025-03-03 11:57:58,297.8,279.9,313.05,,,
2026-08-03,2026-08-03T02:47:33+0200,853671,Magic: The Gathering | Teenage Mutant Ninja Turtles Collector Booster Box,7,Magic Display,6345,0,2025-10-13 14:34:50,280.25,259,269.5,,,
2026-08-03,2026-08-03T02:47:33+0200,696391,March of the Machine Collector Booster Box,7,Magic Display,5227,0,2023-02-10 22:28:20,464.19,499.9,574.81,,,
2026-08-03,2026-08-03T02:47:33+0200,703885,March of the Machine: The Aftermath Collector Booster Box,7,Magic Display,5320,0,2023-03-31 15:26:44,173.56,93,166.28,,,
2026-08-03,2026-08-03T02:47:33+0200,562095,Modern Horizons 2 Collector Booster Box,7,Magic Display,4219,0,2021-04-27 14:45:19,434.27,398.56,445.44,,,
2026-08-03,2026-08-03T02:47:33+0200,758483,Modern Horizons 3 Collector Booster Box,7,Magic Display,5652,0,2024-02-26 11:57:51,671.17,519,668.17,,,
2026-08-03,2026-08-03T02:47:33+0200,748052,Murders at Karlov Manor Collector Booster Box,7,Magic Display,5561,0,2023-12-06 14:17:20,255.88,199,261.54,,,
2026-08-03,2026-08-03T02:47:33+0200,758326,Outlaws of Thunder Junction Collector Booster Box,7,Magic Display,5647,0,2024-02-24 10:01:37,356.57,246,329.9,,,
2026-08-03,2026-08-03T02:47:33+0200,683494,Phyrexia: All Will Be One Collector Booster Box,7,Magic Display,5184,0,2022-11-04 18:30:08,707.64,395,636.6,,,
2026-08-03,2026-08-03T02:47:33+0200,370211,Ravnica Allegiance Collector Booster Box,7,Magic Display,2411,0,2019-02-19 13:48:40,1174.5,1100,720.25,,,
2026-08-03,2026-08-03T02:47:33+0200,737484,Ravnica Remastered Collector Booster Box,7,Magic Display,5505,0,2023-10-05 11:05:56,1036.89,999.99,981.33,,,
2026-08-03,2026-08-03T02:47:33+0200,885563,Reality Fracture Collector Booster Box,7,Magic Display,6571,0,2026-05-02 12:17:47,309.06,293.9,310.52,,,
2026-08-03,2026-08-03T02:47:33+0200,869357,Secrets of Strixhaven Collector Booster Box,7,Magic Display,6474,0,2026-01-28 10:47:39,322.37,329.88,330.77,,,
2026-08-03,2026-08-03T02:47:33+0200,897523,Star Trek Collector Booster Box,7,Magic Display,6657,0,2026-07-15 13:15:58,394.48,349.99,359.92,,,
2026-08-03,2026-08-03T02:47:33+0200,611248,Streets of New Capenna Collector Booster Box,7,Magic Display,4975,0,2022-03-04 16:18:49,191.58,159.99,198.16,,,
2026-08-03,2026-08-03T02:47:33+0200,540411,Strixhaven: School of Mages Collector Booster Box,7,Magic Display,3741,0,2021-02-19 14:36:40,409.1,385,400.12,,,
2026-08-03,2026-08-03T02:47:33+0200,813080,Tarkir: Dragonstorm Collector Booster Box,7,Magic Display,6060,0,2025-02-24 09:46:00,356.27,349.9,378.49,,,
2026-08-03,2026-08-03T02:47:33+0200,677805,The Brothers' War Collector Booster Box,7,Magic Display,5164,0,2022-09-29 11:06:30,560.29,310,645.64,,,
2026-08-03,2026-08-03T02:47:33+0200,885552,The Hobbit Collector Booster Box,7,Magic Display,6570,0,2026-05-02 11:28:12,619.18,549.99,648.54,,,
2026-08-03,2026-08-03T02:47:33+0200,698912,The Lord of the Rings: Tales of Middle-earth Collector Booster Box,7,Magic Display,5285,0,2023-02-22 12:27:41,1424.18,1049,1577.02,,,
2026-08-03,2026-08-03T02:47:33+0200,732335,The Lord of the Rings: Tales of Middle-earth Special Edition Collector Booster Box,7,Magic Display,5489,0,2023-09-08 15:57:44,7092.91,6399,8012.54,,,
2026-08-03,2026-08-03T02:47:33+0200,734175,The Lost Caverns of Ixalan Collector Booster Box,7,Magic Display,5490,0,2023-09-23 10:44:56,794.1,649.9,764.79,,,
2026-08-03,2026-08-03T02:47:33+0200,426911,Theros Beyond Death Collector Booster Box,7,Magic Display,2814,0,2019-11-28 14:23:23,215.99,209.99,223.15,,,
2026-08-03,2026-08-03T02:47:33+0200,398849,Throne of Eldraine Collector Booster Box,7,Magic Display,2582,0,2019-09-04 15:32:27,264.24,255,267.14,,,
2026-08-03,2026-08-03T02:47:33+0200,586736,Unfinity Collector Booster Box,7,Magic Display,4468,0,2021-11-30 14:50:09,277.49,211.88,278.03,,,
2026-08-03,2026-08-03T02:47:33+0200,758498,Universes Beyond: Assassin's Creed Collector Booster Box,7,Magic Display,5655,0,2024-02-26 14:59:45,318.2,269.99,360.56,,,
2026-08-03,2026-08-03T02:47:33+0200,710800,Universes Beyond: Doctor Who Collector Booster Box,7,Magic Display,5358,0,2023-05-08 09:18:46,437.67,244.95,473.3,,,
2026-08-03,2026-08-03T02:47:33+0200,745340,Universes Beyond: Fallout Collector Booster Box,7,Magic Display,5544,0,2023-11-14 15:21:27,1131.66,900,1172.25,,,
2026-08-03,2026-08-03T02:47:33+0200,719684,Wilds of Eldraine Collector Booster Box,7,Magic Display,5359,0,2023-06-21 14:21:48,660.72,479.9,673.29,,,
2026-08-03,2026-08-03T02:47:33+0200,486979,Zendikar Rising Collector Booster Box,7,Magic Display,3404,0,2020-07-31 14:02:38,331.81,329.95,329.26,,,
2026-08-04,2026-08-04T02:46:58+0200,565899,Adventures in the Forgotten Realms Collector Booster Box,7,Magic Display,4259,0,2021-05-21 16:59:41,262.97,180,264.98,,,
2026-08-04,2026-08-04T02:46:58+0200,803869,Aetherdrift Collector Booster Box,7,Magic Display,5982,0,2024-12-11 10:59:59,207.75,194.99,207.4,,,
2026-08-04,2026-08-04T02:46:58+0200,774110,Bloomburrow Collector Booster Box,7,Magic Display,5658,0,2024-06-10 17:18:27,734.79,599.99,713.78,,,
2026-08-04,2026-08-04T02:46:58+0200,492099,Commander Legends Collector Booster Box,7,Magic Display,3454,0,2020-08-24 14:17:37,475.81,348,443.12,,,
2026-08-04,2026-08-04T02:46:58+0200,650825,Commander Legends: Battle for Baldur's Gate Collector Booster Box,7,Magic Display,5030,0,2022-03-29 14:37:06,461.84,299.99,482.02,,,
2026-08-04,2026-08-04T02:46:58+0200,698962,Commander Masters Collector Booster Box,7,Magic Display,5286,0,2023-02-22 14:58:05,455.61,489.95,474.89,,,
2026-08-04,2026-08-04T02:46:58+0200,466034,Core 2021 Collector Booster Box,7,Magic Display,3048,0,2020-06-05 10:49:33,284,350,272.47,,,
2026-08-04,2026-08-04T02:46:58+0200,681210,Dominaria Remastered Collector Booster Box,7,Magic Display,5192,0,2022-10-25 11:43:55,395.83,339.99,432.5,,,
2026-08-04,2026-08-04T02:46:58+0200,657414,Dominaria United Collector Booster Box,7,Magic Display,5072,0,2022-05-13 16:25:34,243.4,200,245.82,,,
2026-08-04,2026-08-04T02:46:58+0200,657282,Double Masters 2022 Collector Booster Box,7,Magic Display,5070,0,2022-05-13 15:30:40,356.26,290,362.67,,,
2026-08-04,2026-08-04T02:46:58+0200,776442,Duskmourn: House of Horror Collector Booster Box,7,Magic Display,5806,0,2024-07-02 16:45:10,451.37,393,451.67,,,
2026-08-04,2026-08-04T02:46:58+0200,813293,Edge of Eternities Collector Booster Box,7,Magic Display,6063,0,2025-02-24 12:46:27,456.1,410,514.91,,,
2026-08-04,2026-08-04T02:46:58+0200,426991,Ikoria: Lair of Behemoths Collector Booster Box,7,Magic Display,2819,0,2019-11-28 16:18:06,352.41,255,338.6,,,
2026-08-04,2026-08-04T02:46:58+0200,795092,Innistrad Remastered Collector Booster Box,7,Magic Display,5930,0,2024-10-28 12:31:23,333.75,282,346.53,,,
2026-08-04,2026-08-04T02:46:58+0200,573796,Innistrad: Crimson Vow Collector Booster Box,7,Magic Display,4364,0,2021-08-06 15:04:52,191.39,148,188.39,,,
2026-08-04,2026-08-04T02:46:58+0200,573781,Innistrad: Midnight Hunt Collector Booster Box,7,Magic Display,4362,0,2021-08-06 14:55:33,172.36,128,170.66,,,
2026-08-04,2026-08-04T02:46:58+0200,527325,Kaldheim Collector Booster Box,7,Magic Display,3660,0,2020-12-15 15:30:17,286.05,269,300.61,,,
2026-08-04,2026-08-04T02:46:58+0200,587696,Kamigawa: Neon Dynasty Collector Booster Box,7,Magic Display,4472,0,2021-12-17 11:54:15,349.67,248,365.69,,,
2026-08-04,2026-08-04T02:46:58+0200,851271,Lorwyn Eclipsed Collector Booster Box,7,Magic Display,6325,0,2025-09-29 09:18:52,309.3,279.95,315.63,,,
2026-08-04,2026-08-04T02:46:58+0200,812573,Magic: The Gathering - FINAL FANTASY Collector Booster Box,7,Magic Display,6057,0,2025-02-19 11:07:32,1017.54,849.95,1372.28,,,
2026-08-04,2026-08-04T02:46:58+0200,781941,Magic: The Gathering Foundations Collector Booster Box,7,Magic Display,5852,0,2024-08-07 11:49:07,583.35,329.95,582.02,,,
2026-08-04,2026-08-04T02:46:58+0200,842564,Magic: The Gathering | Avatar: The Last Airbender Collector Booster Box,7,Magic Display,6261,0,2025-08-13 11:34:30,325.61,289.95,347.5,,,
2026-08-04,2026-08-04T02:46:58+0200,869496,Magic: The Gathering | Marvel Super Heroes Collector Booster Box,7,Magic Display,6476,0,2026-01-28 13:25:37,314.18,291.99,317.41,,,
2026-08-04,2026-08-04T02:46:58+0200,814380,Magic: The Gathering | Marvel's Spider-Man Collector Booster Box,7,Magic Display,6070,0,2025-03-03 11:57:58,297.8,279.9,314.93,,,
2026-08-04,2026-08-04T02:46:58+0200,853671,Magic: The Gathering | Teenage Mutant Ninja Turtles Collector Booster Box,7,Magic Display,6345,0,2025-10-13 14:34:50,280.25,259,272.07,,,
2026-08-04,2026-08-04T02:46:58+0200,696391,March of the Machine Collector Booster Box,7,Magic Display,5227,0,2023-02-10 22:28:20,464.19,390,574.81,,,
2026-08-04,2026-08-04T02:46:58+0200,703885,March of the Machine: The Aftermath Collector Booster Box,7,Magic Display,5320,0,2023-03-31 15:26:44,173.56,93,166.28,,,
2026-08-04,2026-08-04T02:46:58+0200,562095,Modern Horizons 2 Collector Booster Box,7,Magic Display,4219,0,2021-04-27 14:45:19,434.27,398.56,445.44,,,
2026-08-04,2026-08-04T02:46:58+0200,758483,Modern Horizons 3 Collector Booster Box,7,Magic Display,5652,0,2024-02-26 11:57:51,671.17,519,668.17,,,
2026-08-04,2026-08-04T02:46:58+0200,748052,Murders at Karlov Manor Collector Booster Box,7,Magic Display,5561,0,2023-12-06 14:17:20,255.88,199,261.54,,,
2026-08-04,2026-08-04T02:46:58+0200,758326,Outlaws of Thunder Junction Collector Booster Box,7,Magic Display,5647,0,2024-02-24 10:01:37,356.57,246,329.9,,,
2026-08-04,2026-08-04T02:46:58+0200,683494,Phyrexia: All Will Be One Collector Booster Box,7,Magic Display,5184,0,2022-11-04 18:30:08,707.64,395,636.6,,,
2026-08-04,2026-08-04T02:46:58+0200,370211,Ravnica Allegiance Collector Booster Box,7,Magic Display,2411,0,2019-02-19 13:48:40,1174.5,1100,720.25,,,
2026-08-04,2026-08-04T02:46:58+0200,737484,Ravnica Remastered Collector Booster Box,7,Magic Display,5505,0,2023-10-05 11:05:56,1036.89,999.99,981.33,,,
2026-08-04,2026-08-04T02:46:58+0200,885563,Reality Fracture Collector Booster Box,7,Magic Display,6571,0,2026-05-02 12:17:47,309.06,293.9,310.58,,,
2026-08-04,2026-08-04T02:46:58+0200,869357,Secrets of Strixhaven Collector Booster Box,7,Magic Display,6474,0,2026-01-28 10:47:39,322.37,329.89,331.71,,,
2026-08-04,2026-08-04T02:46:58+0200,897523,Star Trek Collector Booster Box,7,Magic Display,6657,0,2026-07-15 13:15:58,394.48,349.99,359.92,,,
2026-08-04,2026-08-04T02:46:58+0200,611248,Streets of New Capenna Collector Booster Box,7,Magic Display,4975,0,2022-03-04 16:18:49,191.58,159.99,198.16,,,
2026-08-04,2026-08-04T02:46:58+0200,540411,Strixhaven: School of Mages Collector Booster Box,7,Magic Display,3741,0,2021-02-19 14:36:40,409.1,380,400.12,,,
2026-08-04,2026-08-04T02:46:58+0200,813080,Tarkir: Dragonstorm Collector Booster Box,7,Magic Display,6060,0,2025-02-24 09:46:00,356.27,349.9,378.49,,,
2026-08-04,2026-08-04T02:46:58+0200,677805,The Brothers' War Collector Booster Box,7,Magic Display,5164,0,2022-09-29 11:06:30,560.29,310,645.64,,,
2026-08-04,2026-08-04T02:46:58+0200,885552,The Hobbit Collector Booster Box,7,Magic Display,6570,0,2026-05-02 11:28:12,619.18,649.99,656.14,,,
2026-08-04,2026-08-04T02:46:58+0200,698912,The Lord of the Rings: Tales of Middle-earth Collector Booster Box,7,Magic Display,5285,0,2023-02-22 12:27:41,1424.18,1049,1577.02,,,
2026-08-04,2026-08-04T02:46:58+0200,732335,The Lord of the Rings: Tales of Middle-earth Special Edition Collector Booster Box,7,Magic Display,5489,0,2023-09-08 15:57:44,7092.91,7190,8012.54,,,
2026-08-04,2026-08-04T02:46:58+0200,734175,The Lost Caverns of Ixalan Collector Booster Box,7,Magic Display,5490,0,2023-09-23 10:44:56,794.1,649.9,764.79,,,
2026-08-04,2026-08-04T02:46:58+0200,426911,Theros Beyond Death Collector Booster Box,7,Magic Display,2814,0,2019-11-28 14:23:23,215.99,209.99,223.15,,,
2026-08-04,2026-08-04T02:46:58+0200,398849,Throne of Eldraine Collector Booster Box,7,Magic Display,2582,0,2019-09-04 15:32:27,264.24,275,270.08,,,
2026-08-04,2026-08-04T02:46:58+0200,586736,Unfinity Collector Booster Box,7,Magic Display,4468,0,2021-11-30 14:50:09,277.49,211.88,278.03,,,
2026-08-04,2026-08-04T02:46:58+0200,758498,Universes Beyond: Assassin's Creed Collector Booster Box,7,Magic Display,5655,0,2024-02-26 14:59:45,318.2,269.99,360.56,,,
2026-08-04,2026-08-04T02:46:58+0200,710800,Universes Beyond: Doctor Who Collector Booster Box,7,Magic Display,5358,0,2023-05-08 09:18:46,437.67,244.95,456.45,,,
2026-08-04,2026-08-04T02:46:58+0200,745340,Universes Beyond: Fallout Collector Booster Box,7,Magic Display,5544,0,2023-11-14 15:21:27,1236.85,900,1172.25,,,
2026-08-04,2026-08-04T02:46:58+0200,719684,Wilds of Eldraine Collector Booster Box,7,Magic Display,5359,0,2023-06-21 14:21:48,660.72,479.9,673.29,,,
2026-08-04,2026-08-04T02:46:58+0200,486979,Zendikar Rising Collector Booster Box,7,Magic Display,3404,0,2020-07-31 14:02:38,331.81,329.95,329.26,,,
2026-08-05,2026-08-05T02:44:19+0200,565899,Adventures in the Forgotten Realms Collector Booster Box,7,Magic Display,4259,0,2021-05-21 16:59:41,262.97,180,264.98,,,
2026-08-05,2026-08-05T02:44:19+0200,803869,Aetherdrift Collector Booster Box,7,Magic Display,5982,0,2024-12-11 10:59:59,207.75,194.99,206.53,,,
2026-08-05,2026-08-05T02:44:19+0200,774110,Bloomburrow Collector Booster Box,7,Magic Display,5658,0,2024-06-10 17:18:27,734.79,599.99,713.78,,,
2026-08-05,2026-08-05T02:44:19+0200,492099,Commander Legends Collector Booster Box,7,Magic Display,3454,0,2020-08-24 14:17:37,475.81,348,443.12,,,
2026-08-05,2026-08-05T02:44:19+0200,650825,Commander Legends: Battle for Baldur's Gate Collector Booster Box,7,Magic Display,5030,0,2022-03-29 14:37:06,461.84,450,482.02,,,
2026-08-05,2026-08-05T02:44:19+0200,698962,Commander Masters Collector Booster Box,7,Magic Display,5286,0,2023-02-22 14:58:05,455.61,449.99,480.6,,,
2026-08-05,2026-08-05T02:44:19+0200,466034,Core 2021 Collector Booster Box,7,Magic Display,3048,0,2020-06-05 10:49:33,284,259,272.47,,,
2026-08-05,2026-08-05T02:44:19+0200,681210,Dominaria Remastered Collector Booster Box,7,Magic Display,5192,0,2022-10-25 11:43:55,395.83,339.99,432.5,,,
2026-08-05,2026-08-05T02:44:19+0200,657414,Dominaria United Collector Booster Box,7,Magic Display,5072,0,2022-05-13 16:25:34,243.4,200,248.9,,,
2026-08-05,2026-08-05T02:44:19+0200,657282,Double Masters 2022 Collector Booster Box,7,Magic Display,5070,0,2022-05-13 15:30:40,356.26,290,362.67,,,
2026-08-05,2026-08-05T02:44:19+0200,776442,Duskmourn: House of Horror Collector Booster Box,7,Magic Display,5806,0,2024-07-02 16:45:10,451.37,393,453.96,,,
2026-08-05,2026-08-05T02:44:19+0200,813293,Edge of Eternities Collector Booster Box,7,Magic Display,6063,0,2025-02-24 12:46:27,521.02,410,522.38,,,
2026-08-05,2026-08-05T02:44:19+0200,426991,Ikoria: Lair of Behemoths Collector Booster Box,7,Magic Display,2819,0,2019-11-28 16:18:06,352.41,255,338.6,,,
2026-08-05,2026-08-05T02:44:19+0200,795092,Innistrad Remastered Collector Booster Box,7,Magic Display,5930,0,2024-10-28 12:31:23,333.75,299.99,349.02,,,
2026-08-05,2026-08-05T02:44:19+0200,573796,Innistrad: Crimson Vow Collector Booster Box,7,Magic Display,4364,0,2021-08-06 15:04:52,191.39,148,188.39,,,
2026-08-05,2026-08-05T02:44:19+0200,573781,Innistrad: Midnight Hunt Collector Booster Box,7,Magic Display,4362,0,2021-08-06 14:55:33,172.36,128,170.66,,,
2026-08-05,2026-08-05T02:44:19+0200,527325,Kaldheim Collector Booster Box,7,Magic Display,3660,0,2020-12-15 15:30:17,286.05,269,300.61,,,
2026-08-05,2026-08-05T02:44:19+0200,587696,Kamigawa: Neon Dynasty Collector Booster Box,7,Magic Display,4472,0,2021-12-17 11:54:15,349.67,248,376.85,,,
2026-08-05,2026-08-05T02:44:19+0200,851271,Lorwyn Eclipsed Collector Booster Box,7,Magic Display,6325,0,2025-09-29 09:18:52,309.3,279.95,319.14,,,
2026-08-05,2026-08-05T02:44:19+0200,812573,Magic: The Gathering - FINAL FANTASY Collector Booster Box,7,Magic Display,6057,0,2025-02-19 11:07:32,1017.54,849.95,1385.65,,,
2026-08-05,2026-08-05T02:44:19+0200,781941,Magic: The Gathering Foundations Collector Booster Box,7,Magic Display,5852,0,2024-08-07 11:49:07,583.35,329.95,582.02,,,
2026-08-05,2026-08-05T02:44:19+0200,842564,Magic: The Gathering | Avatar: The Last Airbender Collector Booster Box,7,Magic Display,6261,0,2025-08-13 11:34:30,325.61,289.95,347.03,,,
2026-08-05,2026-08-05T02:44:19+0200,869496,Magic: The Gathering | Marvel Super Heroes Collector Booster Box,7,Magic Display,6476,0,2026-01-28 13:25:37,314.18,291.99,317.3,,,
2026-08-05,2026-08-05T02:44:19+0200,814380,Magic: The Gathering | Marvel's Spider-Man Collector Booster Box,7,Magic Display,6070,0,2025-03-03 11:57:58,297.8,279.9,314.06,,,
2026-08-05,2026-08-05T02:44:19+0200,853671,Magic: The Gathering | Teenage Mutant Ninja Turtles Collector Booster Box,7,Magic Display,6345,0,2025-10-13 14:34:50,280.25,259,269.41,,,
2026-08-05,2026-08-05T02:44:19+0200,696391,March of the Machine Collector Booster Box,7,Magic Display,5227,0,2023-02-10 22:28:20,464.19,390,574.81,,,
2026-08-05,2026-08-05T02:44:19+0200,703885,March of the Machine: The Aftermath Collector Booster Box,7,Magic Display,5320,0,2023-03-31 15:26:44,173.56,93,167.75,,,
2026-08-05,2026-08-05T02:44:19+0200,562095,Modern Horizons 2 Collector Booster Box,7,Magic Display,4219,0,2021-04-27 14:45:19,434.27,398.56,445.44,,,
2026-08-05,2026-08-05T02:44:19+0200,758483,Modern Horizons 3 Collector Booster Box,7,Magic Display,5652,0,2024-02-26 11:57:51,671.17,519,668.17,,,
2026-08-05,2026-08-05T02:44:19+0200,748052,Murders at Karlov Manor Collector Booster Box,7,Magic Display,5561,0,2023-12-06 14:17:20,255.88,199,263.82,,,
2026-08-05,2026-08-05T02:44:19+0200,758326,Outlaws of Thunder Junction Collector Booster Box,7,Magic Display,5647,0,2024-02-24 10:01:37,356.57,246,342.22,,,
2026-08-05,2026-08-05T02:44:19+0200,683494,Phyrexia: All Will Be One Collector Booster Box,7,Magic Display,5184,0,2022-11-04 18:30:08,707.64,395,636.6,,,
2026-08-05,2026-08-05T02:44:19+0200,370211,Ravnica Allegiance Collector Booster Box,7,Magic Display,2411,0,2019-02-19 13:48:40,1174.5,1100,720.25,,,
2026-08-05,2026-08-05T02:44:19+0200,737484,Ravnica Remastered Collector Booster Box,7,Magic Display,5505,0,2023-10-05 11:05:56,1036.89,999.99,981.33,,,
2026-08-05,2026-08-05T02:44:19+0200,885563,Reality Fracture Collector Booster Box,7,Magic Display,6571,0,2026-05-02 12:17:47,309.06,293.9,310.61,,,
2026-08-05,2026-08-05T02:44:19+0200,869357,Secrets of Strixhaven Collector Booster Box,7,Magic Display,6474,0,2026-01-28 10:47:39,322.37,329.89,336.44,,,
2026-08-05,2026-08-05T02:44:19+0200,897523,Star Trek Collector Booster Box,7,Magic Display,6657,0,2026-07-15 13:15:58,394.48,349.99,371.3,,,
2026-08-05,2026-08-05T02:44:19+0200,611248,Streets of New Capenna Collector Booster Box,7,Magic Display,4975,0,2022-03-04 16:18:49,191.58,159.99,194.9,,,
2026-08-05,2026-08-05T02:44:19+0200,540411,Strixhaven: School of Mages Collector Booster Box,7,Magic Display,3741,0,2021-02-19 14:36:40,409.1,395,400.12,,,
2026-08-05,2026-08-05T02:44:19+0200,813080,Tarkir: Dragonstorm Collector Booster Box,7,Magic Display,6060,0,2025-02-24 09:46:00,373.34,349.9,385.47,,,
2026-08-05,2026-08-05T02:44:19+0200,677805,The Brothers' War Collector Booster Box,7,Magic Display,5164,0,2022-09-29 11:06:30,560.29,310,663.06,,,
2026-08-05,2026-08-05T02:44:19+0200,885552,The Hobbit Collector Booster Box,7,Magic Display,6570,0,2026-05-02 11:28:12,619.18,649.99,665.87,,,
2026-08-05,2026-08-05T02:44:19+0200,698912,The Lord of the Rings: Tales of Middle-earth Collector Booster Box,7,Magic Display,5285,0,2023-02-22 12:27:41,1424.18,1049,1580.78,,,
2026-08-05,2026-08-05T02:44:19+0200,732335,The Lord of the Rings: Tales of Middle-earth Special Edition Collector Booster Box,7,Magic Display,5489,0,2023-09-08 15:57:44,7092.91,7190,7942.35,,,
2026-08-05,2026-08-05T02:44:19+0200,734175,The Lost Caverns of Ixalan Collector Booster Box,7,Magic Display,5490,0,2023-09-23 10:44:56,794.1,649.9,764.79,,,
2026-08-05,2026-08-05T02:44:19+0200,426911,Theros Beyond Death Collector Booster Box,7,Magic Display,2814,0,2019-11-28 14:23:23,215.99,209.99,227.55,,,
2026-08-05,2026-08-05T02:44:19+0200,398849,Throne of Eldraine Collector Booster Box,7,Magic Display,2582,0,2019-09-04 15:32:27,264.24,280,268.53,,,
2026-08-05,2026-08-05T02:44:19+0200,586736,Unfinity Collector Booster Box,7,Magic Display,4468,0,2021-11-30 14:50:09,277.61,211.88,278.03,,,
2026-08-05,2026-08-05T02:44:19+0200,758498,Universes Beyond: Assassin's Creed Collector Booster Box,7,Magic Display,5655,0,2024-02-26 14:59:45,318.2,269.99,372.54,,,
2026-08-05,2026-08-05T02:44:19+0200,710800,Universes Beyond: Doctor Who Collector Booster Box,7,Magic Display,5358,0,2023-05-08 09:18:46,437.67,244.95,456.45,,,
2026-08-05,2026-08-05T02:44:19+0200,745340,Universes Beyond: Fallout Collector Booster Box,7,Magic Display,5544,0,2023-11-14 15:21:27,1236.85,900,1172.25,,,
2026-08-05,2026-08-05T02:44:19+0200,719684,Wilds of Eldraine Collector Booster Box,7,Magic Display,5359,0,2023-06-21 14:21:48,660.72,479.9,673.29,,,
2026-08-05,2026-08-05T02:44:19+0200,486979,Zendikar Rising Collector Booster Box,7,Magic Display,3404,0,2020-07-31 14:02:38,331.81,294.9,329.26,,,
2026-08-06,2026-08-06T02:43:16+0200,565899,Adventures in the Forgotten Realms Collector Booster Box,7,Magic Display,4259,0,2021-05-21 16:59:41,262.97,180,264.98,,,
2026-08-06,2026-08-06T02:43:16+0200,803869,Aetherdrift Collector Booster Box,7,Magic Display,5982,0,2024-12-11 10:59:59,207.75,194.99,207.68,,,
2026-08-06,2026-08-06T02:43:16+0200,774110,Bloomburrow Collector Booster Box,7,Magic Display,5658,0,2024-06-10 17:18:27,734.79,599.99,713.78,,,
2026-08-06,2026-08-06T02:43:16+0200,492099,Commander Legends Collector Booster Box,7,Magic Display,3454,0,2020-08-24 14:17:37,475.81,348,473.31,,,
2026-08-06,2026-08-06T02:43:16+0200,650825,Commander Legends: Battle for Baldur's Gate Collector Booster Box,7,Magic Display,5030,0,2022-03-29 14:37:06,461.84,450,476.95,,,
2026-08-06,2026-08-06T02:43:16+0200,698962,Commander Masters Collector Booster Box,7,Magic Display,5286,0,2023-02-22 14:58:05,455.61,449.99,477.81,,,
2026-08-06,2026-08-06T02:43:16+0200,466034,Core 2021 Collector Booster Box,7,Magic Display,3048,0,2020-06-05 10:49:33,284,259,272.47,,,
2026-08-06,2026-08-06T02:43:16+0200,681210,Dominaria Remastered Collector Booster Box,7,Magic Display,5192,0,2022-10-25 11:43:55,395.83,339.99,436.59,,,
2026-08-06,2026-08-06T02:43:16+0200,657414,Dominaria United Collector Booster Box,7,Magic Display,5072,0,2022-05-13 16:25:34,243.4,200,251.55,,,
2026-08-06,2026-08-06T02:43:16+0200,657282,Double Masters 2022 Collector Booster Box,7,Magic Display,5070,0,2022-05-13 15:30:40,356.26,290,371.49,,,
2026-08-06,2026-08-06T02:43:16+0200,776442,Duskmourn: House of Horror Collector Booster Box,7,Magic Display,5806,0,2024-07-02 16:45:10,451.37,439,466.75,,,
2026-08-06,2026-08-06T02:43:16+0200,813293,Edge of Eternities Collector Booster Box,7,Magic Display,6063,0,2025-02-24 12:46:27,521.02,410,529.53,,,
2026-08-06,2026-08-06T02:43:16+0200,426991,Ikoria: Lair of Behemoths Collector Booster Box,7,Magic Display,2819,0,2019-11-28 16:18:06,352.41,255,338.6,,,
2026-08-06,2026-08-06T02:43:16+0200,795092,Innistrad Remastered Collector Booster Box,7,Magic Display,5930,0,2024-10-28 12:31:23,333.75,299.99,349.51,,,
2026-08-06,2026-08-06T02:43:16+0200,573796,Innistrad: Crimson Vow Collector Booster Box,7,Magic Display,4364,0,2021-08-06 15:04:52,191.39,148,188.39,,,
2026-08-06,2026-08-06T02:43:16+0200,573781,Innistrad: Midnight Hunt Collector Booster Box,7,Magic Display,4362,0,2021-08-06 14:55:33,172.36,128,175.69,,,
2026-08-06,2026-08-06T02:43:16+0200,527325,Kaldheim Collector Booster Box,7,Magic Display,3660,0,2020-12-15 15:30:17,286.05,269,300.61,,,
2026-08-06,2026-08-06T02:43:16+0200,587696,Kamigawa: Neon Dynasty Collector Booster Box,7,Magic Display,4472,0,2021-12-17 11:54:15,349.67,248,380.76,,,
2026-08-06,2026-08-06T02:43:16+0200,851271,Lorwyn Eclipsed Collector Booster Box,7,Magic Display,6325,0,2025-09-29 09:18:52,315.29,279.95,316.06,,,
2026-08-06,2026-08-06T02:43:16+0200,812573,Magic: The Gathering - FINAL FANTASY Collector Booster Box,7,Magic Display,6057,0,2025-02-19 11:07:32,1017.54,849.95,1385.65,,,
2026-08-06,2026-08-06T02:43:16+0200,781941,Magic: The Gathering Foundations Collector Booster Box,7,Magic Display,5852,0,2024-08-07 11:49:07,583.35,329.95,582.02,,,
2026-08-06,2026-08-06T02:43:16+0200,842564,Magic: The Gathering | Avatar: The Last Airbender Collector Booster Box,7,Magic Display,6261,0,2025-08-13 11:34:30,325.61,289.95,348.32,,,
2026-08-06,2026-08-06T02:43:16+0200,869496,Magic: The Gathering | Marvel Super Heroes Collector Booster Box,7,Magic Display,6476,0,2026-01-28 13:25:37,314.18,285.9,316.68,,,
2026-08-06,2026-08-06T02:43:16+0200,814380,Magic: The Gathering | Marvel's Spider-Man Collector Booster Box,7,Magic Display,6070,0,2025-03-03 11:57:58,297.8,279.9,311.11,,,
2026-08-06,2026-08-06T02:43:16+0200,853671,Magic: The Gathering | Teenage Mutant Ninja Turtles Collector Booster Box,7,Magic Display,6345,0,2025-10-13 14:34:50,280.25,259,271.83,,,
2026-08-06,2026-08-06T02:43:16+0200,696391,March of the Machine Collector Booster Box,7,Magic Display,5227,0,2023-02-10 22:28:20,464.19,390,599.25,,,
2026-08-06,2026-08-06T02:43:16+0200,703885,March of the Machine: The Aftermath Collector Booster Box,7,Magic Display,5320,0,2023-03-31 15:26:44,174.99,93,167.75,,,
2026-08-06,2026-08-06T02:43:16+0200,562095,Modern Horizons 2 Collector Booster Box,7,Magic Display,4219,0,2021-04-27 14:45:19,434.27,398.56,445.44,,,
2026-08-06,2026-08-06T02:43:16+0200,758483,Modern Horizons 3 Collector Booster Box,7,Magic Display,5652,0,2024-02-26 11:57:51,671.17,519,668.17,,,
2026-08-06,2026-08-06T02:43:16+0200,748052,Murders at Karlov Manor Collector Booster Box,7,Magic Display,5561,0,2023-12-06 14:17:20,255.88,199,267.99,,,
2026-08-06,2026-08-06T02:43:16+0200,758326,Outlaws of Thunder Junction Collector Booster Box,7,Magic Display,5647,0,2024-02-24 10:01:37,356.57,246,355.65,,,
2026-08-06,2026-08-06T02:43:16+0200,683494,Phyrexia: All Will Be One Collector Booster Box,7,Magic Display,5184,0,2022-11-04 18:30:08,707.64,395,666.13,,,
2026-08-06,2026-08-06T02:43:16+0200,370211,Ravnica Allegiance Collector Booster Box,7,Magic Display,2411,0,2019-02-19 13:48:40,1174.5,1100,720.25,,,
2026-08-06,2026-08-06T02:43:16+0200,737484,Ravnica Remastered Collector Booster Box,7,Magic Display,5505,0,2023-10-05 11:05:56,1036.89,999.99,981.33,,,
2026-08-06,2026-08-06T02:43:16+0200,885563,Reality Fracture Collector Booster Box,7,Magic Display,6571,0,2026-05-02 12:17:47,309.06,293.9,311.66,,,
2026-08-06,2026-08-06T02:43:16+0200,869357,Secrets of Strixhaven Collector Booster Box,7,Magic Display,6474,0,2026-01-28 10:47:39,322.37,330,341.4,,,
2026-08-06,2026-08-06T02:43:16+0200,897523,Star Trek Collector Booster Box,7,Magic Display,6657,0,2026-07-15 13:15:58,394.48,349.99,390.98,,,
2026-08-06,2026-08-06T02:43:16+0200,611248,Streets of New Capenna Collector Booster Box,7,Magic Display,4975,0,2022-03-04 16:18:49,191.58,159.99,195.12,,,
2026-08-06,2026-08-06T02:43:16+0200,540411,Strixhaven: School of Mages Collector Booster Box,7,Magic Display,3741,0,2021-02-19 14:36:40,409.1,395,403.23,,,
2026-08-06,2026-08-06T02:43:16+0200,813080,Tarkir: Dragonstorm Collector Booster Box,7,Magic Display,6060,0,2025-02-24 09:46:00,373.34,349.9,385.47,,,
2026-08-06,2026-08-06T02:43:16+0200,677805,The Brothers' War Collector Booster Box,7,Magic Display,5164,0,2022-09-29 11:06:30,560.29,310,673.46,,,
2026-08-06,2026-08-06T02:43:16+0200,885552,The Hobbit Collector Booster Box,7,Magic Display,6570,0,2026-05-02 11:28:12,619.18,549.99,669.16,,,
2026-08-06,2026-08-06T02:43:16+0200,698912,The Lord of the Rings: Tales of Middle-earth Collector Booster Box,7,Magic Display,5285,0,2023-02-22 12:27:41,1424.18,1049,1609.54,,,
2026-08-06,2026-08-06T02:43:16+0200,732335,The Lord of the Rings: Tales of Middle-earth Special Edition Collector Booster Box,7,Magic Display,5489,0,2023-09-08 15:57:44,7092.91,6899.9,7942.35,,,
2026-08-06,2026-08-06T02:43:16+0200,734175,The Lost Caverns of Ixalan Collector Booster Box,7,Magic Display,5490,0,2023-09-23 10:44:56,794.1,649.9,764.79,,,
2026-08-06,2026-08-06T02:43:16+0200,426911,Theros Beyond Death Collector Booster Box,7,Magic Display,2814,0,2019-11-28 14:23:23,215.99,209.99,227.55,,,
2026-08-06,2026-08-06T02:43:16+0200,398849,Throne of Eldraine Collector Booster Box,7,Magic Display,2582,0,2019-09-04 15:32:27,264.24,280,269.36,,,
2026-08-06,2026-08-06T02:43:16+0200,586736,Unfinity Collector Booster Box,7,Magic Display,4468,0,2021-11-30 14:50:09,277.61,211.88,276.8,,,
2026-08-06,2026-08-06T02:43:16+0200,758498,Universes Beyond: Assassin's Creed Collector Booster Box,7,Magic Display,5655,0,2024-02-26 14:59:45,318.2,269.99,372.54,,,
2026-08-06,2026-08-06T02:43:16+0200,710800,Universes Beyond: Doctor Who Collector Booster Box,7,Magic Display,5358,0,2023-05-08 09:18:46,437.67,244.95,471.3,,,
2026-08-06,2026-08-06T02:43:16+0200,745340,Universes Beyond: Fallout Collector Booster Box,7,Magic Display,5544,0,2023-11-14 15:21:27,1236.85,900,1233.99,,,
2026-08-06,2026-08-06T02:43:16+0200,719684,Wilds of Eldraine Collector Booster Box,7,Magic Display,5359,0,2023-06-21 14:21:48,660.72,450,681.27,,,
2026-08-06,2026-08-06T02:43:16+0200,486979,Zendikar Rising Collector Booster Box,7,Magic Display,3404,0,2020-07-31 14:02:38,331.81,294.9,328.06,,,
2026-08-07,2026-08-07T02:44:55+0200,565899,Adventures in the Forgotten Realms Collector Booster Box,7,Magic Display,4259,0,2021-05-21 16:59:41,262.97,180,281.54,,,
2026-08-07,2026-08-07T02:44:55+0200,803869,Aetherdrift Collector Booster Box,7,Magic Display,5982,0,2024-12-11 10:59:59,207.75,194.99,209.51,,,
2026-08-07,2026-08-07T02:44:55+0200,774110,Bloomburrow Collector Booster Box,7,Magic Display,5658,0,2024-06-10 17:18:27,734.79,599.99,713.78,,,
2026-08-07,2026-08-07T02:44:55+0200,492099,Commander Legends Collector Booster Box,7,Magic Display,3454,0,2020-08-24 14:17:37,475.81,348,473.31,,,
2026-08-07,2026-08-07T02:44:55+0200,650825,Commander Legends: Battle for Baldur's Gate Collector Booster Box,7,Magic Display,5030,0,2022-03-29 14:37:06,461.84,450,476.95,,,
2026-08-07,2026-08-07T02:44:55+0200,698962,Commander Masters Collector Booster Box,7,Magic Display,5286,0,2023-02-22 14:58:05,455.61,449.99,476.36,,,
2026-08-07,2026-08-07T02:44:55+0200,466034,Core 2021 Collector Booster Box,7,Magic Display,3048,0,2020-06-05 10:49:33,284,259,285.18,,,
2026-08-07,2026-08-07T02:44:55+0200,681210,Dominaria Remastered Collector Booster Box,7,Magic Display,5192,0,2022-10-25 11:43:55,433.24,339.99,436.59,,,
2026-08-07,2026-08-07T02:44:55+0200,657414,Dominaria United Collector Booster Box,7,Magic Display,5072,0,2022-05-13 16:25:34,243.4,200,251.91,,,
2026-08-07,2026-08-07T02:44:55+0200,657282,Double Masters 2022 Collector Booster Box,7,Magic Display,5070,0,2022-05-13 15:30:40,356.26,290,373.1,,,
2026-08-07,2026-08-07T02:44:55+0200,776442,Duskmourn: House of Horror Collector Booster Box,7,Magic Display,5806,0,2024-07-02 16:45:10,451.37,419,466.75,,,
2026-08-07,2026-08-07T02:44:55+0200,813293,Edge of Eternities Collector Booster Box,7,Magic Display,6063,0,2025-02-24 12:46:27,521.02,410,547.7,,,
2026-08-07,2026-08-07T02:44:55+0200,426991,Ikoria: Lair of Behemoths Collector Booster Box,7,Magic Display,2819,0,2019-11-28 16:18:06,352.41,255,359.46,,,
2026-08-07,2026-08-07T02:44:55+0200,795092,Innistrad Remastered Collector Booster Box,7,Magic Display,5930,0,2024-10-28 12:31:23,333.75,299.99,349.28,,,
2026-08-07,2026-08-07T02:44:55+0200,573796,Innistrad: Crimson Vow Collector Booster Box,7,Magic Display,4364,0,2021-08-06 15:04:52,191.39,148,190.05,,,
2026-08-07,2026-08-07T02:44:55+0200,573781,Innistrad: Midnight Hunt Collector Booster Box,7,Magic Display,4362,0,2021-08-06 14:55:33,172.36,128,176.11,,,
2026-08-07,2026-08-07T02:44:55+0200,527325,Kaldheim Collector Booster Box,7,Magic Display,3660,0,2020-12-15 15:30:17,286.05,269,300.61,,,
2026-08-07,2026-08-07T02:44:55+0200,587696,Kamigawa: Neon Dynasty Collector Booster Box,7,Magic Display,4472,0,2021-12-17 11:54:15,349.67,248,388.93,,,
2026-08-07,2026-08-07T02:44:55+0200,851271,Lorwyn Eclipsed Collector Booster Box,7,Magic Display,6325,0,2025-09-29 09:18:52,315.29,279.95,323.32,,,
2026-08-07,2026-08-07T02:44:55+0200,812573,Magic: The Gathering - FINAL FANTASY Collector Booster Box,7,Magic Display,6057,0,2025-02-19 11:07:32,1017.54,849.95,1385.65,,,
2026-08-07,2026-08-07T02:44:55+0200,781941,Magic: The Gathering Foundations Collector Booster Box,7,Magic Display,5852,0,2024-08-07 11:49:07,583.35,329.95,582.02,,,
2026-08-07,2026-08-07T02:44:55+0200,842564,Magic: The Gathering | Avatar: The Last Airbender Collector Booster Box,7,Magic Display,6261,0,2025-08-13 11:34:30,325.61,289.95,351.11,,,
2026-08-07,2026-08-07T02:44:55+0200,869496,Magic: The Gathering | Marvel Super Heroes Collector Booster Box,7,Magic Display,6476,0,2026-01-28 13:25:37,314.18,284.99,316.17,,,
2026-08-07,2026-08-07T02:44:55+0200,814380,Magic: The Gathering | Marvel's Spider-Man Collector Booster Box,7,Magic Display,6070,0,2025-03-03 11:57:58,297.8,279.9,312.33,,,
2026-08-07,2026-08-07T02:44:55+0200,853671,Magic: The Gathering | Teenage Mutant Ninja Turtles Collector Booster Box,7,Magic Display,6345,0,2025-10-13 14:34:50,280.25,259,272.54,,,
2026-08-07,2026-08-07T02:44:55+0200,696391,March of the Machine Collector Booster Box,7,Magic Display,5227,0,2023-02-10 22:28:20,464.19,390,599.25,,,
2026-08-07,2026-08-07T02:44:55+0200,703885,March of the Machine: The Aftermath Collector Booster Box,7,Magic Display,5320,0,2023-03-31 15:26:44,174.99,93,167.75,,,
2026-08-07,2026-08-07T02:44:55+0200,562095,Modern Horizons 2 Collector Booster Box,7,Magic Display,4219,0,2021-04-27 14:45:19,434.27,398.56,445.44,,,
2026-08-07,2026-08-07T02:44:55+0200,758483,Modern Horizons 3 Collector Booster Box,7,Magic Display,5652,0,2024-02-26 11:57:51,671.17,519,680.77,,,
2026-08-07,2026-08-07T02:44:55+0200,748052,Murders at Karlov Manor Collector Booster Box,7,Magic Display,5561,0,2023-12-06 14:17:20,255.88,214.99,265.29,,,
2026-08-07,2026-08-07T02:44:55+0200,758326,Outlaws of Thunder Junction Collector Booster Box,7,Magic Display,5647,0,2024-02-24 10:01:37,356.57,246,355.65,,,
2026-08-07,2026-08-07T02:44:55+0200,683494,Phyrexia: All Will Be One Collector Booster Box,7,Magic Display,5184,0,2022-11-04 18:30:08,707.64,550,666.13,,,
2026-08-07,2026-08-07T02:44:55+0200,370211,Ravnica Allegiance Collector Booster Box,7,Magic Display,2411,0,2019-02-19 13:48:40,1174.5,1100,720.25,,,
2026-08-07,2026-08-07T02:44:55+0200,737484,Ravnica Remastered Collector Booster Box,7,Magic Display,5505,0,2023-10-05 11:05:56,1036.89,999.99,1029.51,,,
2026-08-07,2026-08-07T02:44:55+0200,885563,Reality Fracture Collector Booster Box,7,Magic Display,6571,0,2026-05-02 12:17:47,309.06,293.9,311.09,,,
2026-08-07,2026-08-07T02:44:55+0200,869357,Secrets of Strixhaven Collector Booster Box,7,Magic Display,6474,0,2026-01-28 10:47:39,322.37,329.99,343.37,,,
2026-08-07,2026-08-07T02:44:55+0200,897523,Star Trek Collector Booster Box,7,Magic Display,6657,0,2026-07-15 13:15:58,394.48,349.99,416.95,,,
2026-08-07,2026-08-07T02:44:55+0200,611248,Streets of New Capenna Collector Booster Box,7,Magic Display,4975,0,2022-03-04 16:18:49,191.58,159.99,193.2,,,
2026-08-07,2026-08-07T02:44:55+0200,540411,Strixhaven: School of Mages Collector Booster Box,7,Magic Display,3741,0,2021-02-19 14:36:40,409.1,380,403.23,,,
2026-08-07,2026-08-07T02:44:55+0200,813080,Tarkir: Dragonstorm Collector Booster Box,7,Magic Display,6060,0,2025-02-24 09:46:00,373.34,349.9,389.14,,,
2026-08-07,2026-08-07T02:44:55+0200,677805,The Brothers' War Collector Booster Box,7,Magic Display,5164,0,2022-09-29 11:06:30,612.97,310,673.46,,,
2026-08-07,2026-08-07T02:44:55+0200,885552,The Hobbit Collector Booster Box,7,Magic Display,6570,0,2026-05-02 11:28:12,619.18,549.99,677.91,,,
2026-08-07,2026-08-07T02:44:55+0200,698912,The Lord of the Rings: Tales of Middle-earth Collector Booster Box,7,Magic Display,5285,0,2023-02-22 12:27:41,1424.18,999.99,1633.02,,,
2026-08-07,2026-08-07T02:44:55+0200,732335,The Lord of the Rings: Tales of Middle-earth Special Edition Collector Booster Box,7,Magic Display,5489,0,2023-09-08 15:57:44,7092.91,6899.9,7942.35,,,
2026-08-07,2026-08-07T02:44:55+0200,734175,The Lost Caverns of Ixalan Collector Booster Box,7,Magic Display,5490,0,2023-09-23 10:44:56,794.1,649.9,764.79,,,
2026-08-07,2026-08-07T02:44:55+0200,426911,Theros Beyond Death Collector Booster Box,7,Magic Display,2814,0,2019-11-28 14:23:23,215.99,209.99,229.74,,,
2026-08-07,2026-08-07T02:44:55+0200,398849,Throne of Eldraine Collector Booster Box,7,Magic Display,2582,0,2019-09-04 15:32:27,264.24,280,270.36,,,
2026-08-07,2026-08-07T02:44:55+0200,586736,Unfinity Collector Booster Box,7,Magic Display,4468,0,2021-11-30 14:50:09,277.61,211.88,277.73,,,
2026-08-07,2026-08-07T02:44:55+0200,758498,Universes Beyond: Assassin's Creed Collector Booster Box,7,Magic Display,5655,0,2024-02-26 14:59:45,318.2,269.99,403.19,,,
2026-08-07,2026-08-07T02:44:55+0200,710800,Universes Beyond: Doctor Who Collector Booster Box,7,Magic Display,5358,0,2023-05-08 09:18:46,437.67,244.95,471.3,,,
2026-08-07,2026-08-07T02:44:55+0200,745340,Universes Beyond: Fallout Collector Booster Box,7,Magic Display,5544,0,2023-11-14 15:21:27,1236.85,900,1233.99,,,
2026-08-07,2026-08-07T02:44:55+0200,719684,Wilds of Eldraine Collector Booster Box,7,Magic Display,5359,0,2023-06-21 14:21:48,660.72,450,681.27,,,
2026-08-07,2026-08-07T02:44:55+0200,486979,Zendikar Rising Collector Booster Box,7,Magic Display,3404,0,2020-07-31 14:02:38,331.81,319.9,333.14,,,
2026-08-08,2026-08-08T02:44:51+0200,565899,Adventures in the Forgotten Realms Collector Booster Box,7,Magic Display,4259,0,2021-05-21 16:59:41,262.97,180,281.54,,,
2026-08-08,2026-08-08T02:44:51+0200,803869,Aetherdrift Collector Booster Box,7,Magic Display,5982,0,2024-12-11 10:59:59,207.75,77,212.93,,,
2026-08-08,2026-08-08T02:44:51+0200,774110,Bloomburrow Collector Booster Box,7,Magic Display,5658,0,2024-06-10 17:18:27,734.79,599.99,713.78,,,
2026-08-08,2026-08-08T02:44:51+0200,492099,Commander Legends Collector Booster Box,7,Magic Display,3454,0,2020-08-24 14:17:37,475.81,348,473.31,,,
2026-08-08,2026-08-08T02:44:51+0200,650825,Commander Legends: Battle for Baldur's Gate Collector Booster Box,7,Magic Display,5030,0,2022-03-29 14:37:06,461.84,450,485.58,,,
2026-08-08,2026-08-08T02:44:51+0200,698962,Commander Masters Collector Booster Box,7,Magic Display,5286,0,2023-02-22 14:58:05,455.61,449.99,476.36,,,
2026-08-08,2026-08-08T02:44:51+0200,466034,Core 2021 Collector Booster Box,7,Magic Display,3048,0,2020-06-05 10:49:33,284,259,285.18,,,
2026-08-08,2026-08-08T02:44:51+0200,681210,Dominaria Remastered Collector Booster Box,7,Magic Display,5192,0,2022-10-25 11:43:55,433.24,339.99,431.37,,,
2026-08-08,2026-08-08T02:44:51+0200,657414,Dominaria United Collector Booster Box,7,Magic Display,5072,0,2022-05-13 16:25:34,243.4,200,255.78,,,
2026-08-08,2026-08-08T02:44:51+0200,657282,Double Masters 2022 Collector Booster Box,7,Magic Display,5070,0,2022-05-13 15:30:40,356.26,290,373.1,,,
2026-08-08,2026-08-08T02:44:51+0200,776442,Duskmourn: House of Horror Collector Booster Box,7,Magic Display,5806,0,2024-07-02 16:45:10,451.37,419,466.75,,,
2026-08-08,2026-08-08T02:44:51+0200,813293,Edge of Eternities Collector Booster Box,7,Magic Display,6063,0,2025-02-24 12:46:27,521.02,410,553.4,,,
2026-08-08,2026-08-08T02:44:51+0200,426991,Ikoria: Lair of Behemoths Collector Booster Box,7,Magic Display,2819,0,2019-11-28 16:18:06,352.41,255,361.42,,,
2026-08-08,2026-08-08T02:44:51+0200,795092,Innistrad Remastered Collector Booster Box,7,Magic Display,5930,0,2024-10-28 12:31:23,333.75,122,349.28,,,
2026-08-08,2026-08-08T02:44:51+0200,573796,Innistrad: Crimson Vow Collector Booster Box,7,Magic Display,4364,0,2021-08-06 15:04:52,191.39,148,190.05,,,
2026-08-08,2026-08-08T02:44:51+0200,573781,Innistrad: Midnight Hunt Collector Booster Box,7,Magic Display,4362,0,2021-08-06 14:55:33,172.36,128,176.04,,,
2026-08-08,2026-08-08T02:44:51+0200,527325,Kaldheim Collector Booster Box,7,Magic Display,3660,0,2020-12-15 15:30:17,286.05,294.99,300.61,,,
2026-08-08,2026-08-08T02:44:51+0200,587696,Kamigawa: Neon Dynasty Collector Booster Box,7,Magic Display,4472,0,2021-12-17 11:54:15,349.67,248,388.93,,,
2026-08-08,2026-08-08T02:44:51+0200,851271,Lorwyn Eclipsed Collector Booster Box,7,Magic Display,6325,0,2025-09-29 09:18:52,315.29,279.95,322.39,,,
2026-08-08,2026-08-08T02:44:51+0200,812573,Magic: The Gathering - FINAL FANTASY Collector Booster Box,7,Magic Display,6057,0,2025-02-19 11:07:32,1017.54,244,1385.65,,,
2026-08-08,2026-08-08T02:44:51+0200,781941,Magic: The Gathering Foundations Collector Booster Box,7,Magic Display,5852,0,2024-08-07 11:49:07,583.35,329.95,582.02,,,
2026-08-08,2026-08-08T02:44:51+0200,842564,Magic: The Gathering | Avatar: The Last Airbender Collector Booster Box,7,Magic Display,6261,0,2025-08-13 11:34:30,325.61,122,354.48,,,
2026-08-08,2026-08-08T02:44:51+0200,869496,Magic: The Gathering | Marvel Super Heroes Collector Booster Box,7,Magic Display,6476,0,2026-01-28 13:25:37,314.18,284.99,317.13,,,
2026-08-08,2026-08-08T02:44:51+0200,814380,Magic: The Gathering | Marvel's Spider-Man Collector Booster Box,7,Magic Display,6070,0,2025-03-03 11:57:58,297.8,122,312.73,,,
2026-08-08,2026-08-08T02:44:51+0200,853671,Magic: The Gathering | Teenage Mutant Ninja Turtles Collector Booster Box,7,Magic Display,6345,0,2025-10-13 14:34:50,280.25,259,273.71,,,
2026-08-08,2026-08-08T02:44:51+0200,696391,March of the Machine Collector Booster Box,7,Magic Display,5227,0,2023-02-10 22:28:20,464.19,390,622.05,,,
2026-08-08,2026-08-08T02:44:51+0200,703885,March of the Machine: The Aftermath Collector Booster Box,7,Magic Display,5320,0,2023-03-31 15:26:44,174.99,93,169.55,,,
2026-08-08,2026-08-08T02:44:51+0200,562095,Modern Horizons 2 Collector Booster Box,7,Magic Display,4219,0,2021-04-27 14:45:19,434.27,398.56,453.7,,,
2026-08-08,2026-08-08T02:44:51+0200,758483,Modern Horizons 3 Collector Booster Box,7,Magic Display,5652,0,2024-02-26 11:57:51,671.17,519,680.77,,,
2026-08-08,2026-08-08T02:44:51+0200,748052,Murders at Karlov Manor Collector Booster Box,7,Magic Display,5561,0,2023-12-06 14:17:20,271.06,144,269.15,,,
2026-08-08,2026-08-08T02:44:51+0200,758326,Outlaws of Thunder Junction Collector Booster Box,7,Magic Display,5647,0,2024-02-24 10:01:37,356.57,246,355.65,,,
2026-08-08,2026-08-08T02:44:51+0200,683494,Phyrexia: All Will Be One Collector Booster Box,7,Magic Display,5184,0,2022-11-04 18:30:08,707.64,590,671.25,,,
2026-08-08,2026-08-08T02:44:51+0200,370211,Ravnica Allegiance Collector Booster Box,7,Magic Display,2411,0,2019-02-19 13:48:40,1174.5,1100,720.25,,,
2026-08-08,2026-08-08T02:44:51+0200,737484,Ravnica Remastered Collector Booster Box,7,Magic Display,5505,0,2023-10-05 11:05:56,1036.89,999.99,1029.51,,,
2026-08-08,2026-08-08T02:44:51+0200,885563,Reality Fracture Collector Booster Box,7,Magic Display,6571,0,2026-05-02 12:17:47,309.06,293.9,310.99,,,
2026-08-08,2026-08-08T02:44:51+0200,869357,Secrets of Strixhaven Collector Booster Box,7,Magic Display,6474,0,2026-01-28 10:47:39,322.37,329.99,347.1,,,
2026-08-08,2026-08-08T02:44:51+0200,897523,Star Trek Collector Booster Box,7,Magic Display,6657,0,2026-07-15 13:15:58,394.48,349.99,416.95,,,
2026-08-08,2026-08-08T02:44:51+0200,611248,Streets of New Capenna Collector Booster Box,7,Magic Display,4975,0,2022-03-04 16:18:49,191.58,159.99,190.27,,,
2026-08-08,2026-08-08T02:44:51+0200,540411,Strixhaven: School of Mages Collector Booster Box,7,Magic Display,3741,0,2021-02-19 14:36:40,409.1,420,403.23,,,
2026-08-08,2026-08-08T02:44:51+0200,813080,Tarkir: Dragonstorm Collector Booster Box,7,Magic Display,6060,0,2025-02-24 09:46:00,373.34,125,389.14,,,
2026-08-08,2026-08-08T02:44:51+0200,677805,The Brothers' War Collector Booster Box,7,Magic Display,5164,0,2022-09-29 11:06:30,612.97,310,673.46,,,
2026-08-08,2026-08-08T02:44:51+0200,885552,The Hobbit Collector Booster Box,7,Magic Display,6570,0,2026-05-02 11:28:12,619.18,649.95,694.28,,,
2026-08-08,2026-08-08T02:44:51+0200,698912,The Lord of the Rings: Tales of Middle-earth Collector Booster Box,7,Magic Display,5285,0,2023-02-22 12:27:41,1424.18,999.99,1637.16,,,
2026-08-08,2026-08-08T02:44:51+0200,732335,The Lord of the Rings: Tales of Middle-earth Special Edition Collector Booster Box,7,Magic Display,5489,0,2023-09-08 15:57:44,7092.91,6899.9,7942.35,,,
2026-08-08,2026-08-08T02:44:51+0200,734175,The Lost Caverns of Ixalan Collector Booster Box,7,Magic Display,5490,0,2023-09-23 10:44:56,794.1,649.9,764.79,,,
2026-08-08,2026-08-08T02:44:51+0200,426911,Theros Beyond Death Collector Booster Box,7,Magic Display,2814,0,2019-11-28 14:23:23,215.99,209.99,229.74,,,
2026-08-08,2026-08-08T02:44:51+0200,398849,Throne of Eldraine Collector Booster Box,7,Magic Display,2582,0,2019-09-04 15:32:27,264.24,280,272.17,,,
2026-08-08,2026-08-08T02:44:51+0200,586736,Unfinity Collector Booster Box,7,Magic Display,4468,0,2021-11-30 14:50:09,277.61,211.88,277.73,,,
2026-08-08,2026-08-08T02:44:51+0200,758498,Universes Beyond: Assassin's Creed Collector Booster Box,7,Magic Display,5655,0,2024-02-26 14:59:45,318.2,269.99,403.19,,,
2026-08-08,2026-08-08T02:44:51+0200,710800,Universes Beyond: Doctor Who Collector Booster Box,7,Magic Display,5358,0,2023-05-08 09:18:46,437.67,122,471.3,,,
2026-08-08,2026-08-08T02:44:51+0200,745340,Universes Beyond: Fallout Collector Booster Box,7,Magic Display,5544,0,2023-11-14 15:21:27,1236.85,522,1233.99,,,
2026-08-08,2026-08-08T02:44:51+0200,719684,Wilds of Eldraine Collector Booster Box,7,Magic Display,5359,0,2023-06-21 14:21:48,660.72,450,681.27,,,
2026-08-08,2026-08-08T02:44:51+0200,486979,Zendikar Rising Collector Booster Box,7,Magic Display,3404,0,2020-07-31 14:02:38,331.81,319.9,333.06,,,
2026-08-09,2026-08-09T02:48:45+0200,565899,Adventures in the Forgotten Realms Collector Booster Box,7,Magic Display,4259,0,2021-05-21 16:59:41,262.97,77,288.65,,,
2026-08-09,2026-08-09T02:48:45+0200,803869,Aetherdrift Collector Booster Box,7,Magic Display,5982,0,2024-12-11 10:59:59,207.75,77,217.76,,,
2026-08-09,2026-08-09T02:48:45+0200,774110,Bloomburrow Collector Booster Box,7,Magic Display,5658,0,2024-06-10 17:18:27,734.79,599.99,747.08,,,
2026-08-09,2026-08-09T02:48:45+0200,492099,Commander Legends Collector Booster Box,7,Magic Display,3454,0,2020-08-24 14:17:37,475.81,348,473.31,,,
2026-08-09,2026-08-09T02:48:45+0200,650825,Commander Legends: Battle for Baldur's Gate Collector Booster Box,7,Magic Display,5030,0,2022-03-29 14:37:06,461.84,450,501.8,,,
2026-08-09,2026-08-09T02:48:45+0200,698962,Commander Masters Collector Booster Box,7,Magic Display,5286,0,2023-02-22 14:58:05,455.61,122,476.36,,,
2026-08-09,2026-08-09T02:48:45+0200,466034,Core 2021 Collector Booster Box,7,Magic Display,3048,0,2020-06-05 10:49:33,284,259,296.5,,,
2026-08-09,2026-08-09T02:48:45+0200,681210,Dominaria Remastered Collector Booster Box,7,Magic Display,5192,0,2022-10-25 11:43:55,433.24,339.99,431.37,,,
2026-08-09,2026-08-09T02:48:45+0200,657414,Dominaria United Collector Booster Box,7,Magic Display,5072,0,2022-05-13 16:25:34,243.4,200,255.78,,,
2026-08-09,2026-08-09T02:48:45+0200,657282,Double Masters 2022 Collector Booster Box,7,Magic Display,5070,0,2022-05-13 15:30:40,356.26,122,376.07,,,
2026-08-09,2026-08-09T02:48:45+0200,776442,Duskmourn: House of Horror Collector Booster Box,7,Magic Display,5806,0,2024-07-02 16:45:10,451.37,419,466.75,,,
2026-08-09,2026-08-09T02:48:45+0200,813293,Edge of Eternities Collector Booster Box,7,Magic Display,6063,0,2025-02-24 12:46:27,521.02,449.99,553.4,,,
2026-08-09,2026-08-09T02:48:45+0200,426991,Ikoria: Lair of Behemoths Collector Booster Box,7,Magic Display,2819,0,2019-11-28 16:18:06,352.41,255,361.42,,,
2026-08-09,2026-08-09T02:48:45+0200,795092,Innistrad Remastered Collector Booster Box,7,Magic Display,5930,0,2024-10-28 12:31:23,333.75,122,349.16,,,
2026-08-09,2026-08-09T02:48:45+0200,573796,Innistrad: Crimson Vow Collector Booster Box,7,Magic Display,4364,0,2021-08-06 15:04:52,191.39,148,190.05,,,
2026-08-09,2026-08-09T02:48:45+0200,573781,Innistrad: Midnight Hunt Collector Booster Box,7,Magic Display,4362,0,2021-08-06 14:55:33,172.36,52,174.2,,,
2026-08-09,2026-08-09T02:48:45+0200,527325,Kaldheim Collector Booster Box,7,Magic Display,3660,0,2020-12-15 15:30:17,286.05,294.99,300.61,,,
2026-08-09,2026-08-09T02:48:45+0200,587696,Kamigawa: Neon Dynasty Collector Booster Box,7,Magic Display,4472,0,2021-12-17 11:54:15,349.67,144,388.93,,,
2026-08-09,2026-08-09T02:48:45+0200,851271,Lorwyn Eclipsed Collector Booster Box,7,Magic Display,6325,0,2025-09-29 09:18:52,315.29,122,326.69,,,
2026-08-09,2026-08-09T02:48:45+0200,812573,Magic: The Gathering - FINAL FANTASY Collector Booster Box,7,Magic Display,6057,0,2025-02-19 11:07:32,1017.54,244,1385.65,,,
2026-08-09,2026-08-09T02:48:45+0200,781941,Magic: The Gathering Foundations Collector Booster Box,7,Magic Display,5852,0,2024-08-07 11:49:07,583.35,329.95,582.02,,,
2026-08-09,2026-08-09T02:48:45+0200,842564,Magic: The Gathering | Avatar: The Last Airbender Collector Booster Box,7,Magic Display,6261,0,2025-08-13 11:34:30,325.61,122,356.83,,,
2026-08-09,2026-08-09T02:48:45+0200,869496,Magic: The Gathering | Marvel Super Heroes Collector Booster Box,7,Magic Display,6476,0,2026-01-28 13:25:37,314.18,122,317.24,,,
2026-08-09,2026-08-09T02:48:45+0200,814380,Magic: The Gathering | Marvel's Spider-Man Collector Booster Box,7,Magic Display,6070,0,2025-03-03 11:57:58,297.8,122,314.76,,,
2026-08-09,2026-08-09T02:48:45+0200,853671,Magic: The Gathering | Teenage Mutant Ninja Turtles Collector Booster Box,7,Magic Display,6345,0,2025-10-13 14:34:50,274.06,144,275.44,,,
2026-08-09,2026-08-09T02:48:45+0200,696391,March of the Machine Collector Booster Box,7,Magic Display,5227,0,2023-02-10 22:28:20,464.19,390,622.05,,,
2026-08-09,2026-08-09T02:48:45+0200,703885,March of the Machine: The Aftermath Collector Booster Box,7,Magic Display,5320,0,2023-03-31 15:26:44,174.99,55,169.55,,,
2026-08-09,2026-08-09T02:48:45+0200,562095,Modern Horizons 2 Collector Booster Box,7,Magic Display,4219,0,2021-04-27 14:45:19,434.27,125,453.7,,,
2026-08-09,2026-08-09T02:48:45+0200,758483,Modern Horizons 3 Collector Booster Box,7,Magic Display,5652,0,2024-02-26 11:57:51,671.17,122,692.15,,,
2026-08-09,2026-08-09T02:48:45+0200,748052,Murders at Karlov Manor Collector Booster Box,7,Magic Display,5561,0,2023-12-06 14:17:20,271.06,144,269.15,,,
2026-08-09,2026-08-09T02:48:45+0200,758326,Outlaws of Thunder Junction Collector Booster Box,7,Magic Display,5647,0,2024-02-24 10:01:37,356.57,122,365.05,,,
2026-08-09,2026-08-09T02:48:45+0200,683494,Phyrexia: All Will Be One Collector Booster Box,7,Magic Display,5184,0,2022-11-04 18:30:08,707.64,590,671.25,,,
2026-08-09,2026-08-09T02:48:45+0200,370211,Ravnica Allegiance Collector Booster Box,7,Magic Display,2411,0,2019-02-19 13:48:40,1174.5,1100,720.25,,,
2026-08-09,2026-08-09T02:48:45+0200,737484,Ravnica Remastered Collector Booster Box,7,Magic Display,5505,0,2023-10-05 11:05:56,1036.89,588,1029.51,,,
2026-08-09,2026-08-09T02:48:45+0200,885563,Reality Fracture Collector Booster Box,7,Magic Display,6571,0,2026-05-02 12:17:47,309.06,293.9,310.99,,,
2026-08-09,2026-08-09T02:48:45+0200,869357,Secrets of Strixhaven Collector Booster Box,7,Magic Display,6474,0,2026-01-28 10:47:39,322.37,122,348.86,,,
2026-08-09,2026-08-09T02:48:45+0200,897523,Star Trek Collector Booster Box,7,Magic Display,6657,0,2026-07-15 13:15:58,394.48,349.99,431.93,,,
2026-08-09,2026-08-09T02:48:45+0200,611248,Streets of New Capenna Collector Booster Box,7,Magic Display,4975,0,2022-03-04 16:18:49,191.58,58,190.27,,,
2026-08-09,2026-08-09T02:48:45+0200,540411,Strixhaven: School of Mages Collector Booster Box,7,Magic Display,3741,0,2021-02-19 14:36:40,402.26,420,403.23,,,
2026-08-09,2026-08-09T02:48:45+0200,813080,Tarkir: Dragonstorm Collector Booster Box,7,Magic Display,6060,0,2025-02-24 09:46:00,373.34,125,389.14,,,
2026-08-09,2026-08-09T02:48:45+0200,677805,The Brothers' War Collector Booster Box,7,Magic Display,5164,0,2022-09-29 11:06:30,612.97,310,673.46,,,
2026-08-09,2026-08-09T02:48:45+0200,885552,The Hobbit Collector Booster Box,7,Magic Display,6570,0,2026-05-02 11:28:12,619.18,640,705.5,,,
2026-08-09,2026-08-09T02:48:45+0200,698912,The Lord of the Rings: Tales of Middle-earth Collector Booster Box,7,Magic Display,5285,0,2023-02-22 12:27:41,1424.18,588,1637.78,,,
2026-08-09,2026-08-09T02:48:45+0200,732335,The Lord of the Rings: Tales of Middle-earth Special Edition Collector Booster Box,7,Magic Display,5489,0,2023-09-08 15:57:44,7092.91,6500,7942.35,,,
2026-08-09,2026-08-09T02:48:45+0200,734175,The Lost Caverns of Ixalan Collector Booster Box,7,Magic Display,5490,0,2023-09-23 10:44:56,794.1,255,765.41,,,
2026-08-09,2026-08-09T02:48:45+0200,426911,Theros Beyond Death Collector Booster Box,7,Magic Display,2814,0,2019-11-28 14:23:23,215.99,209.99,229.74,,,
2026-08-09,2026-08-09T02:48:45+0200,398849,Throne of Eldraine Collector Booster Box,7,Magic Display,2582,0,2019-09-04 15:32:27,264.24,280,272.17,,,
2026-08-09,2026-08-09T02:48:45+0200,586736,Unfinity Collector Booster Box,7,Magic Display,4468,0,2021-11-30 14:50:09,277.61,211.88,278.17,,,
2026-08-09,2026-08-09T02:48:45+0200,758498,Universes Beyond: Assassin's Creed Collector Booster Box,7,Magic Display,5655,0,2024-02-26 14:59:45,318.2,122,403.19,,,
2026-08-09,2026-08-09T02:48:45+0200,710800,Universes Beyond: Doctor Who Collector Booster Box,7,Magic Display,5358,0,2023-05-08 09:18:46,437.67,122,471.3,,,
2026-08-09,2026-08-09T02:48:45+0200,745340,Universes Beyond: Fallout Collector Booster Box,7,Magic Display,5544,0,2023-11-14 15:21:27,1236.85,522,1233.99,,,
2026-08-09,2026-08-09T02:48:45+0200,719684,Wilds of Eldraine Collector Booster Box,7,Magic Display,5359,0,2023-06-21 14:21:48,660.72,450,681.27,,,
2026-08-09,2026-08-09T02:48:45+0200,486979,Zendikar Rising Collector Booster Box,7,Magic Display,3404,0,2020-07-31 14:02:38,331.81,144,339.18,,,
2026-08-10,2026-08-10T02:47:03+0200,565899,Adventures in the Forgotten Realms Collector Booster Box,7,Magic Display,4259,0,2021-05-21 16:59:41,262.97,77,288.65,,,
2026-08-10,2026-08-10T02:47:03+0200,803869,Aetherdrift Collector Booster Box,7,Magic Display,5982,0,2024-12-11 10:59:59,207.75,77,217.76,,,
2026-08-10,2026-08-10T02:47:03+0200,774110,Bloomburrow Collector Booster Box,7,Magic Display,5658,0,2024-06-10 17:18:27,734.79,599.99,747.08,,,
2026-08-10,2026-08-10T02:47:03+0200,492099,Commander Legends Collector Booster Box,7,Magic Display,3454,0,2020-08-24 14:17:37,475.81,348,473.31,,,
2026-08-10,2026-08-10T02:47:03+0200,650825,Commander Legends: Battle for Baldur's Gate Collector Booster Box,7,Magic Display,5030,0,2022-03-29 14:37:06,461.84,450,501.8,,,
2026-08-10,2026-08-10T02:47:03+0200,698962,Commander Masters Collector Booster Box,7,Magic Display,5286,0,2023-02-22 14:58:05,455.61,122,479.38,,,
2026-08-10,2026-08-10T02:47:03+0200,466034,Core 2021 Collector Booster Box,7,Magic Display,3048,0,2020-06-05 10:49:33,284,259,296.5,,,
2026-08-10,2026-08-10T02:47:03+0200,681210,Dominaria Remastered Collector Booster Box,7,Magic Display,5192,0,2022-10-25 11:43:55,433.24,339.99,431.37,,,
2026-08-10,2026-08-10T02:47:03+0200,657414,Dominaria United Collector Booster Box,7,Magic Display,5072,0,2022-05-13 16:25:34,243.4,200,255.78,,,
2026-08-10,2026-08-10T02:47:03+0200,657282,Double Masters 2022 Collector Booster Box,7,Magic Display,5070,0,2022-05-13 15:30:40,356.26,122,376.07,,,
2026-08-10,2026-08-10T02:47:03+0200,776442,Duskmourn: House of Horror Collector Booster Box,7,Magic Display,5806,0,2024-07-02 16:45:10,451.37,419,466.75,,,
2026-08-10,2026-08-10T02:47:03+0200,813293,Edge of Eternities Collector Booster Box,7,Magic Display,6063,0,2025-02-24 12:46:27,521.02,449.99,553.4,,,
2026-08-10,2026-08-10T02:47:03+0200,426991,Ikoria: Lair of Behemoths Collector Booster Box,7,Magic Display,2819,0,2019-11-28 16:18:06,352.41,255,361.42,,,
2026-08-10,2026-08-10T02:47:03+0200,795092,Innistrad Remastered Collector Booster Box,7,Magic Display,5930,0,2024-10-28 12:31:23,333.75,122,349.16,,,
2026-08-10,2026-08-10T02:47:03+0200,573796,Innistrad: Crimson Vow Collector Booster Box,7,Magic Display,4364,0,2021-08-06 15:04:52,191.39,148,190.05,,,
2026-08-10,2026-08-10T02:47:03+0200,573781,Innistrad: Midnight Hunt Collector Booster Box,7,Magic Display,4362,0,2021-08-06 14:55:33,172.36,52,176.66,,,
2026-08-10,2026-08-10T02:47:03+0200,527325,Kaldheim Collector Booster Box,7,Magic Display,3660,0,2020-12-15 15:30:17,286.05,294.99,300.61,,,
2026-08-10,2026-08-10T02:47:03+0200,587696,Kamigawa: Neon Dynasty Collector Booster Box,7,Magic Display,4472,0,2021-12-17 11:54:15,349.67,144,388.93,,,
2026-08-10,2026-08-10T02:47:03+0200,851271,Lorwyn Eclipsed Collector Booster Box,7,Magic Display,6325,0,2025-09-29 09:18:52,315.29,122,326.69,,,
2026-08-10,2026-08-10T02:47:03+0200,812573,Magic: The Gathering - FINAL FANTASY Collector Booster Box,7,Magic Display,6057,0,2025-02-19 11:07:32,1017.54,244,1385.65,,,
2026-08-10,2026-08-10T02:47:03+0200,781941,Magic: The Gathering Foundations Collector Booster Box,7,Magic Display,5852,0,2024-08-07 11:49:07,583.35,329.95,582.02,,,
2026-08-10,2026-08-10T02:47:03+0200,842564,Magic: The Gathering | Avatar: The Last Airbender Collector Booster Box,7,Magic Display,6261,0,2025-08-13 11:34:30,325.61,122,360.71,,,
2026-08-10,2026-08-10T02:47:03+0200,869496,Magic: The Gathering | Marvel Super Heroes Collector Booster Box,7,Magic Display,6476,0,2026-01-28 13:25:37,314.18,122,317.24,,,
2026-08-10,2026-08-10T02:47:03+0200,814380,Magic: The Gathering | Marvel's Spider-Man Collector Booster Box,7,Magic Display,6070,0,2025-03-03 11:57:58,297.8,122,317.65,,,
2026-08-10,2026-08-10T02:47:03+0200,853671,Magic: The Gathering | Teenage Mutant Ninja Turtles Collector Booster Box,7,Magic Display,6345,0,2025-10-13 14:34:50,274.06,144,275.44,,,
2026-08-10,2026-08-10T02:47:03+0200,696391,March of the Machine Collector Booster Box,7,Magic Display,5227,0,2023-02-10 22:28:20,464.19,390,622.05,,,
2026-08-10,2026-08-10T02:47:03+0200,703885,March of the Machine: The Aftermath Collector Booster Box,7,Magic Display,5320,0,2023-03-31 15:26:44,174.99,55,169.55,,,
2026-08-10,2026-08-10T02:47:03+0200,562095,Modern Horizons 2 Collector Booster Box,7,Magic Display,4219,0,2021-04-27 14:45:19,434.27,125,453.7,,,
2026-08-10,2026-08-10T02:47:03+0200,758483,Modern Horizons 3 Collector Booster Box,7,Magic Display,5652,0,2024-02-26 11:57:51,665,122,692.15,,,
2026-08-10,2026-08-10T02:47:03+0200,748052,Murders at Karlov Manor Collector Booster Box,7,Magic Display,5561,0,2023-12-06 14:17:20,271.06,144,269.15,,,
2026-08-10,2026-08-10T02:47:03+0200,758326,Outlaws of Thunder Junction Collector Booster Box,7,Magic Display,5647,0,2024-02-24 10:01:37,356.57,122,365.05,,,
2026-08-10,2026-08-10T02:47:03+0200,683494,Phyrexia: All Will Be One Collector Booster Box,7,Magic Display,5184,0,2022-11-04 18:30:08,707.64,211,671.25,,,
2026-08-10,2026-08-10T02:47:03+0200,370211,Ravnica Allegiance Collector Booster Box,7,Magic Display,2411,0,2019-02-19 13:48:40,1174.5,1100,720.25,,,
2026-08-10,2026-08-10T02:47:03+0200,737484,Ravnica Remastered Collector Booster Box,7,Magic Display,5505,0,2023-10-05 11:05:56,1036.89,588,1029.51,,,
2026-08-10,2026-08-10T02:47:03+0200,885563,Reality Fracture Collector Booster Box,7,Magic Display,6571,0,2026-05-02 12:17:47,309.06,293.9,310.71,,,
2026-08-10,2026-08-10T02:47:03+0200,869357,Secrets of Strixhaven Collector Booster Box,7,Magic Display,6474,0,2026-01-28 10:47:39,322.37,122,349.31,,,
2026-08-10,2026-08-10T02:47:03+0200,897523,Star Trek Collector Booster Box,7,Magic Display,6657,0,2026-07-15 13:15:58,394.48,349.99,429.62,,,
2026-08-10,2026-08-10T02:47:03+0200,611248,Streets of New Capenna Collector Booster Box,7,Magic Display,4975,0,2022-03-04 16:18:49,191.58,58,190.27,,,
2026-08-10,2026-08-10T02:47:03+0200,540411,Strixhaven: School of Mages Collector Booster Box,7,Magic Display,3741,0,2021-02-19 14:36:40,402.26,420,403.23,,,
2026-08-10,2026-08-10T02:47:03+0200,813080,Tarkir: Dragonstorm Collector Booster Box,7,Magic Display,6060,0,2025-02-24 09:46:00,373.34,125,389.14,,,
2026-08-10,2026-08-10T02:47:03+0200,677805,The Brothers' War Collector Booster Box,7,Magic Display,5164,0,2022-09-29 11:06:30,612.97,310,673.46,,,
2026-08-10,2026-08-10T02:47:03+0200,885552,The Hobbit Collector Booster Box,7,Magic Display,6570,0,2026-05-02 11:28:12,619.18,640,705.5,,,
2026-08-10,2026-08-10T02:47:03+0200,698912,The Lord of the Rings: Tales of Middle-earth Collector Booster Box,7,Magic Display,5285,0,2023-02-22 12:27:41,1424.18,588,1637.78,,,
2026-08-10,2026-08-10T02:47:03+0200,732335,The Lord of the Rings: Tales of Middle-earth Special Edition Collector Booster Box,7,Magic Display,5489,0,2023-09-08 15:57:44,7092.91,6427,7942.35,,,
2026-08-10,2026-08-10T02:47:03+0200,734175,The Lost Caverns of Ixalan Collector Booster Box,7,Magic Display,5490,0,2023-09-23 10:44:56,794.1,255,765.41,,,
2026-08-10,2026-08-10T02:47:03+0200,426911,Theros Beyond Death Collector Booster Box,7,Magic Display,2814,0,2019-11-28 14:23:23,215.99,209.99,229.74,,,
2026-08-10,2026-08-10T02:47:03+0200,398849,Throne of Eldraine Collector Booster Box,7,Magic Display,2582,0,2019-09-04 15:32:27,264.24,280,272.17,,,
2026-08-10,2026-08-10T02:47:03+0200,586736,Unfinity Collector Booster Box,7,Magic Display,4468,0,2021-11-30 14:50:09,277.61,211.88,278.17,,,
2026-08-10,2026-08-10T02:47:03+0200,758498,Universes Beyond: Assassin's Creed Collector Booster Box,7,Magic Display,5655,0,2024-02-26 14:59:45,389.12,122,403.19,,,
2026-08-10,2026-08-10T02:47:03+0200,710800,Universes Beyond: Doctor Who Collector Booster Box,7,Magic Display,5358,0,2023-05-08 09:18:46,437.67,122,471.3,,,
2026-08-10,2026-08-10T02:47:03+0200,745340,Universes Beyond: Fallout Collector Booster Box,7,Magic Display,5544,0,2023-11-14 15:21:27,1236.85,522,1233.99,,,
2026-08-10,2026-08-10T02:47:03+0200,719684,Wilds of Eldraine Collector Booster Box,7,Magic Display,5359,0,2023-06-21 14:21:48,660.72,429,681.27,,,
2026-08-10,2026-08-10T02:47:03+0200,486979,Zendikar Rising Collector Booster Box,7,Magic Display,3404,0,2020-07-31 14:02:38,331.81,144,339.18,,,
2026-08-11,2026-08-11T02:45:47+0200,565899,Adventures in the Forgotten Realms Collector Booster Box,7,Magic Display,4259,0,2021-05-21 16:59:41,262.97,77,288.65,,,
2026-08-11,2026-08-11T02:45:47+0200,803869,Aetherdrift Collector Booster Box,7,Magic Display,5982,0,2024-12-11 10:59:59,207.75,77,221.74,,,
2026-08-11,2026-08-11T02:45:47+0200,774110,Bloomburrow Collector Booster Box,7,Magic Display,5658,0,2024-06-10 17:18:27,734.79,599.99,747.08,,,
2026-08-11,2026-08-11T02:45:47+0200,492099,Commander Legends Collector Booster Box,7,Magic Display,3454,0,2020-08-24 14:17:37,475.81,348,473.31,,,
2026-08-11,2026-08-11T02:45:47+0200,650825,Commander Legends: Battle for Baldur's Gate Collector Booster Box,7,Magic Display,5030,0,2022-03-29 14:37:06,461.84,450,501.8,,,
2026-08-11,2026-08-11T02:45:47+0200,698962,Commander Masters Collector Booster Box,7,Magic Display,5286,0,2023-02-22 14:58:05,471.59,122,479.38,,,
2026-08-11,2026-08-11T02:45:47+0200,466034,Core 2021 Collector Booster Box,7,Magic Display,3048,0,2020-06-05 10:49:33,284,259,296.5,,,
2026-08-11,2026-08-11T02:45:47+0200,681210,Dominaria Remastered Collector Booster Box,7,Magic Display,5192,0,2022-10-25 11:43:55,433.24,339.99,431.37,,,
2026-08-11,2026-08-11T02:45:47+0200,657414,Dominaria United Collector Booster Box,7,Magic Display,5072,0,2022-05-13 16:25:34,243.4,200,258.08,,,
2026-08-11,2026-08-11T02:45:47+0200,657282,Double Masters 2022 Collector Booster Box,7,Magic Display,5070,0,2022-05-13 15:30:40,356.26,122,376.07,,,
2026-08-11,2026-08-11T02:45:47+0200,776442,Duskmourn: House of Horror Collector Booster Box,7,Magic Display,5806,0,2024-07-02 16:45:10,451.37,419,466.75,,,
2026-08-11,2026-08-11T02:45:47+0200,813293,Edge of Eternities Collector Booster Box,7,Magic Display,6063,0,2025-02-24 12:46:27,521.02,449.99,571.22,,,
2026-08-11,2026-08-11T02:45:47+0200,426991,Ikoria: Lair of Behemoths Collector Booster Box,7,Magic Display,2819,0,2019-11-28 16:18:06,352.41,255,361.42,,,
2026-08-11,2026-08-11T02:45:47+0200,795092,Innistrad Remastered Collector Booster Box,7,Magic Display,5930,0,2024-10-28 12:31:23,333.75,122,349.16,,,
2026-08-11,2026-08-11T02:45:47+0200,573796,Innistrad: Crimson Vow Collector Booster Box,7,Magic Display,4364,0,2021-08-06 15:04:52,191.39,148,190.05,,,
2026-08-11,2026-08-11T02:45:47+0200,573781,Innistrad: Midnight Hunt Collector Booster Box,7,Magic Display,4362,0,2021-08-06 14:55:33,172.36,52,176.66,,,
2026-08-11,2026-08-11T02:45:47+0200,527325,Kaldheim Collector Booster Box,7,Magic Display,3660,0,2020-12-15 15:30:17,286.05,294.99,300.61,,,
2026-08-11,2026-08-11T02:45:47+0200,587696,Kamigawa: Neon Dynasty Collector Booster Box,7,Magic Display,4472,0,2021-12-17 11:54:15,349.67,144,388.93,,,
2026-08-11,2026-08-11T02:45:47+0200,851271,Lorwyn Eclipsed Collector Booster Box,7,Magic Display,6325,0,2025-09-29 09:18:52,315.29,122,327.04,,,
2026-08-11,2026-08-11T02:45:47+0200,812573,Magic: The Gathering - FINAL FANTASY Collector Booster Box,7,Magic Display,6057,0,2025-02-19 11:07:32,1017.54,244,1442.82,,,
2026-08-11,2026-08-11T02:45:47+0200,781941,Magic: The Gathering Foundations Collector Booster Box,7,Magic Display,5852,0,2024-08-07 11:49:07,583.35,329.95,582.02,,,
2026-08-11,2026-08-11T02:45:47+0200,842564,Magic: The Gathering | Avatar: The Last Airbender Collector Booster Box,7,Magic Display,6261,0,2025-08-13 11:34:30,325.61,122,362.92,,,
2026-08-11,2026-08-11T02:45:47+0200,869496,Magic: The Gathering | Marvel Super Heroes Collector Booster Box,7,Magic Display,6476,0,2026-01-28 13:25:37,314.18,122,317.04,,,
2026-08-11,2026-08-11T02:45:47+0200,814380,Magic: The Gathering | Marvel's Spider-Man Collector Booster Box,7,Magic Display,6070,0,2025-03-03 11:57:58,297.8,122,317.65,,,
2026-08-11,2026-08-11T02:45:47+0200,853671,Magic: The Gathering | Teenage Mutant Ninja Turtles Collector Booster Box,7,Magic Display,6345,0,2025-10-13 14:34:50,274.06,144,274.49,,,
2026-08-11,2026-08-11T02:45:47+0200,696391,March of the Machine Collector Booster Box,7,Magic Display,5227,0,2023-02-10 22:28:20,464.19,390,622.05,,,
2026-08-11,2026-08-11T02:45:47+0200,703885,March of the Machine: The Aftermath Collector Booster Box,7,Magic Display,5320,0,2023-03-31 15:26:44,174.99,55,169.55,,,
2026-08-11,2026-08-11T02:45:47+0200,562095,Modern Horizons 2 Collector Booster Box,7,Magic Display,4219,0,2021-04-27 14:45:19,434.27,125,453.7,,,
2026-08-11,2026-08-11T02:45:47+0200,758483,Modern Horizons 3 Collector Booster Box,7,Magic Display,5652,0,2024-02-26 11:57:51,665,122,692.15,,,
2026-08-11,2026-08-11T02:45:47+0200,748052,Murders at Karlov Manor Collector Booster Box,7,Magic Display,5561,0,2023-12-06 14:17:20,271.06,144,269.15,,,
2026-08-11,2026-08-11T02:45:47+0200,758326,Outlaws of Thunder Junction Collector Booster Box,7,Magic Display,5647,0,2024-02-24 10:01:37,356.57,122,365.05,,,
2026-08-11,2026-08-11T02:45:47+0200,683494,Phyrexia: All Will Be One Collector Booster Box,7,Magic Display,5184,0,2022-11-04 18:30:08,707.64,211,671.25,,,
2026-08-11,2026-08-11T02:45:47+0200,370211,Ravnica Allegiance Collector Booster Box,7,Magic Display,2411,0,2019-02-19 13:48:40,1174.5,1100,720.25,,,
2026-08-11,2026-08-11T02:45:47+0200,737484,Ravnica Remastered Collector Booster Box,7,Magic Display,5505,0,2023-10-05 11:05:56,1036.89,588,1029.51,,,
2026-08-11,2026-08-11T02:45:47+0200,885563,Reality Fracture Collector Booster Box,7,Magic Display,6571,0,2026-05-02 12:17:47,309.06,297.5,311.1,,,
2026-08-11,2026-08-11T02:45:47+0200,869357,Secrets of Strixhaven Collector Booster Box,7,Magic Display,6474,0,2026-01-28 10:47:39,322.37,122,351.05,,,
2026-08-11,2026-08-11T02:45:47+0200,897523,Star Trek Collector Booster Box,7,Magic Display,6657,0,2026-07-15 13:15:58,394.48,349.99,414.65,,,
2026-08-11,2026-08-11T02:45:47+0200,611248,Streets of New Capenna Collector Booster Box,7,Magic Display,4975,0,2022-03-04 16:18:49,191.58,58,190.07,,,
2026-08-11,2026-08-11T02:45:47+0200,540411,Strixhaven: School of Mages Collector Booster Box,7,Magic Display,3741,0,2021-02-19 14:36:40,402.26,420,403.23,,,
2026-08-11,2026-08-11T02:45:47+0200,813080,Tarkir: Dragonstorm Collector Booster Box,7,Magic Display,6060,0,2025-02-24 09:46:00,373.34,125,401.49,,,
2026-08-11,2026-08-11T02:45:47+0200,677805,The Brothers' War Collector Booster Box,7,Magic Display,5164,0,2022-09-29 11:06:30,612.97,310,673.46,,,
2026-08-11,2026-08-11T02:45:47+0200,885552,The Hobbit Collector Booster Box,7,Magic Display,6570,0,2026-05-02 11:28:12,619.18,629,709.39,,,
2026-08-11,2026-08-11T02:45:47+0200,698912,The Lord of the Rings: Tales of Middle-earth Collector Booster Box,7,Magic Display,5285,0,2023-02-22 12:27:41,1572.21,588,1637.78,,,
2026-08-11,2026-08-11T02:45:47+0200,732335,The Lord of the Rings: Tales of Middle-earth Special Edition Collector Booster Box,7,Magic Display,5489,0,2023-09-08 15:57:44,7092.91,6427,7942.35,,,
2026-08-11,2026-08-11T02:45:47+0200,734175,The Lost Caverns of Ixalan Collector Booster Box,7,Magic Display,5490,0,2023-09-23 10:44:56,794.1,255,765.41,,,
2026-08-11,2026-08-11T02:45:47+0200,426911,Theros Beyond Death Collector Booster Box,7,Magic Display,2814,0,2019-11-28 14:23:23,230.59,209.99,229.74,,,
2026-08-11,2026-08-11T02:45:47+0200,398849,Throne of Eldraine Collector Booster Box,7,Magic Display,2582,0,2019-09-04 15:32:27,264.24,280,272.17,,,
2026-08-11,2026-08-11T02:45:47+0200,586736,Unfinity Collector Booster Box,7,Magic Display,4468,0,2021-11-30 14:50:09,277.61,211.88,280.13,,,
2026-08-11,2026-08-11T02:45:47+0200,758498,Universes Beyond: Assassin's Creed Collector Booster Box,7,Magic Display,5655,0,2024-02-26 14:59:45,389.12,122,403.19,,,
2026-08-11,2026-08-11T02:45:47+0200,710800,Universes Beyond: Doctor Who Collector Booster Box,7,Magic Display,5358,0,2023-05-08 09:18:46,437.67,122,471.3,,,
2026-08-11,2026-08-11T02:45:47+0200,745340,Universes Beyond: Fallout Collector Booster Box,7,Magic Display,5544,0,2023-11-14 15:21:27,1236.85,522,1233.99,,,
2026-08-11,2026-08-11T02:45:47+0200,719684,Wilds of Eldraine Collector Booster Box,7,Magic Display,5359,0,2023-06-21 14:21:48,660.72,429,681.27,,,
2026-08-11,2026-08-11T02:45:47+0200,486979,Zendikar Rising Collector Booster Box,7,Magic Display,3404,0,2020-07-31 14:02:38,331.81,144,339.18,,,
2026-08-12,2026-08-12T02:43:43+0200,565899,Adventures in the Forgotten Realms Collector Booster Box,7,Magic Display,4259,0,2021-05-21 16:59:41,262.97,77,288.44,,,
2026-08-12,2026-08-12T02:43:43+0200,803869,Aetherdrift Collector Booster Box,7,Magic Display,5982,0,2024-12-11 10:59:59,207.75,194.99,221.32,,,
2026-08-12,2026-08-12T02:43:43+0200,774110,Bloomburrow Collector Booster Box,7,Magic Display,5658,0,2024-06-10 17:18:27,734.79,599.99,747.08,,,
2026-08-12,2026-08-12T02:43:43+0200,492099,Commander Legends Collector Booster Box,7,Magic Display,3454,0,2020-08-24 14:17:37,475.81,348,473.31,,,
2026-08-12,2026-08-12T02:43:43+0200,650825,Commander Legends: Battle for Baldur's Gate Collector Booster Box,7,Magic Display,5030,0,2022-03-29 14:37:06,461.84,450,501.8,,,
2026-08-12,2026-08-12T02:43:43+0200,698962,Commander Masters Collector Booster Box,7,Magic Display,5286,0,2023-02-22 14:58:05,471.59,122,479.38,,,
2026-08-12,2026-08-12T02:43:43+0200,466034,Core 2021 Collector Booster Box,7,Magic Display,3048,0,2020-06-05 10:49:33,284,259,296.5,,,
2026-08-12,2026-08-12T02:43:43+0200,681210,Dominaria Remastered Collector Booster Box,7,Magic Display,5192,0,2022-10-25 11:43:55,433.24,339.99,441.88,,,
2026-08-12,2026-08-12T02:43:43+0200,657414,Dominaria United Collector Booster Box,7,Magic Display,5072,0,2022-05-13 16:25:34,243.4,200,258.08,,,
2026-08-12,2026-08-12T02:43:43+0200,657282,Double Masters 2022 Collector Booster Box,7,Magic Display,5070,0,2022-05-13 15:30:40,356.26,122,376.07,,,
2026-08-12,2026-08-12T02:43:43+0200,776442,Duskmourn: House of Horror Collector Booster Box,7,Magic Display,5806,0,2024-07-02 16:45:10,451.37,419,466.75,,,
2026-08-12,2026-08-12T02:43:43+0200,813293,Edge of Eternities Collector Booster Box,7,Magic Display,6063,0,2025-02-24 12:46:27,521.02,449.99,560.55,,,
2026-08-12,2026-08-12T02:43:43+0200,426991,Ikoria: Lair of Behemoths Collector Booster Box,7,Magic Display,2819,0,2019-11-28 16:18:06,352.41,255,361.42,,,
2026-08-12,2026-08-12T02:43:43+0200,795092,Innistrad Remastered Collector Booster Box,7,Magic Display,5930,0,2024-10-28 12:31:23,333.75,299.99,352.55,,,
2026-08-12,2026-08-12T02:43:43+0200,573796,Innistrad: Crimson Vow Collector Booster Box,7,Magic Display,4364,0,2021-08-06 15:04:52,191.39,148,190.7,,,
2026-08-12,2026-08-12T02:43:43+0200,573781,Innistrad: Midnight Hunt Collector Booster Box,7,Magic Display,4362,0,2021-08-06 14:55:33,172.36,128,176.66,,,
2026-08-12,2026-08-12T02:43:43+0200,527325,Kaldheim Collector Booster Box,7,Magic Display,3660,0,2020-12-15 15:30:17,286.05,294.99,300.61,,,
2026-08-12,2026-08-12T02:43:43+0200,587696,Kamigawa: Neon Dynasty Collector Booster Box,7,Magic Display,4472,0,2021-12-17 11:54:15,349.67,309.99,388.93,,,
2026-08-12,2026-08-12T02:43:43+0200,851271,Lorwyn Eclipsed Collector Booster Box,7,Magic Display,6325,0,2025-09-29 09:18:52,315.29,122,328.46,,,
2026-08-12,2026-08-12T02:43:43+0200,812573,Magic: The Gathering - FINAL FANTASY Collector Booster Box,7,Magic Display,6057,0,2025-02-19 11:07:32,1017.54,824.95,1439.4,,,
2026-08-12,2026-08-12T02:43:43+0200,781941,Magic: The Gathering Foundations Collector Booster Box,7,Magic Display,5852,0,2024-08-07 11:49:07,583.35,329.95,560.81,,,
2026-08-12,2026-08-12T02:43:43+0200,842564,Magic: The Gathering | Avatar: The Last Airbender Collector Booster Box,7,Magic Display,6261,0,2025-08-13 11:34:30,325.61,289.95,363.06,,,
2026-08-12,2026-08-12T02:43:43+0200,869496,Magic: The Gathering | Marvel Super Heroes Collector Booster Box,7,Magic Display,6476,0,2026-01-28 13:25:37,314.18,122,318.9,,,
2026-08-12,2026-08-12T02:43:43+0200,814380,Magic: The Gathering | Marvel's Spider-Man Collector Booster Box,7,Magic Display,6070,0,2025-03-03 11:57:58,297.8,279.9,321.16,,,
2026-08-12,2026-08-12T02:43:43+0200,853671,Magic: The Gathering | Teenage Mutant Ninja Turtles Collector Booster Box,7,Magic Display,6345,0,2025-10-13 14:34:50,274.06,144,275.13,,,
2026-08-12,2026-08-12T02:43:43+0200,696391,March of the Machine Collector Booster Box,7,Magic Display,5227,0,2023-02-10 22:28:20,464.19,390,622.05,,,
2026-08-12,2026-08-12T02:43:43+0200,703885,March of the Machine: The Aftermath Collector Booster Box,7,Magic Display,5320,0,2023-03-31 15:26:44,174.99,55,167.53,,,
2026-08-12,2026-08-12T02:43:43+0200,562095,Modern Horizons 2 Collector Booster Box,7,Magic Display,4219,0,2021-04-27 14:45:19,434.27,125,453.7,,,
2026-08-12,2026-08-12T02:43:43+0200,758483,Modern Horizons 3 Collector Booster Box,7,Magic Display,5652,0,2024-02-26 11:57:51,665,122,692.15,,,
2026-08-12,2026-08-12T02:43:43+0200,748052,Murders at Karlov Manor Collector Booster Box,7,Magic Display,5561,0,2023-12-06 14:17:20,271.06,144,274.85,,,
2026-08-12,2026-08-12T02:43:43+0200,758326,Outlaws of Thunder Junction Collector Booster Box,7,Magic Display,5647,0,2024-02-24 10:01:37,356.57,122,365.05,,,
2026-08-12,2026-08-12T02:43:43+0200,683494,Phyrexia: All Will Be One Collector Booster Box,7,Magic Display,5184,0,2022-11-04 18:30:08,707.64,590,671.25,,,
2026-08-12,2026-08-12T02:43:43+0200,370211,Ravnica Allegiance Collector Booster Box,7,Magic Display,2411,0,2019-02-19 13:48:40,1174.5,1100,720.25,,,
2026-08-12,2026-08-12T02:43:43+0200,737484,Ravnica Remastered Collector Booster Box,7,Magic Display,5505,0,2023-10-05 11:05:56,1036.89,999.99,1029.51,,,
2026-08-12,2026-08-12T02:43:43+0200,885563,Reality Fracture Collector Booster Box,7,Magic Display,6571,0,2026-05-02 12:17:47,309.06,297.5,311.57,,,
2026-08-12,2026-08-12T02:43:43+0200,869357,Secrets of Strixhaven Collector Booster Box,7,Magic Display,6474,0,2026-01-28 10:47:39,322.37,122,354.07,,,
2026-08-12,2026-08-12T02:43:43+0200,897523,Star Trek Collector Booster Box,7,Magic Display,6657,0,2026-07-15 13:15:58,394.48,349.99,402.91,,,
2026-08-12,2026-08-12T02:43:43+0200,611248,Streets of New Capenna Collector Booster Box,7,Magic Display,4975,0,2022-03-04 16:18:49,191.58,58,190.07,,,
2026-08-12,2026-08-12T02:43:43+0200,540411,Strixhaven: School of Mages Collector Booster Box,7,Magic Display,3741,0,2021-02-19 14:36:40,402.26,420,403.23,,,
2026-08-12,2026-08-12T02:43:43+0200,813080,Tarkir: Dragonstorm Collector Booster Box,7,Magic Display,6060,0,2025-02-24 09:46:00,373.34,349.9,401.49,,,
2026-08-12,2026-08-12T02:43:43+0200,677805,The Brothers' War Collector Booster Box,7,Magic Display,5164,0,2022-09-29 11:06:30,612.97,310,673.46,,,
2026-08-12,2026-08-12T02:43:43+0200,885552,The Hobbit Collector Booster Box,7,Magic Display,6570,0,2026-05-02 11:28:12,619.18,629,712.02,,,
2026-08-12,2026-08-12T02:43:43+0200,698912,The Lord of the Rings: Tales of Middle-earth Collector Booster Box,7,Magic Display,5285,0,2023-02-22 12:27:41,1572.21,1190,1651.8,,,
2026-08-12,2026-08-12T02:43:43+0200,732335,The Lord of the Rings: Tales of Middle-earth Special Edition Collector Booster Box,7,Magic Display,5489,0,2023-09-08 15:57:44,7092.91,6427,7942.35,,,
2026-08-12,2026-08-12T02:43:43+0200,734175,The Lost Caverns of Ixalan Collector Booster Box,7,Magic Display,5490,0,2023-09-23 10:44:56,794.1,255,765.41,,,
2026-08-12,2026-08-12T02:43:43+0200,426911,Theros Beyond Death Collector Booster Box,7,Magic Display,2814,0,2019-11-28 14:23:23,230.59,209.99,229.74,,,
2026-08-12,2026-08-12T02:43:43+0200,398849,Throne of Eldraine Collector Booster Box,7,Magic Display,2582,0,2019-09-04 15:32:27,272.48,280,274.63,,,
2026-08-12,2026-08-12T02:43:43+0200,586736,Unfinity Collector Booster Box,7,Magic Display,4468,0,2021-11-30 14:50:09,277.61,211.88,280.13,,,
2026-08-12,2026-08-12T02:43:43+0200,758498,Universes Beyond: Assassin's Creed Collector Booster Box,7,Magic Display,5655,0,2024-02-26 14:59:45,389.12,290,403.19,,,
2026-08-12,2026-08-12T02:43:43+0200,710800,Universes Beyond: Doctor Who Collector Booster Box,7,Magic Display,5358,0,2023-05-08 09:18:46,437.67,244.95,471.3,,,
2026-08-12,2026-08-12T02:43:43+0200,745340,Universes Beyond: Fallout Collector Booster Box,7,Magic Display,5544,0,2023-11-14 15:21:27,1236.85,522,1233.99,,,
2026-08-12,2026-08-12T02:43:43+0200,719684,Wilds of Eldraine Collector Booster Box,7,Magic Display,5359,0,2023-06-21 14:21:48,660.72,450,681.27,,,
2026-08-12,2026-08-12T02:43:43+0200,486979,Zendikar Rising Collector Booster Box,7,Magic Display,3404,0,2020-07-31 14:02:38,331.81,309.99,344.82,,,
2026-08-13,2026-08-13T02:45:11+0200,565899,Adventures in the Forgotten Realms Collector Booster Box,7,Magic Display,4259,0,2021-05-21 16:59:41,262.97,180,288.44,,,
2026-08-13,2026-08-13T02:45:11+0200,803869,Aetherdrift Collector Booster Box,7,Magic Display,5982,0,2024-12-11 10:59:59,207.75,194.99,221.32,,,
2026-08-13,2026-08-13T02:45:11+0200,774110,Bloomburrow Collector Booster Box,7,Magic Display,5658,0,2024-06-10 17:18:27,734.79,599.99,783.44,,,
2026-08-13,2026-08-13T02:45:11+0200,492099,Commander Legends Collector Booster Box,7,Magic Display,3454,0,2020-08-24 14:17:37,475.81,348,473.31,,,
2026-08-13,2026-08-13T02:45:11+0200,650825,Commander Legends: Battle for Baldur's Gate Collector Booster Box,7,Magic Display,5030,0,2022-03-29 14:37:06,461.84,450,501.8,,,
2026-08-13,2026-08-13T02:45:11+0200,698962,Commander Masters Collector Booster Box,7,Magic Display,5286,0,2023-02-22 14:58:05,471.59,122,479.38,,,
2026-08-13,2026-08-13T02:45:11+0200,466034,Core 2021 Collector Booster Box,7,Magic Display,3048,0,2020-06-05 10:49:33,284,259,296.5,,,
2026-08-13,2026-08-13T02:45:11+0200,681210,Dominaria Remastered Collector Booster Box,7,Magic Display,5192,0,2022-10-25 11:43:55,433.24,339.99,441.88,,,
2026-08-13,2026-08-13T02:45:11+0200,657414,Dominaria United Collector Booster Box,7,Magic Display,5072,0,2022-05-13 16:25:34,243.4,200,258.08,,,
2026-08-13,2026-08-13T02:45:11+0200,657282,Double Masters 2022 Collector Booster Box,7,Magic Display,5070,0,2022-05-13 15:30:40,356.26,290,376.07,,,
2026-08-13,2026-08-13T02:45:11+0200,776442,Duskmourn: House of Horror Collector Booster Box,7,Magic Display,5806,0,2024-07-02 16:45:10,451.37,419,483.19,,,
2026-08-13,2026-08-13T02:45:11+0200,813293,Edge of Eternities Collector Booster Box,7,Magic Display,6063,0,2025-02-24 12:46:27,521.02,449.99,560.55,,,
2026-08-13,2026-08-13T02:45:11+0200,426991,Ikoria: Lair of Behemoths Collector Booster Box,7,Magic Display,2819,0,2019-11-28 16:18:06,352.41,255,361.42,,,
2026-08-13,2026-08-13T02:45:11+0200,795092,Innistrad Remastered Collector Booster Box,7,Magic Display,5930,0,2024-10-28 12:31:23,333.75,299.99,388.56,,,
2026-08-13,2026-08-13T02:45:11+0200,573796,Innistrad: Crimson Vow Collector Booster Box,7,Magic Display,4364,0,2021-08-06 15:04:52,191.39,148,190.55,,,
2026-08-13,2026-08-13T02:45:11+0200,573781,Innistrad: Midnight Hunt Collector Booster Box,7,Magic Display,4362,0,2021-08-06 14:55:33,172.36,128,174.48,,,
2026-08-13,2026-08-13T02:45:11+0200,527325,Kaldheim Collector Booster Box,7,Magic Display,3660,0,2020-12-15 15:30:17,286.05,294.99,300.61,,,
2026-08-13,2026-08-13T02:45:11+0200,587696,Kamigawa: Neon Dynasty Collector Booster Box,7,Magic Display,4472,0,2021-12-17 11:54:15,349.67,309.99,388.93,,,
2026-08-13,2026-08-13T02:45:11+0200,851271,Lorwyn Eclipsed Collector Booster Box,7,Magic Display,6325,0,2025-09-29 09:18:52,315.29,279.95,331.6,,,
2026-08-13,2026-08-13T02:45:11+0200,812573,Magic: The Gathering - FINAL FANTASY Collector Booster Box,7,Magic Display,6057,0,2025-02-19 11:07:32,1017.54,824.95,1437.09,,,
2026-08-13,2026-08-13T02:45:11+0200,781941,Magic: The Gathering Foundations Collector Booster Box,7,Magic Display,5852,0,2024-08-07 11:49:07,583.35,329.95,560.81,,,
2026-08-13,2026-08-13T02:45:11+0200,842564,Magic: The Gathering | Avatar: The Last Airbender Collector Booster Box,7,Magic Display,6261,0,2025-08-13 11:34:30,325.61,289.95,365.31,,,
2026-08-13,2026-08-13T02:45:11+0200,869496,Magic: The Gathering | Marvel Super Heroes Collector Booster Box,7,Magic Display,6476,0,2026-01-28 13:25:37,314.18,284.99,321.69,,,
2026-08-13,2026-08-13T02:45:11+0200,814380,Magic: The Gathering | Marvel's Spider-Man Collector Booster Box,7,Magic Display,6070,0,2025-03-03 11:57:58,297.8,279.9,322.23,,,
2026-08-13,2026-08-13T02:45:11+0200,853671,Magic: The Gathering | Teenage Mutant Ninja Turtles Collector Booster Box,7,Magic Display,6345,0,2025-10-13 14:34:50,274.06,249,273.33,,,
2026-08-13,2026-08-13T02:45:11+0200,696391,March of the Machine Collector Booster Box,7,Magic Display,5227,0,2023-02-10 22:28:20,464.19,390,622.05,,,
2026-08-13,2026-08-13T02:45:11+0200,703885,March of the Machine: The Aftermath Collector Booster Box,7,Magic Display,5320,0,2023-03-31 15:26:44,174.99,93,168.33,,,
2026-08-13,2026-08-13T02:45:11+0200,562095,Modern Horizons 2 Collector Booster Box,7,Magic Display,4219,0,2021-04-27 14:45:19,434.27,398.56,453.7,,,
2026-08-13,2026-08-13T02:45:11+0200,758483,Modern Horizons 3 Collector Booster Box,7,Magic Display,5652,0,2024-02-26 11:57:51,665,519,692.15,,,
2026-08-13,2026-08-13T02:45:11+0200,748052,Murders at Karlov Manor Collector Booster Box,7,Magic Display,5561,0,2023-12-06 14:17:20,271.06,214.99,279.93,,,
2026-08-13,2026-08-13T02:45:11+0200,758326,Outlaws of Thunder Junction Collector Booster Box,7,Magic Display,5647,0,2024-02-24 10:01:37,356.57,246,365.05,,,
2026-08-13,2026-08-13T02:45:11+0200,683494,Phyrexia: All Will Be One Collector Booster Box,7,Magic Display,5184,0,2022-11-04 18:30:08,707.64,590,683.39,,,
2026-08-13,2026-08-13T02:45:11+0200,370211,Ravnica Allegiance Collector Booster Box,7,Magic Display,2411,0,2019-02-19 13:48:40,1174.5,1100,720.25,,,
2026-08-13,2026-08-13T02:45:11+0200,737484,Ravnica Remastered Collector Booster Box,7,Magic Display,5505,0,2023-10-05 11:05:56,1311.5,999.99,1029.51,,,
2026-08-13,2026-08-13T02:45:11+0200,885563,Reality Fracture Collector Booster Box,7,Magic Display,6571,0,2026-05-02 12:17:47,309.06,297.5,311.33,,,
2026-08-13,2026-08-13T02:45:11+0200,869357,Secrets of Strixhaven Collector Booster Box,7,Magic Display,6474,0,2026-01-28 10:47:39,322.37,339,365.74,,,
2026-08-13,2026-08-13T02:45:11+0200,897523,Star Trek Collector Booster Box,7,Magic Display,6657,0,2026-07-15 13:15:58,394.48,349.99,407.92,,,
2026-08-13,2026-08-13T02:45:11+0200,611248,Streets of New Capenna Collector Booster Box,7,Magic Display,4975,0,2022-03-04 16:18:49,191.58,159.99,190.27,,,
2026-08-13,2026-08-13T02:45:11+0200,540411,Strixhaven: School of Mages Collector Booster Box,7,Magic Display,3741,0,2021-02-19 14:36:40,402.26,395,403.23,,,
2026-08-13,2026-08-13T02:45:11+0200,813080,Tarkir: Dragonstorm Collector Booster Box,7,Magic Display,6060,0,2025-02-24 09:46:00,373.34,349.9,401.49,,,
2026-08-13,2026-08-13T02:45:11+0200,677805,The Brothers' War Collector Booster Box,7,Magic Display,5164,0,2022-09-29 11:06:30,612.97,330,673.46,,,
2026-08-13,2026-08-13T02:45:11+0200,885552,The Hobbit Collector Booster Box,7,Magic Display,6570,0,2026-05-02 11:28:12,619.18,629,717.35,,,
2026-08-13,2026-08-13T02:45:11+0200,698912,The Lord of the Rings: Tales of Middle-earth Collector Booster Box,7,Magic Display,5285,0,2023-02-22 12:27:41,1572.21,1300,1651.8,,,
2026-08-13,2026-08-13T02:45:11+0200,732335,The Lord of the Rings: Tales of Middle-earth Special Edition Collector Booster Box,7,Magic Display,5489,0,2023-09-08 15:57:44,6249.33,6427,7942.35,,,
2026-08-13,2026-08-13T02:45:11+0200,734175,The Lost Caverns of Ixalan Collector Booster Box,7,Magic Display,5490,0,2023-09-23 10:44:56,794.1,649.9,765.41,,,
2026-08-13,2026-08-13T02:45:11+0200,426911,Theros Beyond Death Collector Booster Box,7,Magic Display,2814,0,2019-11-28 14:23:23,230.59,209.99,229.74,,,
2026-08-13,2026-08-13T02:45:11+0200,398849,Throne of Eldraine Collector Booster Box,7,Magic Display,2582,0,2019-09-04 15:32:27,272.48,280,274.63,,,
2026-08-13,2026-08-13T02:45:11+0200,586736,Unfinity Collector Booster Box,7,Magic Display,4468,0,2021-11-30 14:50:09,277.61,211.88,314.55,,,
2026-08-13,2026-08-13T02:45:11+0200,758498,Universes Beyond: Assassin's Creed Collector Booster Box,7,Magic Display,5655,0,2024-02-26 14:59:45,389.12,290,433.22,,,
2026-08-13,2026-08-13T02:45:11+0200,710800,Universes Beyond: Doctor Who Collector Booster Box,7,Magic Display,5358,0,2023-05-08 09:18:46,437.67,244.95,471.3,,,
2026-08-13,2026-08-13T02:45:11+0200,745340,Universes Beyond: Fallout Collector Booster Box,7,Magic Display,5544,0,2023-11-14 15:21:27,1236.85,522,1233.99,,,
2026-08-13,2026-08-13T02:45:11+0200,719684,Wilds of Eldraine Collector Booster Box,7,Magic Display,5359,0,2023-06-21 14:21:48,739.66,450,681.27,,,
2026-08-13,2026-08-13T02:45:11+0200,486979,Zendikar Rising Collector Booster Box,7,Magic Display,3404,0,2020-07-31 14:02:38,337.05,309.99,344.82,,,
2026-08-14,2026-08-14T02:43:21+0200,565899,Adventures in the Forgotten Realms Collector Booster Box,7,Magic Display,4259,0,2021-05-21 16:59:41,275.25,159,288.44,,,
2026-08-14,2026-08-14T02:43:21+0200,803869,Aetherdrift Collector Booster Box,7,Magic Display,5982,0,2024-12-11 10:59:59,207.75,194.99,221.32,,,
2026-08-14,2026-08-14T02:43:21+0200,774110,Bloomburrow Collector Booster Box,7,Magic Display,5658,0,2024-06-10 17:18:27,734.79,599.99,783.44,,,
2026-08-14,2026-08-14T02:43:21+0200,492099,Commander Legends Collector Booster Box,7,Magic Display,3454,0,2020-08-24 14:17:37,475.81,348,473.31,,,
2026-08-14,2026-08-14T02:43:21+0200,650825,Commander Legends: Battle for Baldur's Gate Collector Booster Box,7,Magic Display,5030,0,2022-03-29 14:37:06,461.84,399.89,501.8,,,
2026-08-14,2026-08-14T02:43:21+0200,698962,Commander Masters Collector Booster Box,7,Magic Display,5286,0,2023-02-22 14:58:05,471.59,470,479.38,,,
2026-08-14,2026-08-14T02:43:21+0200,466034,Core 2021 Collector Booster Box,7,Magic Display,3048,0,2020-06-05 10:49:33,284,259,296.5,,,
2026-08-14,2026-08-14T02:43:21+0200,681210,Dominaria Remastered Collector Booster Box,7,Magic Display,5192,0,2022-10-25 11:43:55,433.24,339.99,441.88,,,
2026-08-14,2026-08-14T02:43:21+0200,657414,Dominaria United Collector Booster Box,7,Magic Display,5072,0,2022-05-13 16:25:34,243.4,200,257.09,,,
2026-08-14,2026-08-14T02:43:21+0200,657282,Double Masters 2022 Collector Booster Box,7,Magic Display,5070,0,2022-05-13 15:30:40,356.26,295,376.07,,,
2026-08-14,2026-08-14T02:43:21+0200,776442,Duskmourn: House of Horror Collector Booster Box,7,Magic Display,5806,0,2024-07-02 16:45:10,451.37,449,483.88,,,
2026-08-14,2026-08-14T02:43:21+0200,813293,Edge of Eternities Collector Booster Box,7,Magic Display,6063,0,2025-02-24 12:46:27,521.02,449.99,560.55,,,
2026-08-14,2026-08-14T02:43:21+0200,426991,Ikoria: Lair of Behemoths Collector Booster Box,7,Magic Display,2819,0,2019-11-28 16:18:06,352.41,255,361.42,,,
2026-08-14,2026-08-14T02:43:21+0200,795092,Innistrad Remastered Collector Booster Box,7,Magic Display,5930,0,2024-10-28 12:31:23,333.75,299.99,388.56,,,
2026-08-14,2026-08-14T02:43:21+0200,573796,Innistrad: Crimson Vow Collector Booster Box,7,Magic Display,4364,0,2021-08-06 15:04:52,191.39,148,191.45,,,
2026-08-14,2026-08-14T02:43:21+0200,573781,Innistrad: Midnight Hunt Collector Booster Box,7,Magic Display,4362,0,2021-08-06 14:55:33,172.36,128,174.48,,,
2026-08-14,2026-08-14T02:43:21+0200,527325,Kaldheim Collector Booster Box,7,Magic Display,3660,0,2020-12-15 15:30:17,286.05,294.99,309.36,,,
2026-08-14,2026-08-14T02:43:21+0200,587696,Kamigawa: Neon Dynasty Collector Booster Box,7,Magic Display,4472,0,2021-12-17 11:54:15,349.67,309.99,388.93,,,
2026-08-14,2026-08-14T02:43:21+0200,851271,Lorwyn Eclipsed Collector Booster Box,7,Magic Display,6325,0,2025-09-29 09:18:52,315.29,279.95,328.88,,,
2026-08-14,2026-08-14T02:43:21+0200,812573,Magic: The Gathering - FINAL FANTASY Collector Booster Box,7,Magic Display,6057,0,2025-02-19 11:07:32,1132.56,824.95,1437.09,,,
2026-08-14,2026-08-14T02:43:21+0200,781941,Magic: The Gathering Foundations Collector Booster Box,7,Magic Display,5852,0,2024-08-07 11:49:07,583.35,329.95,528.9,,,
2026-08-14,2026-08-14T02:43:21+0200,842564,Magic: The Gathering | Avatar: The Last Airbender Collector Booster Box,7,Magic Display,6261,0,2025-08-13 11:34:30,325.61,289.95,368.17,,,
2026-08-14,2026-08-14T02:43:21+0200,869496,Magic: The Gathering | Marvel Super Heroes Collector Booster Box,7,Magic Display,6476,0,2026-01-28 13:25:37,318.48,284.99,323.94,,,
2026-08-14,2026-08-14T02:43:21+0200,814380,Magic: The Gathering | Marvel's Spider-Man Collector Booster Box,7,Magic Display,6070,0,2025-03-03 11:57:58,310.05,294.99,320.88,,,
2026-08-14,2026-08-14T02:43:21+0200,853671,Magic: The Gathering | Teenage Mutant Ninja Turtles Collector Booster Box,7,Magic Display,6345,0,2025-10-13 14:34:50,274.06,249,271.26,,,
2026-08-14,2026-08-14T02:43:21+0200,696391,March of the Machine Collector Booster Box,7,Magic Display,5227,0,2023-02-10 22:28:20,464.19,390,622.05,,,
2026-08-14,2026-08-14T02:43:21+0200,703885,March of the Machine: The Aftermath Collector Booster Box,7,Magic Display,5320,0,2023-03-31 15:26:44,174.99,93,168.33,,,
2026-08-14,2026-08-14T02:43:21+0200,562095,Modern Horizons 2 Collector Booster Box,7,Magic Display,4219,0,2021-04-27 14:45:19,456.73,398.56,453.7,,,
2026-08-14,2026-08-14T02:43:21+0200,758483,Modern Horizons 3 Collector Booster Box,7,Magic Display,5652,0,2024-02-26 11:57:51,665,519,704.96,,,
2026-08-14,2026-08-14T02:43:21+0200,748052,Murders at Karlov Manor Collector Booster Box,7,Magic Display,5561,0,2023-12-06 14:17:20,271.06,214.99,279.93,,,
2026-08-14,2026-08-14T02:43:21+0200,758326,Outlaws of Thunder Junction Collector Booster Box,7,Magic Display,5647,0,2024-02-24 10:01:37,356.57,246,365.05,,,
2026-08-14,2026-08-14T02:43:21+0200,683494,Phyrexia: All Will Be One Collector Booster Box,7,Magic Display,5184,0,2022-11-04 18:30:08,707.64,590,683.39,,,
2026-08-14,2026-08-14T02:43:21+0200,370211,Ravnica Allegiance Collector Booster Box,7,Magic Display,2411,0,2019-02-19 13:48:40,1174.5,1100,720.25,,,
2026-08-14,2026-08-14T02:43:21+0200,737484,Ravnica Remastered Collector Booster Box,7,Magic Display,5505,0,2023-10-05 11:05:56,1311.5,1200,1029.51,,,
2026-08-14,2026-08-14T02:43:21+0200,885563,Reality Fracture Collector Booster Box,7,Magic Display,6571,0,2026-05-02 12:17:47,309.06,297.5,311.53,,,
2026-08-14,2026-08-14T02:43:21+0200,869357,Secrets of Strixhaven Collector Booster Box,7,Magic Display,6474,0,2026-01-28 10:47:39,347.01,339,367.93,,,
2026-08-14,2026-08-14T02:43:21+0200,897523,Star Trek Collector Booster Box,7,Magic Display,6657,0,2026-07-15 13:15:58,394.48,349.99,398.44,,,
2026-08-14,2026-08-14T02:43:21+0200,611248,Streets of New Capenna Collector Booster Box,7,Magic Display,4975,0,2022-03-04 16:18:49,191.58,159.99,194.56,,,
2026-08-14,2026-08-14T02:43:21+0200,540411,Strixhaven: School of Mages Collector Booster Box,7,Magic Display,3741,0,2021-02-19 14:36:40,402.26,395,403.23,,,
2026-08-14,2026-08-14T02:43:21+0200,813080,Tarkir: Dragonstorm Collector Booster Box,7,Magic Display,6060,0,2025-02-24 09:46:00,373.34,349.9,410.1,,,
2026-08-14,2026-08-14T02:43:21+0200,677805,The Brothers' War Collector Booster Box,7,Magic Display,5164,0,2022-09-29 11:06:30,612.97,330,673.46,,,
2026-08-14,2026-08-14T02:43:21+0200,885552,The Hobbit Collector Booster Box,7,Magic Display,6570,0,2026-05-02 11:28:12,619.18,629,719.11,,,
2026-08-14,2026-08-14T02:43:21+0200,698912,The Lord of the Rings: Tales of Middle-earth Collector Booster Box,7,Magic Display,5285,0,2023-02-22 12:27:41,1572.21,1300,1651.8,,,
2026-08-14,2026-08-14T02:43:21+0200,732335,The Lord of the Rings: Tales of Middle-earth Special Edition Collector Booster Box,7,Magic Display,5489,0,2023-09-08 15:57:44,6249.33,6427,7942.35,,,
2026-08-14,2026-08-14T02:43:21+0200,734175,The Lost Caverns of Ixalan Collector Booster Box,7,Magic Display,5490,0,2023-09-23 10:44:56,794.1,649.9,765.41,,,
2026-08-14,2026-08-14T02:43:21+0200,426911,Theros Beyond Death Collector Booster Box,7,Magic Display,2814,0,2019-11-28 14:23:23,230.59,209.99,229.74,,,
2026-08-14,2026-08-14T02:43:21+0200,398849,Throne of Eldraine Collector Booster Box,7,Magic Display,2582,0,2019-09-04 15:32:27,272.48,280,274.63,,,
2026-08-14,2026-08-14T02:43:21+0200,586736,Unfinity Collector Booster Box,7,Magic Display,4468,0,2021-11-30 14:50:09,277.61,211.88,317.55,,,
2026-08-14,2026-08-14T02:43:21+0200,758498,Universes Beyond: Assassin's Creed Collector Booster Box,7,Magic Display,5655,0,2024-02-26 14:59:45,389.12,290,443.03,,,
2026-08-14,2026-08-14T02:43:21+0200,710800,Universes Beyond: Doctor Who Collector Booster Box,7,Magic Display,5358,0,2023-05-08 09:18:46,437.67,244.95,471.3,,,
2026-08-14,2026-08-14T02:43:21+0200,745340,Universes Beyond: Fallout Collector Booster Box,7,Magic Display,5544,0,2023-11-14 15:21:27,1236.85,900,1233.99,,,
2026-08-14,2026-08-14T02:43:21+0200,719684,Wilds of Eldraine Collector Booster Box,7,Magic Display,5359,0,2023-06-21 14:21:48,739.66,450,681.27,,,
2026-08-14,2026-08-14T02:43:21+0200,486979,Zendikar Rising Collector Booster Box,7,Magic Display,3404,0,2020-07-31 14:02:38,337.05,309.99,344.82,,,
2026-08-16,2026-08-16T02:49:11+0200,565899,Adventures in the Forgotten Realms Collector Booster Box,7,Magic Display,4259,0,2021-05-21 16:59:41,275.25,78,288.44,,,
2026-08-16,2026-08-16T02:49:11+0200,803869,Aetherdrift Collector Booster Box,7,Magic Display,5982,0,2024-12-11 10:59:59,207.75,58,217.06,,,
2026-08-16,2026-08-16T02:49:11+0200,774110,Bloomburrow Collector Booster Box,7,Magic Display,5658,0,2024-06-10 17:18:27,734.79,599.99,783.44,,,
2026-08-16,2026-08-16T02:49:11+0200,492099,Commander Legends Collector Booster Box,7,Magic Display,3454,0,2020-08-24 14:17:37,475.81,348,473.31,,,
2026-08-16,2026-08-16T02:49:11+0200,650825,Commander Legends: Battle for Baldur's Gate Collector Booster Box,7,Magic Display,5030,0,2022-03-29 14:37:06,461.84,399.89,501.8,,,
2026-08-16,2026-08-16T02:49:11+0200,698962,Commander Masters Collector Booster Box,7,Magic Display,5286,0,2023-02-22 14:58:05,471.59,188,479.38,,,
2026-08-16,2026-08-16T02:49:11+0200,466034,Core 2021 Collector Booster Box,7,Magic Display,3048,0,2020-06-05 10:49:33,284,122,296.5,,,
2026-08-16,2026-08-16T02:49:11+0200,681210,Dominaria Remastered Collector Booster Box,7,Magic Display,5192,0,2022-10-25 11:43:55,433.24,339.99,456.5,,,
2026-08-16,2026-08-16T02:49:11+0200,657414,Dominaria United Collector Booster Box,7,Magic Display,5072,0,2022-05-13 16:25:34,243.4,122,262.66,,,
2026-08-16,2026-08-16T02:49:11+0200,657282,Double Masters 2022 Collector Booster Box,7,Magic Display,5070,0,2022-05-13 15:30:40,356.26,122,385.14,,,
2026-08-16,2026-08-16T02:49:11+0200,776442,Duskmourn: House of Horror Collector Booster Box,7,Magic Display,5806,0,2024-07-02 16:45:10,451.37,449,483.88,,,
2026-08-16,2026-08-16T02:49:11+0200,813293,Edge of Eternities Collector Booster Box,7,Magic Display,6063,0,2025-02-24 12:46:27,521.02,211,569.1,,,
2026-08-16,2026-08-16T02:49:11+0200,426991,Ikoria: Lair of Behemoths Collector Booster Box,7,Magic Display,2819,0,2019-11-28 16:18:06,352.41,122,389.38,,,
2026-08-16,2026-08-16T02:49:11+0200,795092,Innistrad Remastered Collector Booster Box,7,Magic Display,5930,0,2024-10-28 12:31:23,333.75,122,394.61,,,
2026-08-16,2026-08-16T02:49:11+0200,573796,Innistrad: Crimson Vow Collector Booster Box,7,Magic Display,4364,0,2021-08-06 15:04:52,191.39,148,191.45,,,
2026-08-16,2026-08-16T02:49:11+0200,573781,Innistrad: Midnight Hunt Collector Booster Box,7,Magic Display,4362,0,2021-08-06 14:55:33,172.36,55,174.48,,,
2026-08-16,2026-08-16T02:49:11+0200,527325,Kaldheim Collector Booster Box,7,Magic Display,3660,0,2020-12-15 15:30:17,286.05,294.99,309.36,,,
2026-08-16,2026-08-16T02:49:11+0200,587696,Kamigawa: Neon Dynasty Collector Booster Box,7,Magic Display,4472,0,2021-12-17 11:54:15,349.67,315,413.42,,,
2026-08-16,2026-08-16T02:49:11+0200,851271,Lorwyn Eclipsed Collector Booster Box,7,Magic Display,6325,0,2025-09-29 09:18:52,315.29,279.95,331.53,,,
2026-08-16,2026-08-16T02:49:11+0200,812573,Magic: The Gathering - FINAL FANTASY Collector Booster Box,7,Magic Display,6057,0,2025-02-19 11:07:32,1132.56,344,1385.27,,,
2026-08-16,2026-08-16T02:49:11+0200,781941,Magic: The Gathering Foundations Collector Booster Box,7,Magic Display,5852,0,2024-08-07 11:49:07,583.35,329.95,528.9,,,
2026-08-16,2026-08-16T02:49:11+0200,842564,Magic: The Gathering | Avatar: The Last Airbender Collector Booster Box,7,Magic Display,6261,0,2025-08-13 11:34:30,325.61,122,367.71,,,
2026-08-16,2026-08-16T02:49:11+0200,869496,Magic: The Gathering | Marvel Super Heroes Collector Booster Box,7,Magic Display,6476,0,2026-01-28 13:25:37,318.48,122,325.67,,,
2026-08-16,2026-08-16T02:49:11+0200,814380,Magic: The Gathering | Marvel's Spider-Man Collector Booster Box,7,Magic Display,6070,0,2025-03-03 11:57:58,310.05,122,328.82,,,
2026-08-16,2026-08-16T02:49:11+0200,853671,Magic: The Gathering | Teenage Mutant Ninja Turtles Collector Booster Box,7,Magic Display,6345,0,2025-10-13 14:34:50,274.06,239,269.15,,,
2026-08-16,2026-08-16T02:49:11+0200,696391,March of the Machine Collector Booster Box,7,Magic Display,5227,0,2023-02-10 22:28:20,540.55,390,622.05,,,
2026-08-16,2026-08-16T02:49:11+0200,703885,March of the Machine: The Aftermath Collector Booster Box,7,Magic Display,5320,0,2023-03-31 15:26:44,174.99,93,168.73,,,
2026-08-16,2026-08-16T02:49:11+0200,562095,Modern Horizons 2 Collector Booster Box,7,Magic Display,4219,0,2021-04-27 14:45:19,456.73,144,454.45,,,
2026-08-16,2026-08-16T02:49:11+0200,758483,Modern Horizons 3 Collector Booster Box,7,Magic Display,5652,0,2024-02-26 11:57:51,665,519,704.96,,,
2026-08-16,2026-08-16T02:49:11+0200,748052,Murders at Karlov Manor Collector Booster Box,7,Magic Display,5561,0,2023-12-06 14:17:20,271.06,219.99,279.93,,,
2026-08-16,2026-08-16T02:49:11+0200,758326,Outlaws of Thunder Junction Collector Booster Box,7,Magic Display,5647,0,2024-02-24 10:01:37,379.18,246,365.05,,,
2026-08-16,2026-08-16T02:49:11+0200,683494,Phyrexia: All Will Be One Collector Booster Box,7,Magic Display,5184,0,2022-11-04 18:30:08,707.64,211,683.39,,,
2026-08-16,2026-08-16T02:49:11+0200,370211,Ravnica Allegiance Collector Booster Box,7,Magic Display,2411,0,2019-02-19 13:48:40,1174.5,1100,720.25,,,
2026-08-16,2026-08-16T02:49:11+0200,737484,Ravnica Remastered Collector Booster Box,7,Magic Display,5505,0,2023-10-05 11:05:56,1311.5,588,1029.51,,,
2026-08-16,2026-08-16T02:49:11+0200,885563,Reality Fracture Collector Booster Box,7,Magic Display,6571,0,2026-05-02 12:17:47,309.06,284.95,309.9,,,
2026-08-16,2026-08-16T02:49:11+0200,869357,Secrets of Strixhaven Collector Booster Box,7,Magic Display,6474,0,2026-01-28 10:47:39,347.01,122,378.19,,,
2026-08-16,2026-08-16T02:49:11+0200,897523,Star Trek Collector Booster Box,7,Magic Display,6657,0,2026-07-15 13:15:58,394.48,349.99,383.71,,,
2026-08-16,2026-08-16T02:49:11+0200,611248,Streets of New Capenna Collector Booster Box,7,Magic Display,4975,0,2022-03-04 16:18:49,191.58,55,193.71,,,
2026-08-16,2026-08-16T02:49:11+0200,540411,Strixhaven: School of Mages Collector Booster Box,7,Magic Display,3741,0,2021-02-19 14:36:40,402.26,395,408.54,,,
2026-08-16,2026-08-16T02:49:11+0200,813080,Tarkir: Dragonstorm Collector Booster Box,7,Magic Display,6060,0,2025-02-24 09:46:00,373.34,122,413.17,,,
2026-08-16,2026-08-16T02:49:11+0200,677805,The Brothers' War Collector Booster Box,7,Magic Display,5164,0,2022-09-29 11:06:30,612.97,350,657.41,,,
2026-08-16,2026-08-16T02:49:11+0200,885552,The Hobbit Collector Booster Box,7,Magic Display,6570,0,2026-05-02 11:28:12,619.18,114,714.33,,,
2026-08-16,2026-08-16T02:49:11+0200,698912,The Lord of the Rings: Tales of Middle-earth Collector Booster Box,7,Magic Display,5285,0,2023-02-22 12:27:41,1572.21,1300,1682.42,,,
2026-08-16,2026-08-16T02:49:11+0200,732335,The Lord of the Rings: Tales of Middle-earth Special Edition Collector Booster Box,7,Magic Display,5489,0,2023-09-08 15:57:44,6249.33,99.99,7942.35,,,
2026-08-16,2026-08-16T02:49:11+0200,734175,The Lost Caverns of Ixalan Collector Booster Box,7,Magic Display,5490,0,2023-09-23 10:44:56,794.1,649.9,788.59,,,
2026-08-16,2026-08-16T02:49:11+0200,426911,Theros Beyond Death Collector Booster Box,7,Magic Display,2814,0,2019-11-28 14:23:23,230.59,122,229.74,,,
2026-08-16,2026-08-16T02:49:11+0200,398849,Throne of Eldraine Collector Booster Box,7,Magic Display,2582,0,2019-09-04 15:32:27,272.48,284,275.85,,,
2026-08-16,2026-08-16T02:49:11+0200,586736,Unfinity Collector Booster Box,7,Magic Display,4468,0,2021-11-30 14:50:09,277.61,211.88,316.09,,,
2026-08-16,2026-08-16T02:49:11+0200,758498,Universes Beyond: Assassin's Creed Collector Booster Box,7,Magic Display,5655,0,2024-02-26 14:59:45,389.12,122,443.03,,,
2026-08-16,2026-08-16T02:49:11+0200,710800,Universes Beyond: Doctor Who Collector Booster Box,7,Magic Display,5358,0,2023-05-08 09:18:46,437.67,122,471.3,,,
2026-08-16,2026-08-16T02:49:11+0200,745340,Universes Beyond: Fallout Collector Booster Box,7,Magic Display,5544,0,2023-11-14 15:21:27,1236.85,522,1233.99,,,
2026-08-16,2026-08-16T02:49:11+0200,719684,Wilds of Eldraine Collector Booster Box,7,Magic Display,5359,0,2023-06-21 14:21:48,739.66,450,681.27,,,
2026-08-16,2026-08-16T02:49:11+0200,486979,Zendikar Rising Collector Booster Box,7,Magic Display,3404,0,2020-07-31 14:02:38,337.05,122,344.82,,,
2026-08-17,2026-08-17T02:43:47+0200,565899,Adventures in the Forgotten Realms Collector Booster Box,7,Magic Display,4259,0,2021-05-21 16:59:41,275.25,78,288.44,,,
2026-08-17,2026-08-17T02:43:47+0200,803869,Aetherdrift Collector Booster Box,7,Magic Display,5982,0,2024-12-11 10:59:59,207.75,58,217.06,,,
2026-08-17,2026-08-17T02:43:47+0200,774110,Bloomburrow Collector Booster Box,7,Magic Display,5658,0,2024-06-10 17:18:27,734.79,599.99,783.44,,,
2026-08-17,2026-08-17T02:43:47+0200,492099,Commander Legends Collector Booster Box,7,Magic Display,3454,0,2020-08-24 14:17:37,475.81,348,473.31,,,
2026-08-17,2026-08-17T02:43:47+0200,650825,Commander Legends: Battle for Baldur's Gate Collector Booster Box,7,Magic Display,5030,0,2022-03-29 14:37:06,461.84,399.89,501.8,,,
2026-08-17,2026-08-17T02:43:47+0200,698962,Commander Masters Collector Booster Box,7,Magic Display,5286,0,2023-02-22 14:58:05,471.59,188,479.38,,,
2026-08-17,2026-08-17T02:43:47+0200,466034,Core 2021 Collector Booster Box,7,Magic Display,3048,0,2020-06-05 10:49:33,284,122,296.5,,,
2026-08-17,2026-08-17T02:43:47+0200,681210,Dominaria Remastered Collector Booster Box,7,Magic Display,5192,0,2022-10-25 11:43:55,433.24,339.99,456.5,,,
2026-08-17,2026-08-17T02:43:47+0200,657414,Dominaria United Collector Booster Box,7,Magic Display,5072,0,2022-05-13 16:25:34,243.4,122,262.66,,,
2026-08-17,2026-08-17T02:43:47+0200,657282,Double Masters 2022 Collector Booster Box,7,Magic Display,5070,0,2022-05-13 15:30:40,356.26,122,385.14,,,
2026-08-17,2026-08-17T02:43:47+0200,776442,Duskmourn: House of Horror Collector Booster Box,7,Magic Display,5806,0,2024-07-02 16:45:10,484.26,449,483.88,,,
2026-08-17,2026-08-17T02:43:47+0200,813293,Edge of Eternities Collector Booster Box,7,Magic Display,6063,0,2025-02-24 12:46:27,521.02,211,569.1,,,
2026-08-17,2026-08-17T02:43:47+0200,426991,Ikoria: Lair of Behemoths Collector Booster Box,7,Magic Display,2819,0,2019-11-28 16:18:06,352.41,122,389.38,,,
2026-08-17,2026-08-17T02:43:47+0200,795092,Innistrad Remastered Collector Booster Box,7,Magic Display,5930,0,2024-10-28 12:31:23,333.75,122,394.61,,,
2026-08-17,2026-08-17T02:43:47+0200,573796,Innistrad: Crimson Vow Collector Booster Box,7,Magic Display,4364,0,2021-08-06 15:04:52,194.13,148,191.45,,,
2026-08-17,2026-08-17T02:43:47+0200,573781,Innistrad: Midnight Hunt Collector Booster Box,7,Magic Display,4362,0,2021-08-06 14:55:33,173.19,55,174.48,,,
2026-08-17,2026-08-17T02:43:47+0200,527325,Kaldheim Collector Booster Box,7,Magic Display,3660,0,2020-12-15 15:30:17,286.05,122,309.36,,,
2026-08-17,2026-08-17T02:43:47+0200,587696,Kamigawa: Neon Dynasty Collector Booster Box,7,Magic Display,4472,0,2021-12-17 11:54:15,349.67,122,413.42,,,
2026-08-17,2026-08-17T02:43:47+0200,851271,Lorwyn Eclipsed Collector Booster Box,7,Magic Display,6325,0,2025-09-29 09:18:52,315.29,122,330.09,,,
2026-08-17,2026-08-17T02:43:47+0200,812573,Magic: The Gathering - FINAL FANTASY Collector Booster Box,7,Magic Display,6057,0,2025-02-19 11:07:32,1132.56,344,1385.27,,,
2026-08-17,2026-08-17T02:43:47+0200,781941,Magic: The Gathering Foundations Collector Booster Box,7,Magic Display,5852,0,2024-08-07 11:49:07,583.35,329.95,528.9,,,
2026-08-17,2026-08-17T02:43:47+0200,842564,Magic: The Gathering | Avatar: The Last Airbender Collector Booster Box,7,Magic Display,6261,0,2025-08-13 11:34:30,325.61,122,367.71,,,
2026-08-17,2026-08-17T02:43:47+0200,869496,Magic: The Gathering | Marvel Super Heroes Collector Booster Box,7,Magic Display,6476,0,2026-01-28 13:25:37,318.48,122,327.74,,,
2026-08-17,2026-08-17T02:43:47+0200,814380,Magic: The Gathering | Marvel's Spider-Man Collector Booster Box,7,Magic Display,6070,0,2025-03-03 11:57:58,310.05,122,330.98,,,
2026-08-17,2026-08-17T02:43:47+0200,853671,Magic: The Gathering | Teenage Mutant Ninja Turtles Collector Booster Box,7,Magic Display,6345,0,2025-10-13 14:34:50,274.06,122,270.75,,,
2026-08-17,2026-08-17T02:43:47+0200,696391,March of the Machine Collector Booster Box,7,Magic Display,5227,0,2023-02-10 22:28:20,540.55,390,622.05,,,
2026-08-17,2026-08-17T02:43:47+0200,703885,March of the Machine: The Aftermath Collector Booster Box,7,Magic Display,5320,0,2023-03-31 15:26:44,174.99,55,168.73,,,
2026-08-17,2026-08-17T02:43:47+0200,562095,Modern Horizons 2 Collector Booster Box,7,Magic Display,4219,0,2021-04-27 14:45:19,456.73,144,454.45,,,
2026-08-17,2026-08-17T02:43:47+0200,758483,Modern Horizons 3 Collector Booster Box,7,Magic Display,5652,0,2024-02-26 11:57:51,665,233,704.96,,,
2026-08-17,2026-08-17T02:43:47+0200,748052,Murders at Karlov Manor Collector Booster Box,7,Magic Display,5561,0,2023-12-06 14:17:20,271.06,122,279.93,,,
2026-08-17,2026-08-17T02:43:47+0200,758326,Outlaws of Thunder Junction Collector Booster Box,7,Magic Display,5647,0,2024-02-24 10:01:37,379.18,122,365.05,,,
2026-08-17,2026-08-17T02:43:47+0200,683494,Phyrexia: All Will Be One Collector Booster Box,7,Magic Display,5184,0,2022-11-04 18:30:08,707.64,211,683.39,,,
2026-08-17,2026-08-17T02:43:47+0200,370211,Ravnica Allegiance Collector Booster Box,7,Magic Display,2411,0,2019-02-19 13:48:40,1174.5,1100,720.25,,,
2026-08-17,2026-08-17T02:43:47+0200,737484,Ravnica Remastered Collector Booster Box,7,Magic Display,5505,0,2023-10-05 11:05:56,1311.5,588,1029.51,,,
2026-08-17,2026-08-17T02:43:47+0200,885563,Reality Fracture Collector Booster Box,7,Magic Display,6571,0,2026-05-02 12:17:47,309.06,284.95,306.42,,,
2026-08-17,2026-08-17T02:43:47+0200,869357,Secrets of Strixhaven Collector Booster Box,7,Magic Display,6474,0,2026-01-28 10:47:39,347.01,122,382.78,,,
2026-08-17,2026-08-17T02:43:47+0200,897523,Star Trek Collector Booster Box,7,Magic Display,6657,0,2026-07-15 13:15:58,394.48,349.99,379.24,,,
2026-08-17,2026-08-17T02:43:47+0200,611248,Streets of New Capenna Collector Booster Box,7,Magic Display,4975,0,2022-03-04 16:18:49,191.58,55,193.71,,,
2026-08-17,2026-08-17T02:43:47+0200,540411,Strixhaven: School of Mages Collector Booster Box,7,Magic Display,3741,0,2021-02-19 14:36:40,402.26,395,408.54,,,
2026-08-17,2026-08-17T02:43:47+0200,813080,Tarkir: Dragonstorm Collector Booster Box,7,Magic Display,6060,0,2025-02-24 09:46:00,373.34,122,413.17,,,
2026-08-17,2026-08-17T02:43:47+0200,677805,The Brothers' War Collector Booster Box,7,Magic Display,5164,0,2022-09-29 11:06:30,612.97,350,666.87,,,
2026-08-17,2026-08-17T02:43:47+0200,885552,The Hobbit Collector Booster Box,7,Magic Display,6570,0,2026-05-02 11:28:12,619.18,114,714.33,,,
2026-08-17,2026-08-17T02:43:47+0200,698912,The Lord of the Rings: Tales of Middle-earth Collector Booster Box,7,Magic Display,5285,0,2023-02-22 12:27:41,1572.21,588,1682.42,,,
2026-08-17,2026-08-17T02:43:47+0200,732335,The Lord of the Rings: Tales of Middle-earth Special Edition Collector Booster Box,7,Magic Display,5489,0,2023-09-08 15:57:44,6249.33,99.99,7942.35,,,
2026-08-17,2026-08-17T02:43:47+0200,734175,The Lost Caverns of Ixalan Collector Booster Box,7,Magic Display,5490,0,2023-09-23 10:44:56,794.1,244,788.59,,,
2026-08-17,2026-08-17T02:43:47+0200,426911,Theros Beyond Death Collector Booster Box,7,Magic Display,2814,0,2019-11-28 14:23:23,230.59,122,229.74,,,
2026-08-17,2026-08-17T02:43:47+0200,398849,Throne of Eldraine Collector Booster Box,7,Magic Display,2582,0,2019-09-04 15:32:27,272.48,284,275.85,,,
2026-08-17,2026-08-17T02:43:47+0200,586736,Unfinity Collector Booster Box,7,Magic Display,4468,0,2021-11-30 14:50:09,277.61,211.88,316.09,,,
2026-08-17,2026-08-17T02:43:47+0200,758498,Universes Beyond: Assassin's Creed Collector Booster Box,7,Magic Display,5655,0,2024-02-26 14:59:45,389.12,122,443.03,,,
2026-08-17,2026-08-17T02:43:47+0200,710800,Universes Beyond: Doctor Who Collector Booster Box,7,Magic Display,5358,0,2023-05-08 09:18:46,490.88,122,471.3,,,
2026-08-17,2026-08-17T02:43:47+0200,745340,Universes Beyond: Fallout Collector Booster Box,7,Magic Display,5544,0,2023-11-14 15:21:27,1236.85,522,1233.99,,,
2026-08-17,2026-08-17T02:43:47+0200,719684,Wilds of Eldraine Collector Booster Box,7,Magic Display,5359,0,2023-06-21 14:21:48,739.66,450,681.27,,,
2026-08-17,2026-08-17T02:43:47+0200,486979,Zendikar Rising Collector Booster Box,7,Magic Display,3404,0,2020-07-31 14:02:38,337.05,122,344.82,,,
2026-08-18,2026-08-18T02:43:21+0200,565899,Adventures in the Forgotten Realms Collector Booster Box,7,Magic Display,4259,0,2021-05-21 16:59:41,275.25,78,288.44,,,
2026-08-18,2026-08-18T02:43:21+0200,803869,Aetherdrift Collector Booster Box,7,Magic Display,5982,0,2024-12-11 10:59:59,207.75,175,221.13,,,
2026-08-18,2026-08-18T02:43:21+0200,774110,Bloomburrow Collector Booster Box,7,Magic Display,5658,0,2024-06-10 17:18:27,734.79,599.99,783.44,,,
2026-08-18,2026-08-18T02:43:21+0200,492099,Commander Legends Collector Booster Box,7,Magic Display,3454,0,2020-08-24 14:17:37,575.83,348,473.31,,,
2026-08-18,2026-08-18T02:43:21+0200,650825,Commander Legends: Battle for Baldur's Gate Collector Booster Box,7,Magic Display,5030,0,2022-03-29 14:37:06,461.84,399.89,501.8,,,
2026-08-18,2026-08-18T02:43:21+0200,698962,Commander Masters Collector Booster Box,7,Magic Display,5286,0,2023-02-22 14:58:05,471.59,188,479.38,,,
2026-08-18,2026-08-18T02:43:21+0200,466034,Core 2021 Collector Booster Box,7,Magic Display,3048,0,2020-06-05 10:49:33,284,122,296.5,,,
2026-08-18,2026-08-18T02:43:21+0200,681210,Dominaria Remastered Collector Booster Box,7,Magic Display,5192,0,2022-10-25 11:43:55,433.24,339.99,456.5,,,
2026-08-18,2026-08-18T02:43:21+0200,657414,Dominaria United Collector Booster Box,7,Magic Display,5072,0,2022-05-13 16:25:34,243.4,122,266.03,,,
2026-08-18,2026-08-18T02:43:21+0200,657282,Double Masters 2022 Collector Booster Box,7,Magic Display,5070,0,2022-05-13 15:30:40,356.26,122,385.14,,,
2026-08-18,2026-08-18T02:43:21+0200,776442,Duskmourn: House of Horror Collector Booster Box,7,Magic Display,5806,0,2024-07-02 16:45:10,484.26,449,483.88,,,
2026-08-18,2026-08-18T02:43:21+0200,813293,Edge of Eternities Collector Booster Box,7,Magic Display,6063,0,2025-02-24 12:46:27,521.02,449.99,569.1,,,
2026-08-18,2026-08-18T02:43:21+0200,426991,Ikoria: Lair of Behemoths Collector Booster Box,7,Magic Display,2819,0,2019-11-28 16:18:06,353.22,122,389.38,,,
2026-08-18,2026-08-18T02:43:21+0200,795092,Innistrad Remastered Collector Booster Box,7,Magic Display,5930,0,2024-10-28 12:31:23,333.75,299.99,394.61,,,
2026-08-18,2026-08-18T02:43:21+0200,573796,Innistrad: Crimson Vow Collector Booster Box,7,Magic Display,4364,0,2021-08-06 15:04:52,194.13,148,191.45,,,
2026-08-18,2026-08-18T02:43:21+0200,573781,Innistrad: Midnight Hunt Collector Booster Box,7,Magic Display,4362,0,2021-08-06 14:55:33,173.19,55,174.48,,,
2026-08-18,2026-08-18T02:43:21+0200,527325,Kaldheim Collector Booster Box,7,Magic Display,3660,0,2020-12-15 15:30:17,290.68,294.99,311.23,,,
2026-08-18,2026-08-18T02:43:21+0200,587696,Kamigawa: Neon Dynasty Collector Booster Box,7,Magic Display,4472,0,2021-12-17 11:54:15,349.67,305,413.42,,,
2026-08-18,2026-08-18T02:43:21+0200,851271,Lorwyn Eclipsed Collector Booster Box,7,Magic Display,6325,0,2025-09-29 09:18:52,315.29,122,329.78,,,
2026-08-18,2026-08-18T02:43:21+0200,812573,Magic: The Gathering - FINAL FANTASY Collector Booster Box,7,Magic Display,6057,0,2025-02-19 11:07:32,1132.56,824.95,1385.27,,,
2026-08-18,2026-08-18T02:43:21+0200,781941,Magic: The Gathering Foundations Collector Booster Box,7,Magic Display,5852,0,2024-08-07 11:49:07,583.35,329.95,528.9,,,
2026-08-18,2026-08-18T02:43:21+0200,842564,Magic: The Gathering | Avatar: The Last Airbender Collector Booster Box,7,Magic Display,6261,0,2025-08-13 11:34:30,325.61,289.95,370.26,,,
2026-08-18,2026-08-18T02:43:21+0200,869496,Magic: The Gathering | Marvel Super Heroes Collector Booster Box,7,Magic Display,6476,0,2026-01-28 13:25:37,318.48,282.99,329.57,,,
2026-08-18,2026-08-18T02:43:21+0200,814380,Magic: The Gathering | Marvel's Spider-Man Collector Booster Box,7,Magic Display,6070,0,2025-03-03 11:57:58,310.05,298,330.98,,,
2026-08-18,2026-08-18T02:43:21+0200,853671,Magic: The Gathering | Teenage Mutant Ninja Turtles Collector Booster Box,7,Magic Display,6345,0,2025-10-13 14:34:50,274.06,122,273.7,,,
2026-08-18,2026-08-18T02:43:21+0200,696391,March of the Machine Collector Booster Box,7,Magic Display,5227,0,2023-02-10 22:28:20,540.55,390,622.05,,,
2026-08-18,2026-08-18T02:43:21+0200,703885,March of the Machine: The Aftermath Collector Booster Box,7,Magic Display,5320,0,2023-03-31 15:26:44,174.99,55,168.73,,,
2026-08-18,2026-08-18T02:43:21+0200,562095,Modern Horizons 2 Collector Booster Box,7,Magic Display,4219,0,2021-04-27 14:45:19,456.73,144,454.45,,,
2026-08-18,2026-08-18T02:43:21+0200,758483,Modern Horizons 3 Collector Booster Box,7,Magic Display,5652,0,2024-02-26 11:57:51,665,233,704.96,,,
2026-08-18,2026-08-18T02:43:21+0200,748052,Murders at Karlov Manor Collector Booster Box,7,Magic Display,5561,0,2023-12-06 14:17:20,271.06,122,279.93,,,
2026-08-18,2026-08-18T02:43:21+0200,758326,Outlaws of Thunder Junction Collector Booster Box,7,Magic Display,5647,0,2024-02-24 10:01:37,379.18,122,365.05,,,
2026-08-18,2026-08-18T02:43:21+0200,683494,Phyrexia: All Will Be One Collector Booster Box,7,Magic Display,5184,0,2022-11-04 18:30:08,707.64,211,683.39,,,
2026-08-18,2026-08-18T02:43:21+0200,370211,Ravnica Allegiance Collector Booster Box,7,Magic Display,2411,0,2019-02-19 13:48:40,1174.5,1100,720.25,,,
2026-08-18,2026-08-18T02:43:21+0200,737484,Ravnica Remastered Collector Booster Box,7,Magic Display,5505,0,2023-10-05 11:05:56,1311.5,588,1029.51,,,
2026-08-18,2026-08-18T02:43:21+0200,885563,Reality Fracture Collector Booster Box,7,Magic Display,6571,0,2026-05-02 12:17:47,305.49,297.5,306.69,,,
2026-08-18,2026-08-18T02:43:21+0200,869357,Secrets of Strixhaven Collector Booster Box,7,Magic Display,6474,0,2026-01-28 10:47:39,347.01,339,382.84,,,
2026-08-18,2026-08-18T02:43:21+0200,897523,Star Trek Collector Booster Box,7,Magic Display,6657,0,2026-07-15 13:15:58,394.48,379.99,392.76,,,
2026-08-18,2026-08-18T02:43:21+0200,611248,Streets of New Capenna Collector Booster Box,7,Magic Display,4975,0,2022-03-04 16:18:49,191.58,55,193.71,,,
2026-08-18,2026-08-18T02:43:21+0200,540411,Strixhaven: School of Mages Collector Booster Box,7,Magic Display,3741,0,2021-02-19 14:36:40,402.26,395,408.54,,,
2026-08-18,2026-08-18T02:43:21+0200,813080,Tarkir: Dragonstorm Collector Booster Box,7,Magic Display,6060,0,2025-02-24 09:46:00,373.34,349.9,423.26,,,
2026-08-18,2026-08-18T02:43:21+0200,677805,The Brothers' War Collector Booster Box,7,Magic Display,5164,0,2022-09-29 11:06:30,612.97,350,666.87,,,
2026-08-18,2026-08-18T02:43:21+0200,885552,The Hobbit Collector Booster Box,7,Magic Display,6570,0,2026-05-02 11:28:12,663.98,579,709.6,,,
2026-08-18,2026-08-18T02:43:21+0200,698912,The Lord of the Rings: Tales of Middle-earth Collector Booster Box,7,Magic Display,5285,0,2023-02-22 12:27:41,1572.21,588,1682.42,,,
2026-08-18,2026-08-18T02:43:21+0200,732335,The Lord of the Rings: Tales of Middle-earth Special Edition Collector Booster Box,7,Magic Display,5489,0,2023-09-08 15:57:44,6249.33,6427,7942.35,,,
2026-08-18,2026-08-18T02:43:21+0200,734175,The Lost Caverns of Ixalan Collector Booster Box,7,Magic Display,5490,0,2023-09-23 10:44:56,794.1,244,788.59,,,
2026-08-18,2026-08-18T02:43:21+0200,426911,Theros Beyond Death Collector Booster Box,7,Magic Display,2814,0,2019-11-28 14:23:23,230.59,122,229.74,,,
2026-08-18,2026-08-18T02:43:21+0200,398849,Throne of Eldraine Collector Booster Box,7,Magic Display,2582,0,2019-09-04 15:32:27,272.48,284,275.85,,,
2026-08-18,2026-08-18T02:43:21+0200,586736,Unfinity Collector Booster Box,7,Magic Display,4468,0,2021-11-30 14:50:09,277.61,211.88,316.09,,,
2026-08-18,2026-08-18T02:43:21+0200,758498,Universes Beyond: Assassin's Creed Collector Booster Box,7,Magic Display,5655,0,2024-02-26 14:59:45,389.12,122,443.03,,,
2026-08-18,2026-08-18T02:43:21+0200,710800,Universes Beyond: Doctor Who Collector Booster Box,7,Magic Display,5358,0,2023-05-08 09:18:46,490.88,122,471.3,,,
2026-08-18,2026-08-18T02:43:21+0200,745340,Universes Beyond: Fallout Collector Booster Box,7,Magic Display,5544,0,2023-11-14 15:21:27,1236.85,522,1233.99,,,
2026-08-18,2026-08-18T02:43:21+0200,719684,Wilds of Eldraine Collector Booster Box,7,Magic Display,5359,0,2023-06-21 14:21:48,739.66,450,681.27,,,
2026-08-18,2026-08-18T02:43:21+0200,486979,Zendikar Rising Collector Booster Box,7,Magic Display,3404,0,2020-07-31 14:02:38,337.05,122,344.82,,,
2026-08-19,2026-08-19T02:47:12+0200,565899,Adventures in the Forgotten Realms Collector Booster Box,7,Magic Display,4259,0,2021-05-21 16:59:41,275.25,159,295.35,,,
2026-08-19,2026-08-19T02:47:12+0200,803869,Aetherdrift Collector Booster Box,7,Magic Display,5982,0,2024-12-11 10:59:59,207.75,175,224.77,,,
2026-08-19,2026-08-19T02:47:12+0200,774110,Bloomburrow Collector Booster Box,7,Magic Display,5658,0,2024-06-10 17:18:27,734.79,599.99,783.44,,,
2026-08-19,2026-08-19T02:47:12+0200,492099,Commander Legends Collector Booster Box,7,Magic Display,3454,0,2020-08-24 14:17:37,575.83,348,473.31,,,
2026-08-19,2026-08-19T02:47:12+0200,650825,Commander Legends: Battle for Baldur's Gate Collector Booster Box,7,Magic Display,5030,0,2022-03-29 14:37:06,461.84,399.89,533.21,,,
2026-08-19,2026-08-19T02:47:12+0200,698962,Commander Masters Collector Booster Box,7,Magic Display,5286,0,2023-02-22 14:58:05,471.59,188,479.38,,,
2026-08-19,2026-08-19T02:47:12+0200,466034,Core 2021 Collector Booster Box,7,Magic Display,3048,0,2020-06-05 10:49:33,284,259,296.5,,,
2026-08-19,2026-08-19T02:47:12+0200,681210,Dominaria Remastered Collector Booster Box,7,Magic Display,5192,0,2022-10-25 11:43:55,433.24,374.99,456.5,,,
2026-08-19,2026-08-19T02:47:12+0200,657414,Dominaria United Collector Booster Box,7,Magic Display,5072,0,2022-05-13 16:25:34,243.4,200,265.15,,,
2026-08-19,2026-08-19T02:47:12+0200,657282,Double Masters 2022 Collector Booster Box,7,Magic Display,5070,0,2022-05-13 15:30:40,356.26,295,390.23,,,
2026-08-19,2026-08-19T02:47:12+0200,776442,Duskmourn: House of Horror Collector Booster Box,7,Magic Display,5806,0,2024-07-02 16:45:10,484.26,449,483.88,,,
2026-08-19,2026-08-19T02:47:12+0200,813293,Edge of Eternities Collector Booster Box,7,Magic Display,6063,0,2025-02-24 12:46:27,521.02,449.99,569.1,,,
2026-08-19,2026-08-19T02:47:12+0200,426991,Ikoria: Lair of Behemoths Collector Booster Box,7,Magic Display,2819,0,2019-11-28 16:18:06,353.22,255,394.23,,,
2026-08-19,2026-08-19T02:47:12+0200,795092,Innistrad Remastered Collector Booster Box,7,Magic Display,5930,0,2024-10-28 12:31:23,366.46,299.99,394.61,,,
2026-08-19,2026-08-19T02:47:12+0200,573796,Innistrad: Crimson Vow Collector Booster Box,7,Magic Display,4364,0,2021-08-06 15:04:52,194.13,148,192.86,,,
2026-08-19,2026-08-19T02:47:12+0200,573781,Innistrad: Midnight Hunt Collector Booster Box,7,Magic Display,4362,0,2021-08-06 14:55:33,173.19,128,174.48,,,
2026-08-19,2026-08-19T02:47:12+0200,527325,Kaldheim Collector Booster Box,7,Magic Display,3660,0,2020-12-15 15:30:17,290.68,294.99,311.23,,,
2026-08-19,2026-08-19T02:47:12+0200,587696,Kamigawa: Neon Dynasty Collector Booster Box,7,Magic Display,4472,0,2021-12-17 11:54:15,402.63,305,421.92,,,
2026-08-19,2026-08-19T02:47:12+0200,851271,Lorwyn Eclipsed Collector Booster Box,7,Magic Display,6325,0,2025-09-29 09:18:52,315.29,279.95,329.78,,,
2026-08-19,2026-08-19T02:47:12+0200,812573,Magic: The Gathering - FINAL FANTASY Collector Booster Box,7,Magic Display,6057,0,2025-02-19 11:07:32,1132.56,824.95,1385.27,,,
2026-08-19,2026-08-19T02:47:12+0200,781941,Magic: The Gathering Foundations Collector Booster Box,7,Magic Display,5852,0,2024-08-07 11:49:07,583.35,329.95,528.9,,,
2026-08-19,2026-08-19T02:47:12+0200,842564,Magic: The Gathering | Avatar: The Last Airbender Collector Booster Box,7,Magic Display,6261,0,2025-08-13 11:34:30,345.39,289.95,367.96,,,
2026-08-19,2026-08-19T02:47:12+0200,869496,Magic: The Gathering | Marvel Super Heroes Collector Booster Box,7,Magic Display,6476,0,2026-01-28 13:25:37,318.48,282.99,327.54,,,
2026-08-19,2026-08-19T02:47:12+0200,814380,Magic: The Gathering | Marvel's Spider-Man Collector Booster Box,7,Magic Display,6070,0,2025-03-03 11:57:58,310.05,298,330.98,,,
2026-08-19,2026-08-19T02:47:12+0200,853671,Magic: The Gathering | Teenage Mutant Ninja Turtles Collector Booster Box,7,Magic Display,6345,0,2025-10-13 14:34:50,274.06,239,271.76,,,
2026-08-19,2026-08-19T02:47:12+0200,696391,March of the Machine Collector Booster Box,7,Magic Display,5227,0,2023-02-10 22:28:20,540.55,390,679.99,,,
2026-08-19,2026-08-19T02:47:12+0200,703885,March of the Machine: The Aftermath Collector Booster Box,7,Magic Display,5320,0,2023-03-31 15:26:44,174.99,93,168.73,,,
2026-08-19,2026-08-19T02:47:12+0200,562095,Modern Horizons 2 Collector Booster Box,7,Magic Display,4219,0,2021-04-27 14:45:19,456.73,398.56,454.45,,,
2026-08-19,2026-08-19T02:47:12+0200,758483,Modern Horizons 3 Collector Booster Box,7,Magic Display,5652,0,2024-02-26 11:57:51,665,589,704.96,,,
2026-08-19,2026-08-19T02:47:12+0200,748052,Murders at Karlov Manor Collector Booster Box,7,Magic Display,5561,0,2023-12-06 14:17:20,271.06,219.99,302.95,,,
2026-08-19,2026-08-19T02:47:12+0200,758326,Outlaws of Thunder Junction Collector Booster Box,7,Magic Display,5647,0,2024-02-24 10:01:37,379.18,246,365.05,,,
2026-08-19,2026-08-19T02:47:12+0200,683494,Phyrexia: All Will Be One Collector Booster Box,7,Magic Display,5184,0,2022-11-04 18:30:08,707.64,590,683.39,,,
2026-08-19,2026-08-19T02:47:12+0200,370211,Ravnica Allegiance Collector Booster Box,7,Magic Display,2411,0,2019-02-19 13:48:40,1174.5,1100,720.25,,,
2026-08-19,2026-08-19T02:47:12+0200,737484,Ravnica Remastered Collector Booster Box,7,Magic Display,5505,0,2023-10-05 11:05:56,1311.5,1200,1072.34,,,
2026-08-19,2026-08-19T02:47:12+0200,885563,Reality Fracture Collector Booster Box,7,Magic Display,6571,0,2026-05-02 12:17:47,305.49,297.5,305.44,,,
2026-08-19,2026-08-19T02:47:12+0200,869357,Secrets of Strixhaven Collector Booster Box,7,Magic Display,6474,0,2026-01-28 10:47:39,347.01,339,382.84,,,
2026-08-19,2026-08-19T02:47:12+0200,897523,Star Trek Collector Booster Box,7,Magic Display,6657,0,2026-07-15 13:15:58,394.48,379.99,399.67,,,
2026-08-19,2026-08-19T02:47:12+0200,611248,Streets of New Capenna Collector Booster Box,7,Magic Display,4975,0,2022-03-04 16:18:49,191.58,159.99,193.71,,,
2026-08-19,2026-08-19T02:47:12+0200,540411,Strixhaven: School of Mages Collector Booster Box,7,Magic Display,3741,0,2021-02-19 14:36:40,402.26,395,408.54,,,
2026-08-19,2026-08-19T02:47:12+0200,813080,Tarkir: Dragonstorm Collector Booster Box,7,Magic Display,6060,0,2025-02-24 09:46:00,373.34,349.9,431.61,,,
2026-08-19,2026-08-19T02:47:12+0200,677805,The Brothers' War Collector Booster Box,7,Magic Display,5164,0,2022-09-29 11:06:30,612.97,350,666.87,,,
2026-08-19,2026-08-19T02:47:12+0200,885552,The Hobbit Collector Booster Box,7,Magic Display,6570,0,2026-05-02 11:28:12,663.98,579,701.96,,,
2026-08-19,2026-08-19T02:47:12+0200,698912,The Lord of the Rings: Tales of Middle-earth Collector Booster Box,7,Magic Display,5285,0,2023-02-22 12:27:41,1572.21,1200,1682.42,,,
2026-08-19,2026-08-19T02:47:12+0200,732335,The Lord of the Rings: Tales of Middle-earth Special Edition Collector Booster Box,7,Magic Display,5489,0,2023-09-08 15:57:44,6249.33,6427,6916.98,,,
2026-08-19,2026-08-19T02:47:12+0200,734175,The Lost Caverns of Ixalan Collector Booster Box,7,Magic Display,5490,0,2023-09-23 10:44:56,794.1,649.9,788.59,,,
2026-08-19,2026-08-19T02:47:12+0200,426911,Theros Beyond Death Collector Booster Box,7,Magic Display,2814,0,2019-11-28 14:23:23,230.59,209.99,229.74,,,
2026-08-19,2026-08-19T02:47:12+0200,398849,Throne of Eldraine Collector Booster Box,7,Magic Display,2582,0,2019-09-04 15:32:27,272.48,290,275.85,,,
2026-08-19,2026-08-19T02:47:12+0200,586736,Unfinity Collector Booster Box,7,Magic Display,4468,0,2021-11-30 14:50:09,277.61,211.88,321.41,,,
2026-08-19,2026-08-19T02:47:12+0200,758498,Universes Beyond: Assassin's Creed Collector Booster Box,7,Magic Display,5655,0,2024-02-26 14:59:45,389.12,122,443.03,,,
2026-08-19,2026-08-19T02:47:12+0200,710800,Universes Beyond: Doctor Who Collector Booster Box,7,Magic Display,5358,0,2023-05-08 09:18:46,490.88,244.95,471.3,,,
2026-08-19,2026-08-19T02:47:12+0200,745340,Universes Beyond: Fallout Collector Booster Box,7,Magic Display,5544,0,2023-11-14 15:21:27,1236.85,900,1233.99,,,
2026-08-19,2026-08-19T02:47:12+0200,719684,Wilds of Eldraine Collector Booster Box,7,Magic Display,5359,0,2023-06-21 14:21:48,739.66,450,681.27,,,
2026-08-19,2026-08-19T02:47:12+0200,486979,Zendikar Rising Collector Booster Box,7,Magic Display,3404,0,2020-07-31 14:02:38,337.05,309.99,344.82,,,
2026-08-20,2026-08-20T02:49:22+0200,565899,Adventures in the Forgotten Realms Collector Booster Box,7,Magic Display,4259,0,2021-05-21 16:59:41,275.25,180,295.35,,,
2026-08-20,2026-08-20T02:49:22+0200,803869,Aetherdrift Collector Booster Box,7,Magic Display,5982,0,2024-12-11 10:59:59,207.75,175,228.46,,,
2026-08-20,2026-08-20T02:49:22+0200,774110,Bloomburrow Collector Booster Box,7,Magic Display,5658,0,2024-06-10 17:18:27,734.79,599.99,783.44,,,
2026-08-20,2026-08-20T02:49:22+0200,492099,Commander Legends Collector Booster Box,7,Magic Display,3454,0,2020-08-24 14:17:37,575.83,348,473.31,,,
2026-08-20,2026-08-20T02:49:22+0200,650825,Commander Legends: Battle for Baldur's Gate Collector Booster Box,7,Magic Display,5030,0,2022-03-29 14:37:06,494.36,399.89,533.21,,,
2026-08-20,2026-08-20T02:49:22+0200,698962,Commander Masters Collector Booster Box,7,Magic Display,5286,0,2023-02-22 14:58:05,471.59,415,479.38,,,
2026-08-20,2026-08-20T02:49:22+0200,466034,Core 2021 Collector Booster Box,7,Magic Display,3048,0,2020-06-05 10:49:33,284,259,296.5,,,
2026-08-20,2026-08-20T02:49:22+0200,681210,Dominaria Remastered Collector Booster Box,7,Magic Display,5192,0,2022-10-25 11:43:55,433.24,374.99,456.5,,,
2026-08-20,2026-08-20T02:49:22+0200,657414,Dominaria United Collector Booster Box,7,Magic Display,5072,0,2022-05-13 16:25:34,264.05,200,268.1,,,
2026-08-20,2026-08-20T02:49:22+0200,657282,Double Masters 2022 Collector Booster Box,7,Magic Display,5070,0,2022-05-13 15:30:40,376.99,294.99,391.98,,,
2026-08-20,2026-08-20T02:49:22+0200,776442,Duskmourn: House of Horror Collector Booster Box,7,Magic Display,5806,0,2024-07-02 16:45:10,484.26,449,483.88,,,
2026-08-20,2026-08-20T02:49:22+0200,813293,Edge of Eternities Collector Booster Box,7,Magic Display,6063,0,2025-02-24 12:46:27,521.02,449.99,569.1,,,
2026-08-20,2026-08-20T02:49:22+0200,426991,Ikoria: Lair of Behemoths Collector Booster Box,7,Magic Display,2819,0,2019-11-28 16:18:06,353.22,255,394.23,,,
2026-08-20,2026-08-20T02:49:22+0200,795092,Innistrad Remastered Collector Booster Box,7,Magic Display,5930,0,2024-10-28 12:31:23,366.46,299.99,394.61,,,
2026-08-20,2026-08-20T02:49:22+0200,573796,Innistrad: Crimson Vow Collector Booster Box,7,Magic Display,4364,0,2021-08-06 15:04:52,194.13,148,192.86,,,
2026-08-20,2026-08-20T02:49:22+0200,573781,Innistrad: Midnight Hunt Collector Booster Box,7,Magic Display,4362,0,2021-08-06 14:55:33,173.19,128,174.48,,,
2026-08-20,2026-08-20T02:49:22+0200,527325,Kaldheim Collector Booster Box,7,Magic Display,3660,0,2020-12-15 15:30:17,290.68,294.99,311.23,,,
2026-08-20,2026-08-20T02:49:22+0200,587696,Kamigawa: Neon Dynasty Collector Booster Box,7,Magic Display,4472,0,2021-12-17 11:54:15,402.63,305,421.92,,,
2026-08-20,2026-08-20T02:49:22+0200,851271,Lorwyn Eclipsed Collector Booster Box,7,Magic Display,6325,0,2025-09-29 09:18:52,315.29,279.95,332.45,,,
2026-08-20,2026-08-20T02:49:22+0200,812573,Magic: The Gathering - FINAL FANTASY Collector Booster Box,7,Magic Display,6057,0,2025-02-19 11:07:32,1132.56,824.95,1385.27,,,
2026-08-20,2026-08-20T02:49:22+0200,781941,Magic: The Gathering Foundations Collector Booster Box,7,Magic Display,5852,0,2024-08-07 11:49:07,583.35,329.95,548.3,,,
2026-08-20,2026-08-20T02:49:22+0200,842564,Magic: The Gathering | Avatar: The Last Airbender Collector Booster Box,7,Magic Display,6261,0,2025-08-13 11:34:30,345.39,289.95,367.33,,,
2026-08-20,2026-08-20T02:49:22+0200,869496,Magic: The Gathering | Marvel Super Heroes Collector Booster Box,7,Magic Display,6476,0,2026-01-28 13:25:37,318.48,282.99,328.1,,,
2026-08-20,2026-08-20T02:49:22+0200,814380,Magic: The Gathering | Marvel's Spider-Man Collector Booster Box,7,Magic Display,6070,0,2025-03-03 11:57:58,310.05,298,332.69,,,
2026-08-20,2026-08-20T02:49:22+0200,853671,Magic: The Gathering | Teenage Mutant Ninja Turtles Collector Booster Box,7,Magic Display,6345,0,2025-10-13 14:34:50,274.06,239,271.76,,,
2026-08-20,2026-08-20T02:49:22+0200,696391,March of the Machine Collector Booster Box,7,Magic Display,5227,0,2023-02-10 22:28:20,540.55,390,679.99,,,
2026-08-20,2026-08-20T02:49:22+0200,703885,March of the Machine: The Aftermath Collector Booster Box,7,Magic Display,5320,0,2023-03-31 15:26:44,174.99,93,168.73,,,
2026-08-20,2026-08-20T02:49:22+0200,562095,Modern Horizons 2 Collector Booster Box,7,Magic Display,4219,0,2021-04-27 14:45:19,456.73,400,454.45,,,
2026-08-20,2026-08-20T02:49:22+0200,758483,Modern Horizons 3 Collector Booster Box,7,Magic Display,5652,0,2024-02-26 11:57:51,665,589,704.96,,,
2026-08-20,2026-08-20T02:49:22+0200,748052,Murders at Karlov Manor Collector Booster Box,7,Magic Display,5561,0,2023-12-06 14:17:20,271.06,219.99,313.96,,,
2026-08-20,2026-08-20T02:49:22+0200,758326,Outlaws of Thunder Junction Collector Booster Box,7,Magic Display,5647,0,2024-02-24 10:01:37,379.18,246,365.05,,,
2026-08-20,2026-08-20T02:49:22+0200,683494,Phyrexia: All Will Be One Collector Booster Box,7,Magic Display,5184,0,2022-11-04 18:30:08,747.19,590,683.39,,,
2026-08-20,2026-08-20T02:49:22+0200,370211,Ravnica Allegiance Collector Booster Box,7,Magic Display,2411,0,2019-02-19 13:48:40,1174.5,1100,720.25,,,
2026-08-20,2026-08-20T02:49:22+0200,737484,Ravnica Remastered Collector Booster Box,7,Magic Display,5505,0,2023-10-05 11:05:56,1311.5,1200,1072.34,,,
2026-08-20,2026-08-20T02:49:22+0200,885563,Reality Fracture Collector Booster Box,7,Magic Display,6571,0,2026-05-02 12:17:47,305.49,297.5,303.94,,,
2026-08-20,2026-08-20T02:49:22+0200,869357,Secrets of Strixhaven Collector Booster Box,7,Magic Display,6474,0,2026-01-28 10:47:39,347.01,339,389.24,,,
2026-08-20,2026-08-20T02:49:22+0200,897523,Star Trek Collector Booster Box,7,Magic Display,6657,0,2026-07-15 13:15:58,401.92,379.99,403.85,,,
2026-08-20,2026-08-20T02:49:22+0200,611248,Streets of New Capenna Collector Booster Box,7,Magic Display,4975,0,2022-03-04 16:18:49,192.45,159.99,194.67,,,
2026-08-20,2026-08-20T02:49:22+0200,540411,Strixhaven: School of Mages Collector Booster Box,7,Magic Display,3741,0,2021-02-19 14:36:40,402.26,395,407.02,,,
2026-08-20,2026-08-20T02:49:22+0200,813080,Tarkir: Dragonstorm Collector Booster Box,7,Magic Display,6060,0,2025-02-24 09:46:00,373.34,349.9,431.61,,,
2026-08-20,2026-08-20T02:49:22+0200,677805,The Brothers' War Collector Booster Box,7,Magic Display,5164,0,2022-09-29 11:06:30,612.97,350,666.87,,,
2026-08-20,2026-08-20T02:49:22+0200,885552,The Hobbit Collector Booster Box,7,Magic Display,6570,0,2026-05-02 11:28:12,663.98,568.99,697.04,,,
2026-08-20,2026-08-20T02:49:22+0200,698912,The Lord of the Rings: Tales of Middle-earth Collector Booster Box,7,Magic Display,5285,0,2023-02-22 12:27:41,1572.21,1200,1682.42,,,
2026-08-20,2026-08-20T02:49:22+0200,732335,The Lord of the Rings: Tales of Middle-earth Special Edition Collector Booster Box,7,Magic Display,5489,0,2023-09-08 15:57:44,6249.33,6427,6916.98,,,
2026-08-20,2026-08-20T02:49:22+0200,734175,The Lost Caverns of Ixalan Collector Booster Box,7,Magic Display,5490,0,2023-09-23 10:44:56,884,649.9,788.59,,,
2026-08-20,2026-08-20T02:49:22+0200,426911,Theros Beyond Death Collector Booster Box,7,Magic Display,2814,0,2019-11-28 14:23:23,230.59,209.99,229.74,,,
2026-08-20,2026-08-20T02:49:22+0200,398849,Throne of Eldraine Collector Booster Box,7,Magic Display,2582,0,2019-09-04 15:32:27,272.48,284,275.85,,,
2026-08-20,2026-08-20T02:49:22+0200,586736,Unfinity Collector Booster Box,7,Magic Display,4468,0,2021-11-30 14:50:09,277.61,211.88,321.59,,,
2026-08-20,2026-08-20T02:49:22+0200,758498,Universes Beyond: Assassin's Creed Collector Booster Box,7,Magic Display,5655,0,2024-02-26 14:59:45,389.12,290,443.03,,,
2026-08-20,2026-08-20T02:49:22+0200,710800,Universes Beyond: Doctor Who Collector Booster Box,7,Magic Display,5358,0,2023-05-08 09:18:46,490.88,244.95,505.88,,,
2026-08-20,2026-08-20T02:49:22+0200,745340,Universes Beyond: Fallout Collector Booster Box,7,Magic Display,5544,0,2023-11-14 15:21:27,1236.85,900,1233.99,,,
2026-08-20,2026-08-20T02:49:22+0200,719684,Wilds of Eldraine Collector Booster Box,7,Magic Display,5359,0,2023-06-21 14:21:48,739.66,450,714.56,,,
2026-08-20,2026-08-20T02:49:22+0200,486979,Zendikar Rising Collector Booster Box,7,Magic Display,3404,0,2020-07-31 14:02:38,337.05,309.99,344.82,,,
2026-08-21,2026-08-21T02:48:06+0200,565899,Adventures in the Forgotten Realms Collector Booster Box,7,Magic Display,4259,0,2021-05-21 16:59:41,275.25,180,295.35,,,
2026-08-21,2026-08-21T02:48:06+0200,803869,Aetherdrift Collector Booster Box,7,Magic Display,5982,0,2024-12-11 10:59:59,215.09,175,228.46,,,
2026-08-21,2026-08-21T02:48:06+0200,774110,Bloomburrow Collector Booster Box,7,Magic Display,5658,0,2024-06-10 17:18:27,880.86,599.99,783.44,,,
2026-08-21,2026-08-21T02:48:06+0200,492099,Commander Legends Collector Booster Box,7,Magic Display,3454,0,2020-08-24 14:17:37,575.83,348,473.31,,,
2026-08-21,2026-08-21T02:48:06+0200,650825,Commander Legends: Battle for Baldur's Gate Collector Booster Box,7,Magic Display,5030,0,2022-03-29 14:37:06,494.36,399.89,533.21,,,
2026-08-21,2026-08-21T02:48:06+0200,698962,Commander Masters Collector Booster Box,7,Magic Display,5286,0,2023-02-22 14:58:05,471.59,415,479.38,,,
2026-08-21,2026-08-21T02:48:06+0200,466034,Core 2021 Collector Booster Box,7,Magic Display,3048,0,2020-06-05 10:49:33,329.97,259,296.5,,,
2026-08-21,2026-08-21T02:48:06+0200,681210,Dominaria Remastered Collector Booster Box,7,Magic Display,5192,0,2022-10-25 11:43:55,433.24,374.99,456.5,,,
2026-08-21,2026-08-21T02:48:06+0200,657414,Dominaria United Collector Booster Box,7,Magic Display,5072,0,2022-05-13 16:25:34,264.05,200,273.84,,,
2026-08-21,2026-08-21T02:48:06+0200,657282,Double Masters 2022 Collector Booster Box,7,Magic Display,5070,0,2022-05-13 15:30:40,376.99,294.99,381.21,,,
2026-08-21,2026-08-21T02:48:06+0200,776442,Duskmourn: House of Horror Collector Booster Box,7,Magic Display,5806,0,2024-07-02 16:45:10,484.26,449,483.88,,,
2026-08-21,2026-08-21T02:48:06+0200,813293,Edge of Eternities Collector Booster Box,7,Magic Display,6063,0,2025-02-24 12:46:27,521.02,449.99,594.96,,,
2026-08-21,2026-08-21T02:48:06+0200,426991,Ikoria: Lair of Behemoths Collector Booster Box,7,Magic Display,2819,0,2019-11-28 16:18:06,353.22,255,394.23,,,
2026-08-21,2026-08-21T02:48:06+0200,795092,Innistrad Remastered Collector Booster Box,7,Magic Display,5930,0,2024-10-28 12:31:23,366.46,299.99,394.61,,,
2026-08-21,2026-08-21T02:48:06+0200,573796,Innistrad: Crimson Vow Collector Booster Box,7,Magic Display,4364,0,2021-08-06 15:04:52,194.13,148,192.86,,,
2026-08-21,2026-08-21T02:48:06+0200,573781,Innistrad: Midnight Hunt Collector Booster Box,7,Magic Display,4362,0,2021-08-06 14:55:33,173.19,128,181.42,,,
2026-08-21,2026-08-21T02:48:06+0200,527325,Kaldheim Collector Booster Box,7,Magic Display,3660,0,2020-12-15 15:30:17,290.68,294.99,311.23,,,
2026-08-21,2026-08-21T02:48:06+0200,587696,Kamigawa: Neon Dynasty Collector Booster Box,7,Magic Display,4472,0,2021-12-17 11:54:15,402.63,305,421.92,,,
2026-08-21,2026-08-21T02:48:06+0200,851271,Lorwyn Eclipsed Collector Booster Box,7,Magic Display,6325,0,2025-09-29 09:18:52,315.29,279.95,337.26,,,
2026-08-21,2026-08-21T02:48:06+0200,812573,Magic: The Gathering - FINAL FANTASY Collector Booster Box,7,Magic Display,6057,0,2025-02-19 11:07:32,1132.56,824.95,1412.4,,,
2026-08-21,2026-08-21T02:48:06+0200,781941,Magic: The Gathering Foundations Collector Booster Box,7,Magic Display,5852,0,2024-08-07 11:49:07,593.99,329.95,548.3,,,
2026-08-21,2026-08-21T02:48:06+0200,842564,Magic: The Gathering | Avatar: The Last Airbender Collector Booster Box,7,Magic Display,6261,0,2025-08-13 11:34:30,345.39,289.95,363.76,,,
2026-08-21,2026-08-21T02:48:06+0200,869496,Magic: The Gathering | Marvel Super Heroes Collector Booster Box,7,Magic Display,6476,0,2026-01-28 13:25:37,318.48,282.99,326.31,,,
2026-08-21,2026-08-21T02:48:06+0200,814380,Magic: The Gathering | Marvel's Spider-Man Collector Booster Box,7,Magic Display,6070,0,2025-03-03 11:57:58,310.05,298,330.35,,,
2026-08-21,2026-08-21T02:48:06+0200,853671,Magic: The Gathering | Teenage Mutant Ninja Turtles Collector Booster Box,7,Magic Display,6345,0,2025-10-13 14:34:50,274.06,239,276.46,,,
2026-08-21,2026-08-21T02:48:06+0200,696391,March of the Machine Collector Booster Box,7,Magic Display,5227,0,2023-02-10 22:28:20,540.55,519.9,707.02,,,
2026-08-21,2026-08-21T02:48:06+0200,703885,March of the Machine: The Aftermath Collector Booster Box,7,Magic Display,5320,0,2023-03-31 15:26:44,174.99,93,168.73,,,
2026-08-21,2026-08-21T02:48:06+0200,562095,Modern Horizons 2 Collector Booster Box,7,Magic Display,4219,0,2021-04-27 14:45:19,456.73,400,454.45,,,
2026-08-21,2026-08-21T02:48:06+0200,758483,Modern Horizons 3 Collector Booster Box,7,Magic Display,5652,0,2024-02-26 11:57:51,665,589,704.96,,,
2026-08-21,2026-08-21T02:48:06+0200,748052,Murders at Karlov Manor Collector Booster Box,7,Magic Display,5561,0,2023-12-06 14:17:20,271.06,219.99,321.78,,,
2026-08-21,2026-08-21T02:48:06+0200,758326,Outlaws of Thunder Junction Collector Booster Box,7,Magic Display,5647,0,2024-02-24 10:01:37,379.18,246,365.05,,,
2026-08-21,2026-08-21T02:48:06+0200,683494,Phyrexia: All Will Be One Collector Booster Box,7,Magic Display,5184,0,2022-11-04 18:30:08,747.19,590,683.39,,,
2026-08-21,2026-08-21T02:48:06+0200,370211,Ravnica Allegiance Collector Booster Box,7,Magic Display,2411,0,2019-02-19 13:48:40,1174.5,1100,720.25,,,
2026-08-21,2026-08-21T02:48:06+0200,737484,Ravnica Remastered Collector Booster Box,7,Magic Display,5505,0,2023-10-05 11:05:56,1311.5,1200,1072.34,,,
2026-08-21,2026-08-21T02:48:06+0200,885563,Reality Fracture Collector Booster Box,7,Magic Display,6571,0,2026-05-02 12:17:47,305.49,297.5,303.2,,,
2026-08-21,2026-08-21T02:48:06+0200,869357,Secrets of Strixhaven Collector Booster Box,7,Magic Display,6474,0,2026-01-28 10:47:39,347.01,339,388.03,,,
2026-08-21,2026-08-21T02:48:06+0200,897523,Star Trek Collector Booster Box,7,Magic Display,6657,0,2026-07-15 13:15:58,401.92,379.99,413.99,,,
2026-08-21,2026-08-21T02:48:06+0200,611248,Streets of New Capenna Collector Booster Box,7,Magic Display,4975,0,2022-03-04 16:18:49,192.45,159.99,195.67,,,
2026-08-21,2026-08-21T02:48:06+0200,540411,Strixhaven: School of Mages Collector Booster Box,7,Magic Display,3741,0,2021-02-19 14:36:40,402.26,440,407.02,,,
2026-08-21,2026-08-21T02:48:06+0200,813080,Tarkir: Dragonstorm Collector Booster Box,7,Magic Display,6060,0,2025-02-24 09:46:00,373.34,349.9,437.66,,,
2026-08-21,2026-08-21T02:48:06+0200,677805,The Brothers' War Collector Booster Box,7,Magic Display,5164,0,2022-09-29 11:06:30,612.97,350,666.87,,,
2026-08-21,2026-08-21T02:48:06+0200,885552,The Hobbit Collector Booster Box,7,Magic Display,6570,0,2026-05-02 11:28:12,663.98,568.99,691.21,,,
2026-08-21,2026-08-21T02:48:06+0200,698912,The Lord of the Rings: Tales of Middle-earth Collector Booster Box,7,Magic Display,5285,0,2023-02-22 12:27:41,1572.21,1200,1708.77,,,
2026-08-21,2026-08-21T02:48:06+0200,732335,The Lord of the Rings: Tales of Middle-earth Special Edition Collector Booster Box,7,Magic Display,5489,0,2023-09-08 15:57:44,6249.33,6427,6984.27,,,
2026-08-21,2026-08-21T02:48:06+0200,734175,The Lost Caverns of Ixalan Collector Booster Box,7,Magic Display,5490,0,2023-09-23 10:44:56,884,649.9,788.59,,,
2026-08-21,2026-08-21T02:48:06+0200,426911,Theros Beyond Death Collector Booster Box,7,Magic Display,2814,0,2019-11-28 14:23:23,230.59,209.99,229.74,,,
2026-08-21,2026-08-21T02:48:06+0200,398849,Throne of Eldraine Collector Booster Box,7,Magic Display,2582,0,2019-09-04 15:32:27,272.48,284,275.85,,,
2026-08-21,2026-08-21T02:48:06+0200,586736,Unfinity Collector Booster Box,7,Magic Display,4468,0,2021-11-30 14:50:09,277.61,211.88,321.59,,,
2026-08-21,2026-08-21T02:48:06+0200,758498,Universes Beyond: Assassin's Creed Collector Booster Box,7,Magic Display,5655,0,2024-02-26 14:59:45,389.12,290,443.03,,,
2026-08-21,2026-08-21T02:48:06+0200,710800,Universes Beyond: Doctor Who Collector Booster Box,7,Magic Display,5358,0,2023-05-08 09:18:46,490.88,244.95,505.88,,,
2026-08-21,2026-08-21T02:48:06+0200,745340,Universes Beyond: Fallout Collector Booster Box,7,Magic Display,5544,0,2023-11-14 15:21:27,1236.85,900,1233.99,,,
2026-08-21,2026-08-21T02:48:06+0200,719684,Wilds of Eldraine Collector Booster Box,7,Magic Display,5359,0,2023-06-21 14:21:48,739.66,450,735.83,,,
2026-08-21,2026-08-21T02:48:06+0200,486979,Zendikar Rising Collector Booster Box,7,Magic Display,3404,0,2020-07-31 14:02:38,337.05,309.99,344.82,,,
2026-08-22,2026-08-22T02:48:19+0200,565899,Adventures in the Forgotten Realms Collector Booster Box,7,Magic Display,4259,0,2021-05-21 16:59:41,275.25,180,312.61,,,
2026-08-22,2026-08-22T02:48:19+0200,803869,Aetherdrift Collector Booster Box,7,Magic Display,5982,0,2024-12-11 10:59:59,215.09,175,228.46,,,
2026-08-22,2026-08-22T02:48:19+0200,774110,Bloomburrow Collector Booster Box,7,Magic Display,5658,0,2024-06-10 17:18:27,880.86,599.99,783.44,,,
2026-08-22,2026-08-22T02:48:19+0200,492099,Commander Legends Collector Booster Box,7,Magic Display,3454,0,2020-08-24 14:17:37,575.83,348,481.6,,,
2026-08-22,2026-08-22T02:48:19+0200,650825,Commander Legends: Battle for Baldur's Gate Collector Booster Box,7,Magic Display,5030,0,2022-03-29 14:37:06,494.36,450,533.21,,,
2026-08-22,2026-08-22T02:48:19+0200,698962,Commander Masters Collector Booster Box,7,Magic Display,5286,0,2023-02-22 14:58:05,471.59,470,479.38,,,
2026-08-22,2026-08-22T02:48:19+0200,466034,Core 2021 Collector Booster Box,7,Magic Display,3048,0,2020-06-05 10:49:33,329.97,259,296.5,,,
2026-08-22,2026-08-22T02:48:19+0200,681210,Dominaria Remastered Collector Booster Box,7,Magic Display,5192,0,2022-10-25 11:43:55,433.24,374.99,456.5,,,
2026-08-22,2026-08-22T02:48:19+0200,657414,Dominaria United Collector Booster Box,7,Magic Display,5072,0,2022-05-13 16:25:34,264.05,200,273.84,,,
2026-08-22,2026-08-22T02:48:19+0200,657282,Double Masters 2022 Collector Booster Box,7,Magic Display,5070,0,2022-05-13 15:30:40,376.99,294.99,373.06,,,
2026-08-22,2026-08-22T02:48:19+0200,776442,Duskmourn: House of Horror Collector Booster Box,7,Magic Display,5806,0,2024-07-02 16:45:10,484.26,449,483.88,,,
2026-08-22,2026-08-22T02:48:19+0200,813293,Edge of Eternities Collector Booster Box,7,Magic Display,6063,0,2025-02-24 12:46:27,602.13,449.99,594.96,,,
2026-08-22,2026-08-22T02:48:19+0200,426991,Ikoria: Lair of Behemoths Collector Booster Box,7,Magic Display,2819,0,2019-11-28 16:18:06,353.22,255,394.23,,,
2026-08-22,2026-08-22T02:48:19+0200,795092,Innistrad Remastered Collector Booster Box,7,Magic Display,5930,0,2024-10-28 12:31:23,366.46,299.99,394.61,,,
2026-08-22,2026-08-22T02:48:19+0200,573796,Innistrad: Crimson Vow Collector Booster Box,7,Magic Display,4364,0,2021-08-06 15:04:52,194.13,148,194.87,,,
2026-08-22,2026-08-22T02:48:19+0200,573781,Innistrad: Midnight Hunt Collector Booster Box,7,Magic Display,4362,0,2021-08-06 14:55:33,173.19,55,181.42,,,
2026-08-22,2026-08-22T02:48:19+0200,527325,Kaldheim Collector Booster Box,7,Magic Display,3660,0,2020-12-15 15:30:17,290.68,294.99,311.23,,,
2026-08-22,2026-08-22T02:48:19+0200,587696,Kamigawa: Neon Dynasty Collector Booster Box,7,Magic Display,4472,0,2021-12-17 11:54:15,402.63,305,421.92,,,
2026-08-22,2026-08-22T02:48:19+0200,851271,Lorwyn Eclipsed Collector Booster Box,7,Magic Display,6325,0,2025-09-29 09:18:52,315.29,279.95,340.66,,,
2026-08-22,2026-08-22T02:48:19+0200,812573,Magic: The Gathering - FINAL FANTASY Collector Booster Box,7,Magic Display,6057,0,2025-02-19 11:07:32,1132.56,824.95,1406.09,,,
2026-08-22,2026-08-22T02:48:19+0200,781941,Magic: The Gathering Foundations Collector Booster Box,7,Magic Display,5852,0,2024-08-07 11:49:07,593.99,329.95,565.88,,,
2026-08-22,2026-08-22T02:48:19+0200,842564,Magic: The Gathering | Avatar: The Last Airbender Collector Booster Box,7,Magic Display,6261,0,2025-08-13 11:34:30,345.39,289.95,365.33,,,
2026-08-22,2026-08-22T02:48:19+0200,869496,Magic: The Gathering | Marvel Super Heroes Collector Booster Box,7,Magic Display,6476,0,2026-01-28 13:25:37,318.48,274,328.06,,,
2026-08-22,2026-08-22T02:48:19+0200,814380,Magic: The Gathering | Marvel's Spider-Man Collector Booster Box,7,Magic Display,6070,0,2025-03-03 11:57:58,310.05,289.99,331.85,,,
2026-08-22,2026-08-22T02:48:19+0200,853671,Magic: The Gathering | Teenage Mutant Ninja Turtles Collector Booster Box,7,Magic Display,6345,0,2025-10-13 14:34:50,274.06,239,277.96,,,
2026-08-22,2026-08-22T02:48:19+0200,696391,March of the Machine Collector Booster Box,7,Magic Display,5227,0,2023-02-10 22:28:20,540.55,519.9,707.02,,,
2026-08-22,2026-08-22T02:48:19+0200,703885,March of the Machine: The Aftermath Collector Booster Box,7,Magic Display,5320,0,2023-03-31 15:26:44,174.99,93,168.73,,,
2026-08-22,2026-08-22T02:48:19+0200,562095,Modern Horizons 2 Collector Booster Box,7,Magic Display,4219,0,2021-04-27 14:45:19,456.73,400,454.45,,,
2026-08-22,2026-08-22T02:48:19+0200,758483,Modern Horizons 3 Collector Booster Box,7,Magic Display,5652,0,2024-02-26 11:57:51,665,589,704.96,,,
2026-08-22,2026-08-22T02:48:19+0200,748052,Murders at Karlov Manor Collector Booster Box,7,Magic Display,5561,0,2023-12-06 14:17:20,271.06,219.99,323.73,,,
2026-08-22,2026-08-22T02:48:19+0200,758326,Outlaws of Thunder Junction Collector Booster Box,7,Magic Display,5647,0,2024-02-24 10:01:37,379.18,246,365.05,,,
2026-08-22,2026-08-22T02:48:19+0200,683494,Phyrexia: All Will Be One Collector Booster Box,7,Magic Display,5184,0,2022-11-04 18:30:08,747.19,244,683.39,,,
2026-08-22,2026-08-22T02:48:19+0200,370211,Ravnica Allegiance Collector Booster Box,7,Magic Display,2411,0,2019-02-19 13:48:40,1174.5,1100,720.25,,,
2026-08-22,2026-08-22T02:48:19+0200,737484,Ravnica Remastered Collector Booster Box,7,Magic Display,5505,0,2023-10-05 11:05:56,1311.5,1200,1072.34,,,
2026-08-22,2026-08-22T02:48:19+0200,885563,Reality Fracture Collector Booster Box,7,Magic Display,6571,0,2026-05-02 12:17:47,305.49,297.35,303.73,,,
2026-08-22,2026-08-22T02:48:19+0200,869357,Secrets of Strixhaven Collector Booster Box,7,Magic Display,6474,0,2026-01-28 10:47:39,347.01,339.95,385.88,,,
2026-08-22,2026-08-22T02:48:19+0200,897523,Star Trek Collector Booster Box,7,Magic Display,6657,0,2026-07-15 13:15:58,401.92,379.99,413.83,,,
2026-08-22,2026-08-22T02:48:19+0200,611248,Streets of New Capenna Collector Booster Box,7,Magic Display,4975,0,2022-03-04 16:18:49,192.45,159.99,195.67,,,
2026-08-22,2026-08-22T02:48:19+0200,540411,Strixhaven: School of Mages Collector Booster Box,7,Magic Display,3741,0,2021-02-19 14:36:40,402.26,440,407.02,,,
2026-08-22,2026-08-22T02:48:19+0200,813080,Tarkir: Dragonstorm Collector Booster Box,7,Magic Display,6060,0,2025-02-24 09:46:00,418.84,349.9,437.66,,,
2026-08-22,2026-08-22T02:48:19+0200,677805,The Brothers' War Collector Booster Box,7,Magic Display,5164,0,2022-09-29 11:06:30,612.97,350,666.87,,,
2026-08-22,2026-08-22T02:48:19+0200,885552,The Hobbit Collector Booster Box,7,Magic Display,6570,0,2026-05-02 11:28:12,663.98,569.99,688.25,,,
2026-08-22,2026-08-22T02:48:19+0200,698912,The Lord of the Rings: Tales of Middle-earth Collector Booster Box,7,Magic Display,5285,0,2023-02-22 12:27:41,1572.21,1200,1708.77,,,
2026-08-22,2026-08-22T02:48:19+0200,732335,The Lord of the Rings: Tales of Middle-earth Special Edition Collector Booster Box,7,Magic Display,5489,0,2023-09-08 15:57:44,6249.33,6200,6414.11,,,
2026-08-22,2026-08-22T02:48:19+0200,734175,The Lost Caverns of Ixalan Collector Booster Box,7,Magic Display,5490,0,2023-09-23 10:44:56,884,649.9,788.59,,,
2026-08-22,2026-08-22T02:48:19+0200,426911,Theros Beyond Death Collector Booster Box,7,Magic Display,2814,0,2019-11-28 14:23:23,230.59,114,229.74,,,
2026-08-22,2026-08-22T02:48:19+0200,398849,Throne of Eldraine Collector Booster Box,7,Magic Display,2582,0,2019-09-04 15:32:27,272.48,284,275.85,,,
2026-08-22,2026-08-22T02:48:19+0200,586736,Unfinity Collector Booster Box,7,Magic Display,4468,0,2021-11-30 14:50:09,320.12,211.88,321.59,,,
2026-08-22,2026-08-22T02:48:19+0200,758498,Universes Beyond: Assassin's Creed Collector Booster Box,7,Magic Display,5655,0,2024-02-26 14:59:45,389.12,290,443.03,,,
2026-08-22,2026-08-22T02:48:19+0200,710800,Universes Beyond: Doctor Who Collector Booster Box,7,Magic Display,5358,0,2023-05-08 09:18:46,490.88,244.95,505.88,,,
2026-08-22,2026-08-22T02:48:19+0200,745340,Universes Beyond: Fallout Collector Booster Box,7,Magic Display,5544,0,2023-11-14 15:21:27,1236.85,900,1233.99,,,
2026-08-22,2026-08-22T02:48:19+0200,719684,Wilds of Eldraine Collector Booster Box,7,Magic Display,5359,0,2023-06-21 14:21:48,739.66,450,719.23,,,
2026-08-22,2026-08-22T02:48:19+0200,486979,Zendikar Rising Collector Booster Box,7,Magic Display,3404,0,2020-07-31 14:02:38,337.05,309.99,354.51,,,
2026-08-23,2026-08-23T02:44:21+0200,565899,Adventures in the Forgotten Realms Collector Booster Box,7,Magic Display,4259,0,2021-05-21 16:59:41,275.25,77,312.61,,,
2026-08-23,2026-08-23T02:44:21+0200,803869,Aetherdrift Collector Booster Box,7,Magic Display,5982,0,2024-12-11 10:59:59,215.09,58,228.46,,,
2026-08-23,2026-08-23T02:44:21+0200,774110,Bloomburrow Collector Booster Box,7,Magic Display,5658,0,2024-06-10 17:18:27,880.86,599.99,783.44,,,
2026-08-23,2026-08-23T02:44:21+0200,492099,Commander Legends Collector Booster Box,7,Magic Display,3454,0,2020-08-24 14:17:37,575.83,348,481.6,,,
2026-08-23,2026-08-23T02:44:21+0200,650825,Commander Legends: Battle for Baldur's Gate Collector Booster Box,7,Magic Display,5030,0,2022-03-29 14:37:06,494.36,450,533.21,,,
2026-08-23,2026-08-23T02:44:21+0200,698962,Commander Masters Collector Booster Box,7,Magic Display,5286,0,2023-02-22 14:58:05,471.59,122,479.38,,,
2026-08-23,2026-08-23T02:44:21+0200,466034,Core 2021 Collector Booster Box,7,Magic Display,3048,0,2020-06-05 10:49:33,329.97,259,296.5,,,
2026-08-23,2026-08-23T02:44:21+0200,681210,Dominaria Remastered Collector Booster Box,7,Magic Display,5192,0,2022-10-25 11:43:55,433.24,374.99,456.5,,,
2026-08-23,2026-08-23T02:44:21+0200,657414,Dominaria United Collector Booster Box,7,Magic Display,5072,0,2022-05-13 16:25:34,264.05,122,277.48,,,
2026-08-23,2026-08-23T02:44:21+0200,657282,Double Masters 2022 Collector Booster Box,7,Magic Display,5070,0,2022-05-13 15:30:40,376.99,125,376.57,,,
2026-08-23,2026-08-23T02:44:21+0200,776442,Duskmourn: House of Horror Collector Booster Box,7,Magic Display,5806,0,2024-07-02 16:45:10,484.26,449,483.88,,,
2026-08-23,2026-08-23T02:44:21+0200,813293,Edge of Eternities Collector Booster Box,7,Magic Display,6063,0,2025-02-24 12:46:27,602.13,188,622.92,,,
2026-08-23,2026-08-23T02:44:21+0200,426991,Ikoria: Lair of Behemoths Collector Booster Box,7,Magic Display,2819,0,2019-11-28 16:18:06,353.22,122,394.23,,,
2026-08-23,2026-08-23T02:44:21+0200,795092,Innistrad Remastered Collector Booster Box,7,Magic Display,5930,0,2024-10-28 12:31:23,366.46,122,394.61,,,
2026-08-23,2026-08-23T02:44:21+0200,573796,Innistrad: Crimson Vow Collector Booster Box,7,Magic Display,4364,0,2021-08-06 15:04:52,194.13,149.99,196.34,,,
2026-08-23,2026-08-23T02:44:21+0200,573781,Innistrad: Midnight Hunt Collector Booster Box,7,Magic Display,4362,0,2021-08-06 14:55:33,173.19,55,184.08,,,
2026-08-23,2026-08-23T02:44:21+0200,527325,Kaldheim Collector Booster Box,7,Magic Display,3660,0,2020-12-15 15:30:17,290.68,125,311.23,,,
2026-08-23,2026-08-23T02:44:21+0200,587696,Kamigawa: Neon Dynasty Collector Booster Box,7,Magic Display,4472,0,2021-12-17 11:54:15,402.63,305,421.92,,,
2026-08-23,2026-08-23T02:44:21+0200,851271,Lorwyn Eclipsed Collector Booster Box,7,Magic Display,6325,0,2025-09-29 09:18:52,323.53,122,340.66,,,
2026-08-23,2026-08-23T02:44:21+0200,812573,Magic: The Gathering - FINAL FANTASY Collector Booster Box,7,Magic Display,6057,0,2025-02-19 11:07:32,1132.56,244,1378.97,,,
2026-08-23,2026-08-23T02:44:21+0200,781941,Magic: The Gathering Foundations Collector Booster Box,7,Magic Display,5852,0,2024-08-07 11:49:07,593.99,329.95,565.88,,,
2026-08-23,2026-08-23T02:44:21+0200,842564,Magic: The Gathering | Avatar: The Last Airbender Collector Booster Box,7,Magic Display,6261,0,2025-08-13 11:34:30,345.39,122,365.21,,,
2026-08-23,2026-08-23T02:44:21+0200,869496,Magic: The Gathering | Marvel Super Heroes Collector Booster Box,7,Magic Display,6476,0,2026-01-28 13:25:37,318.48,122,327.46,,,
2026-08-23,2026-08-23T02:44:21+0200,814380,Magic: The Gathering | Marvel's Spider-Man Collector Booster Box,7,Magic Display,6070,0,2025-03-03 11:57:58,310.05,122,332.43,,,
2026-08-23,2026-08-23T02:44:21+0200,853671,Magic: The Gathering | Teenage Mutant Ninja Turtles Collector Booster Box,7,Magic Display,6345,0,2025-10-13 14:34:50,274.06,122,274.49,,,
2026-08-23,2026-08-23T02:44:21+0200,696391,March of the Machine Collector Booster Box,7,Magic Display,5227,0,2023-02-10 22:28:20,540.55,500,707.02,,,
2026-08-23,2026-08-23T02:44:21+0200,703885,March of the Machine: The Aftermath Collector Booster Box,7,Magic Display,5320,0,2023-03-31 15:26:44,180.41,55,168.73,,,
2026-08-23,2026-08-23T02:44:21+0200,562095,Modern Horizons 2 Collector Booster Box,7,Magic Display,4219,0,2021-04-27 14:45:19,456.73,144,464.36,,,
2026-08-23,2026-08-23T02:44:21+0200,758483,Modern Horizons 3 Collector Booster Box,7,Magic Display,5652,0,2024-02-26 11:57:51,665,244,720.56,,,
2026-08-23,2026-08-23T02:44:21+0200,748052,Murders at Karlov Manor Collector Booster Box,7,Magic Display,5561,0,2023-12-06 14:17:20,271.06,122,323.73,,,
2026-08-23,2026-08-23T02:44:21+0200,758326,Outlaws of Thunder Junction Collector Booster Box,7,Magic Display,5647,0,2024-02-24 10:01:37,379.18,122,365.05,,,
2026-08-23,2026-08-23T02:44:21+0200,683494,Phyrexia: All Will Be One Collector Booster Box,7,Magic Display,5184,0,2022-11-04 18:30:08,747.19,244,693.26,,,
2026-08-23,2026-08-23T02:44:21+0200,370211,Ravnica Allegiance Collector Booster Box,7,Magic Display,2411,0,2019-02-19 13:48:40,1174.5,1100,720.25,,,
2026-08-23,2026-08-23T02:44:21+0200,737484,Ravnica Remastered Collector Booster Box,7,Magic Display,5505,0,2023-10-05 11:05:56,1311.5,577,1072.34,,,
2026-08-23,2026-08-23T02:44:21+0200,885563,Reality Fracture Collector Booster Box,7,Magic Display,6571,0,2026-05-02 12:17:47,305.49,297.35,303.83,,,
2026-08-23,2026-08-23T02:44:21+0200,869357,Secrets of Strixhaven Collector Booster Box,7,Magic Display,6474,0,2026-01-28 10:47:39,347.01,122,383.33,,,
2026-08-23,2026-08-23T02:44:21+0200,897523,Star Trek Collector Booster Box,7,Magic Display,6657,0,2026-07-15 13:15:58,401.92,379.99,428.99,,,
2026-08-23,2026-08-23T02:44:21+0200,611248,Streets of New Capenna Collector Booster Box,7,Magic Display,4975,0,2022-03-04 16:18:49,192.45,55,196.75,,,
2026-08-23,2026-08-23T02:44:21+0200,540411,Strixhaven: School of Mages Collector Booster Box,7,Magic Display,3741,0,2021-02-19 14:36:40,402.26,440,407.02,,,
2026-08-23,2026-08-23T02:44:21+0200,813080,Tarkir: Dragonstorm Collector Booster Box,7,Magic Display,6060,0,2025-02-24 09:46:00,418.84,122,443.59,,,
2026-08-23,2026-08-23T02:44:21+0200,677805,The Brothers' War Collector Booster Box,7,Magic Display,5164,0,2022-09-29 11:06:30,612.97,350,666.87,,,
2026-08-23,2026-08-23T02:44:21+0200,885552,The Hobbit Collector Booster Box,7,Magic Display,6570,0,2026-05-02 11:28:12,663.98,322,685.45,,,
2026-08-23,2026-08-23T02:44:21+0200,698912,The Lord of the Rings: Tales of Middle-earth Collector Booster Box,7,Magic Display,5285,0,2023-02-22 12:27:41,1572.21,588,1667.94,,,
2026-08-23,2026-08-23T02:44:21+0200,732335,The Lord of the Rings: Tales of Middle-earth Special Edition Collector Booster Box,7,Magic Display,5489,0,2023-09-08 15:57:44,6249.33,6150,6414.11,,,
2026-08-23,2026-08-23T02:44:21+0200,734175,The Lost Caverns of Ixalan Collector Booster Box,7,Magic Display,5490,0,2023-09-23 10:44:56,884,122,788.59,,,
2026-08-23,2026-08-23T02:44:21+0200,426911,Theros Beyond Death Collector Booster Box,7,Magic Display,2814,0,2019-11-28 14:23:23,230.59,114,229.74,,,
2026-08-23,2026-08-23T02:44:21+0200,398849,Throne of Eldraine Collector Booster Box,7,Magic Display,2582,0,2019-09-04 15:32:27,272.48,284,275.85,,,
2026-08-23,2026-08-23T02:44:21+0200,586736,Unfinity Collector Booster Box,7,Magic Display,4468,0,2021-11-30 14:50:09,320.12,211.88,322.37,,,
2026-08-23,2026-08-23T02:44:21+0200,758498,Universes Beyond: Assassin's Creed Collector Booster Box,7,Magic Display,5655,0,2024-02-26 14:59:45,389.12,144,443.03,,,
2026-08-23,2026-08-23T02:44:21+0200,710800,Universes Beyond: Doctor Who Collector Booster Box,7,Magic Display,5358,0,2023-05-08 09:18:46,490.88,114,505.88,,,
2026-08-23,2026-08-23T02:44:21+0200,745340,Universes Beyond: Fallout Collector Booster Box,7,Magic Display,5544,0,2023-11-14 15:21:27,1236.85,544,1233.99,,,
2026-08-23,2026-08-23T02:44:21+0200,719684,Wilds of Eldraine Collector Booster Box,7,Magic Display,5359,0,2023-06-21 14:21:48,739.66,450,719.23,,,
2026-08-23,2026-08-23T02:44:21+0200,486979,Zendikar Rising Collector Booster Box,7,Magic Display,3404,0,2020-07-31 14:02:38,337.05,122,354.51,,,
2026-08-24,2026-08-24T02:46:35+0200,565899,Adventures in the Forgotten Realms Collector Booster Box,7,Magic Display,4259,0,2021-05-21 16:59:41,275.25,77,312.61,,,
2026-08-24,2026-08-24T02:46:35+0200,803869,Aetherdrift Collector Booster Box,7,Magic Display,5982,0,2024-12-11 10:59:59,215.09,58,228.46,,,
2026-08-24,2026-08-24T02:46:35+0200,774110,Bloomburrow Collector Booster Box,7,Magic Display,5658,0,2024-06-10 17:18:27,880.86,599.99,783.44,,,
2026-08-24,2026-08-24T02:46:35+0200,492099,Commander Legends Collector Booster Box,7,Magic Display,3454,0,2020-08-24 14:17:37,575.83,348,481.6,,,
2026-08-24,2026-08-24T02:46:35+0200,650825,Commander Legends: Battle for Baldur's Gate Collector Booster Box,7,Magic Display,5030,0,2022-03-29 14:37:06,494.36,450,533.21,,,
2026-08-24,2026-08-24T02:46:35+0200,698962,Commander Masters Collector Booster Box,7,Magic Display,5286,0,2023-02-22 14:58:05,471.59,122,479.38,,,
2026-08-24,2026-08-24T02:46:35+0200,466034,Core 2021 Collector Booster Box,7,Magic Display,3048,0,2020-06-05 10:49:33,329.97,259,318.24,,,
2026-08-24,2026-08-24T02:46:35+0200,681210,Dominaria Remastered Collector Booster Box,7,Magic Display,5192,0,2022-10-25 11:43:55,449.84,374.99,456.5,,,
2026-08-24,2026-08-24T02:46:35+0200,657414,Dominaria United Collector Booster Box,7,Magic Display,5072,0,2022-05-13 16:25:34,264.05,122,277.48,,,
2026-08-24,2026-08-24T02:46:35+0200,657282,Double Masters 2022 Collector Booster Box,7,Magic Display,5070,0,2022-05-13 15:30:40,376.99,125,376.57,,,
2026-08-24,2026-08-24T02:46:35+0200,776442,Duskmourn: House of Horror Collector Booster Box,7,Magic Display,5806,0,2024-07-02 16:45:10,484.26,449,483.88,,,
2026-08-24,2026-08-24T02:46:35+0200,813293,Edge of Eternities Collector Booster Box,7,Magic Display,6063,0,2025-02-24 12:46:27,602.13,188,644.4,,,
2026-08-24,2026-08-24T02:46:35+0200,426991,Ikoria: Lair of Behemoths Collector Booster Box,7,Magic Display,2819,0,2019-11-28 16:18:06,353.22,122,394.23,,,
2026-08-24,2026-08-24T02:46:35+0200,795092,Innistrad Remastered Collector Booster Box,7,Magic Display,5930,0,2024-10-28 12:31:23,366.46,122,394.61,,,
2026-08-24,2026-08-24T02:46:35+0200,573796,Innistrad: Crimson Vow Collector Booster Box,7,Magic Display,4364,0,2021-08-06 15:04:52,194.13,149.99,196.34,,,
2026-08-24,2026-08-24T02:46:35+0200,573781,Innistrad: Midnight Hunt Collector Booster Box,7,Magic Display,4362,0,2021-08-06 14:55:33,173.19,55,184.08,,,
2026-08-24,2026-08-24T02:46:35+0200,527325,Kaldheim Collector Booster Box,7,Magic Display,3660,0,2020-12-15 15:30:17,290.68,125,318.88,,,
2026-08-24,2026-08-24T02:46:35+0200,587696,Kamigawa: Neon Dynasty Collector Booster Box,7,Magic Display,4472,0,2021-12-17 11:54:15,402.63,305,421.92,,,
2026-08-24,2026-08-24T02:46:35+0200,851271,Lorwyn Eclipsed Collector Booster Box,7,Magic Display,6325,0,2025-09-29 09:18:52,323.53,122,342,,,
2026-08-24,2026-08-24T02:46:35+0200,812573,Magic: The Gathering - FINAL FANTASY Collector Booster Box,7,Magic Display,6057,0,2025-02-19 11:07:32,1132.56,244,1377.83,,,
2026-08-24,2026-08-24T02:46:35+0200,781941,Magic: The Gathering Foundations Collector Booster Box,7,Magic Display,5852,0,2024-08-07 11:49:07,593.99,329.95,565.88,,,
2026-08-24,2026-08-24T02:46:35+0200,842564,Magic: The Gathering | Avatar: The Last Airbender Collector Booster Box,7,Magic Display,6261,0,2025-08-13 11:34:30,345.39,122,364.85,,,
2026-08-24,2026-08-24T02:46:35+0200,869496,Magic: The Gathering | Marvel Super Heroes Collector Booster Box,7,Magic Display,6476,0,2026-01-28 13:25:37,318.48,122,326.63,,,
2026-08-24,2026-08-24T02:46:35+0200,814380,Magic: The Gathering | Marvel's Spider-Man Collector Booster Box,7,Magic Display,6070,0,2025-03-03 11:57:58,310.05,122,334.38,,,
2026-08-24,2026-08-24T02:46:35+0200,853671,Magic: The Gathering | Teenage Mutant Ninja Turtles Collector Booster Box,7,Magic Display,6345,0,2025-10-13 14:34:50,274.06,122,272.36,,,
2026-08-24,2026-08-24T02:46:35+0200,696391,March of the Machine Collector Booster Box,7,Magic Display,5227,0,2023-02-10 22:28:20,540.55,500,707.02,,,
2026-08-24,2026-08-24T02:46:35+0200,703885,March of the Machine: The Aftermath Collector Booster Box,7,Magic Display,5320,0,2023-03-31 15:26:44,180.41,55,168.73,,,
2026-08-24,2026-08-24T02:46:35+0200,562095,Modern Horizons 2 Collector Booster Box,7,Magic Display,4219,0,2021-04-27 14:45:19,456.73,144,464.36,,,
2026-08-24,2026-08-24T02:46:35+0200,758483,Modern Horizons 3 Collector Booster Box,7,Magic Display,5652,0,2024-02-26 11:57:51,665,244,720.56,,,
2026-08-24,2026-08-24T02:46:35+0200,748052,Murders at Karlov Manor Collector Booster Box,7,Magic Display,5561,0,2023-12-06 14:17:20,271.06,122,323.73,,,
2026-08-24,2026-08-24T02:46:35+0200,758326,Outlaws of Thunder Junction Collector Booster Box,7,Magic Display,5647,0,2024-02-24 10:01:37,379.18,122,365.05,,,
2026-08-24,2026-08-24T02:46:35+0200,683494,Phyrexia: All Will Be One Collector Booster Box,7,Magic Display,5184,0,2022-11-04 18:30:08,747.19,244,693.26,,,
2026-08-24,2026-08-24T02:46:35+0200,370211,Ravnica Allegiance Collector Booster Box,7,Magic Display,2411,0,2019-02-19 13:48:40,1174.5,1050,720.25,,,
2026-08-24,2026-08-24T02:46:35+0200,737484,Ravnica Remastered Collector Booster Box,7,Magic Display,5505,0,2023-10-05 11:05:56,1311.5,577,1072.34,,,
2026-08-24,2026-08-24T02:46:35+0200,885563,Reality Fracture Collector Booster Box,7,Magic Display,6571,0,2026-05-02 12:17:47,305.49,297.35,304.36,,,
2026-08-24,2026-08-24T02:46:35+0200,869357,Secrets of Strixhaven Collector Booster Box,7,Magic Display,6474,0,2026-01-28 10:47:39,347.01,122,388.42,,,
2026-08-24,2026-08-24T02:46:35+0200,897523,Star Trek Collector Booster Box,7,Magic Display,6657,0,2026-07-15 13:15:58,401.92,379.99,442.92,,,
2026-08-24,2026-08-24T02:46:35+0200,611248,Streets of New Capenna Collector Booster Box,7,Magic Display,4975,0,2022-03-04 16:18:49,192.45,55,198.63,,,
2026-08-24,2026-08-24T02:46:35+0200,540411,Strixhaven: School of Mages Collector Booster Box,7,Magic Display,3741,0,2021-02-19 14:36:40,402.26,440,414.29,,,
2026-08-24,2026-08-24T02:46:35+0200,813080,Tarkir: Dragonstorm Collector Booster Box,7,Magic Display,6060,0,2025-02-24 09:46:00,418.84,122,443.59,,,
2026-08-24,2026-08-24T02:46:35+0200,677805,The Brothers' War Collector Booster Box,7,Magic Display,5164,0,2022-09-29 11:06:30,597.63,350,687.65,,,
2026-08-24,2026-08-24T02:46:35+0200,885552,The Hobbit Collector Booster Box,7,Magic Display,6570,0,2026-05-02 11:28:12,663.98,322,685.62,,,
2026-08-24,2026-08-24T02:46:35+0200,698912,The Lord of the Rings: Tales of Middle-earth Collector Booster Box,7,Magic Display,5285,0,2023-02-22 12:27:41,1572.21,588,1667.94,,,
2026-08-24,2026-08-24T02:46:35+0200,732335,The Lord of the Rings: Tales of Middle-earth Special Edition Collector Booster Box,7,Magic Display,5489,0,2023-09-08 15:57:44,6249.33,6150,6414.11,,,
2026-08-24,2026-08-24T02:46:35+0200,734175,The Lost Caverns of Ixalan Collector Booster Box,7,Magic Display,5490,0,2023-09-23 10:44:56,884,122,788.59,,,
2026-08-24,2026-08-24T02:46:35+0200,426911,Theros Beyond Death Collector Booster Box,7,Magic Display,2814,0,2019-11-28 14:23:23,230.59,114,229.74,,,
2026-08-24,2026-08-24T02:46:35+0200,398849,Throne of Eldraine Collector Booster Box,7,Magic Display,2582,0,2019-09-04 15:32:27,272.48,283,275.85,,,
2026-08-24,2026-08-24T02:46:35+0200,586736,Unfinity Collector Booster Box,7,Magic Display,4468,0,2021-11-30 14:50:09,320.12,211.88,322.37,,,
2026-08-24,2026-08-24T02:46:35+0200,758498,Universes Beyond: Assassin's Creed Collector Booster Box,7,Magic Display,5655,0,2024-02-26 14:59:45,389.12,144,443.03,,,
2026-08-24,2026-08-24T02:46:35+0200,710800,Universes Beyond: Doctor Who Collector Booster Box,7,Magic Display,5358,0,2023-05-08 09:18:46,490.88,114,505.88,,,
2026-08-24,2026-08-24T02:46:35+0200,745340,Universes Beyond: Fallout Collector Booster Box,7,Magic Display,5544,0,2023-11-14 15:21:27,1449.66,544,1233.99,,,
2026-08-24,2026-08-24T02:46:35+0200,719684,Wilds of Eldraine Collector Booster Box,7,Magic Display,5359,0,2023-06-21 14:21:48,739.66,450,719.23,,,
2026-08-24,2026-08-24T02:46:35+0200,486979,Zendikar Rising Collector Booster Box,7,Magic Display,3404,0,2020-07-31 14:02:38,337.05,122,354.51,,,
2026-08-25,2026-08-25T02:48:40+0200,565899,Adventures in the Forgotten Realms Collector Booster Box,7,Magic Display,4259,0,2021-05-21 16:59:41,275.25,77,312.61,,,
2026-08-25,2026-08-25T02:48:40+0200,803869,Aetherdrift Collector Booster Box,7,Magic Display,5982,0,2024-12-11 10:59:59,215.09,58,228.46,,,
2026-08-25,2026-08-25T02:48:40+0200,774110,Bloomburrow Collector Booster Box,7,Magic Display,5658,0,2024-06-10 17:18:27,880.86,599.99,783.44,,,
2026-08-25,2026-08-25T02:48:40+0200,492099,Commander Legends Collector Booster Box,7,Magic Display,3454,0,2020-08-24 14:17:37,575.83,348,481.6,,,
2026-08-25,2026-08-25T02:48:40+0200,650825,Commander Legends: Battle for Baldur's Gate Collector Booster Box,7,Magic Display,5030,0,2022-03-29 14:37:06,494.36,450,557.95,,,
2026-08-25,2026-08-25T02:48:40+0200,698962,Commander Masters Collector Booster Box,7,Magic Display,5286,0,2023-02-22 14:58:05,471.59,122,479.38,,,
2026-08-25,2026-08-25T02:48:40+0200,466034,Core 2021 Collector Booster Box,7,Magic Display,3048,0,2020-06-05 10:49:33,329.97,248.99,318.24,,,
2026-08-25,2026-08-25T02:48:40+0200,681210,Dominaria Remastered Collector Booster Box,7,Magic Display,5192,0,2022-10-25 11:43:55,449.84,374.99,456.5,,,
2026-08-25,2026-08-25T02:48:40+0200,657414,Dominaria United Collector Booster Box,7,Magic Display,5072,0,2022-05-13 16:25:34,264.05,122,277.48,,,
2026-08-25,2026-08-25T02:48:40+0200,657282,Double Masters 2022 Collector Booster Box,7,Magic Display,5070,0,2022-05-13 15:30:40,376.99,125,376.57,,,
2026-08-25,2026-08-25T02:48:40+0200,776442,Duskmourn: House of Horror Collector Booster Box,7,Magic Display,5806,0,2024-07-02 16:45:10,484.26,449,483.88,,,
2026-08-25,2026-08-25T02:48:40+0200,813293,Edge of Eternities Collector Booster Box,7,Magic Display,6063,0,2025-02-24 12:46:27,602.13,449.99,644.4,,,
2026-08-25,2026-08-25T02:48:40+0200,426991,Ikoria: Lair of Behemoths Collector Booster Box,7,Magic Display,2819,0,2019-11-28 16:18:06,353.22,122,394.23,,,
2026-08-25,2026-08-25T02:48:40+0200,795092,Innistrad Remastered Collector Booster Box,7,Magic Display,5930,0,2024-10-28 12:31:23,366.46,122,394.61,,,
2026-08-25,2026-08-25T02:48:40+0200,573796,Innistrad: Crimson Vow Collector Booster Box,7,Magic Display,4364,0,2021-08-06 15:04:52,194.13,149.99,196.34,,,
2026-08-25,2026-08-25T02:48:40+0200,573781,Innistrad: Midnight Hunt Collector Booster Box,7,Magic Display,4362,0,2021-08-06 14:55:33,173.19,55,184.08,,,
2026-08-25,2026-08-25T02:48:40+0200,527325,Kaldheim Collector Booster Box,7,Magic Display,3660,0,2020-12-15 15:30:17,290.68,125,318.88,,,
2026-08-25,2026-08-25T02:48:40+0200,587696,Kamigawa: Neon Dynasty Collector Booster Box,7,Magic Display,4472,0,2021-12-17 11:54:15,402.63,305,421.92,,,
2026-08-25,2026-08-25T02:48:40+0200,851271,Lorwyn Eclipsed Collector Booster Box,7,Magic Display,6325,0,2025-09-29 09:18:52,323.53,279.9,339.42,,,
2026-08-25,2026-08-25T02:48:40+0200,812573,Magic: The Gathering - FINAL FANTASY Collector Booster Box,7,Magic Display,6057,0,2025-02-19 11:07:32,1132.56,824.95,1377.83,,,
2026-08-25,2026-08-25T02:48:40+0200,781941,Magic: The Gathering Foundations Collector Booster Box,7,Magic Display,5852,0,2024-08-07 11:49:07,593.99,329.95,565.88,,,
2026-08-25,2026-08-25T02:48:40+0200,842564,Magic: The Gathering | Avatar: The Last Airbender Collector Booster Box,7,Magic Display,6261,0,2025-08-13 11:34:30,345.39,289.95,367.33,,,
2026-08-25,2026-08-25T02:48:40+0200,869496,Magic: The Gathering | Marvel Super Heroes Collector Booster Box,7,Magic Display,6476,0,2026-01-28 13:25:37,318.48,280,325.71,,,
2026-08-25,2026-08-25T02:48:40+0200,814380,Magic: The Gathering | Marvel's Spider-Man Collector Booster Box,7,Magic Display,6070,0,2025-03-03 11:57:58,310.05,297,334.38,,,
2026-08-25,2026-08-25T02:48:40+0200,853671,Magic: The Gathering | Teenage Mutant Ninja Turtles Collector Booster Box,7,Magic Display,6345,0,2025-10-13 14:34:50,274.06,239,272.36,,,
2026-08-25,2026-08-25T02:48:40+0200,696391,March of the Machine Collector Booster Box,7,Magic Display,5227,0,2023-02-10 22:28:20,540.55,500,707.02,,,
2026-08-25,2026-08-25T02:48:40+0200,703885,March of the Machine: The Aftermath Collector Booster Box,7,Magic Display,5320,0,2023-03-31 15:26:44,180.41,55,168.73,,,
2026-08-25,2026-08-25T02:48:40+0200,562095,Modern Horizons 2 Collector Booster Box,7,Magic Display,4219,0,2021-04-27 14:45:19,456.73,144,464.36,,,
2026-08-25,2026-08-25T02:48:40+0200,758483,Modern Horizons 3 Collector Booster Box,7,Magic Display,5652,0,2024-02-26 11:57:51,665,244,720.56,,,
2026-08-25,2026-08-25T02:48:40+0200,748052,Murders at Karlov Manor Collector Booster Box,7,Magic Display,5561,0,2023-12-06 14:17:20,297.41,122,323.73,,,
2026-08-25,2026-08-25T02:48:40+0200,758326,Outlaws of Thunder Junction Collector Booster Box,7,Magic Display,5647,0,2024-02-24 10:01:37,379.18,122,365.05,,,
2026-08-25,2026-08-25T02:48:40+0200,683494,Phyrexia: All Will Be One Collector Booster Box,7,Magic Display,5184,0,2022-11-04 18:30:08,747.19,244,693.26,,,
2026-08-25,2026-08-25T02:48:40+0200,370211,Ravnica Allegiance Collector Booster Box,7,Magic Display,2411,0,2019-02-19 13:48:40,1174.5,1050,720.25,,,
2026-08-25,2026-08-25T02:48:40+0200,737484,Ravnica Remastered Collector Booster Box,7,Magic Display,5505,0,2023-10-05 11:05:56,1311.5,577,1072.34,,,
2026-08-25,2026-08-25T02:48:40+0200,885563,Reality Fracture Collector Booster Box,7,Magic Display,6571,0,2026-05-02 12:17:47,305.49,279.99,303.74,,,
2026-08-25,2026-08-25T02:48:40+0200,869357,Secrets of Strixhaven Collector Booster Box,7,Magic Display,6474,0,2026-01-28 10:47:39,347.01,339.95,384.74,,,
2026-08-25,2026-08-25T02:48:40+0200,897523,Star Trek Collector Booster Box,7,Magic Display,6657,0,2026-07-15 13:15:58,401.92,379.99,457.73,,,
2026-08-25,2026-08-25T02:48:40+0200,611248,Streets of New Capenna Collector Booster Box,7,Magic Display,4975,0,2022-03-04 16:18:49,192.45,55,198.63,,,
2026-08-25,2026-08-25T02:48:40+0200,540411,Strixhaven: School of Mages Collector Booster Box,7,Magic Display,3741,0,2021-02-19 14:36:40,402.26,440,414.29,,,
2026-08-25,2026-08-25T02:48:40+0200,813080,Tarkir: Dragonstorm Collector Booster Box,7,Magic Display,6060,0,2025-02-24 09:46:00,418.84,349.9,443.59,,,
2026-08-25,2026-08-25T02:48:40+0200,677805,The Brothers' War Collector Booster Box,7,Magic Display,5164,0,2022-09-29 11:06:30,597.63,350,687.65,,,
2026-08-25,2026-08-25T02:48:40+0200,885552,The Hobbit Collector Booster Box,7,Magic Display,6570,0,2026-05-02 11:28:12,663.98,579.99,687.13,,,
2026-08-25,2026-08-25T02:48:40+0200,698912,The Lord of the Rings: Tales of Middle-earth Collector Booster Box,7,Magic Display,5285,0,2023-02-22 12:27:41,1572.21,588,1667.94,,,
2026-08-25,2026-08-25T02:48:40+0200,732335,The Lord of the Rings: Tales of Middle-earth Special Edition Collector Booster Box,7,Magic Display,5489,0,2023-09-08 15:57:44,6249.33,6150,6414.11,,,
2026-08-25,2026-08-25T02:48:40+0200,734175,The Lost Caverns of Ixalan Collector Booster Box,7,Magic Display,5490,0,2023-09-23 10:44:56,884,122,788.59,,,
2026-08-25,2026-08-25T02:48:40+0200,426911,Theros Beyond Death Collector Booster Box,7,Magic Display,2814,0,2019-11-28 14:23:23,230.59,114,229.74,,,
2026-08-25,2026-08-25T02:48:40+0200,398849,Throne of Eldraine Collector Booster Box,7,Magic Display,2582,0,2019-09-04 15:32:27,272.48,283,275.85,,,
2026-08-25,2026-08-25T02:48:40+0200,586736,Unfinity Collector Booster Box,7,Magic Display,4468,0,2021-11-30 14:50:09,320.12,211.88,322.37,,,
2026-08-25,2026-08-25T02:48:40+0200,758498,Universes Beyond: Assassin's Creed Collector Booster Box,7,Magic Display,5655,0,2024-02-26 14:59:45,389.12,144,443.03,,,
2026-08-25,2026-08-25T02:48:40+0200,710800,Universes Beyond: Doctor Who Collector Booster Box,7,Magic Display,5358,0,2023-05-08 09:18:46,490.88,114,505.88,,,
2026-08-25,2026-08-25T02:48:40+0200,745340,Universes Beyond: Fallout Collector Booster Box,7,Magic Display,5544,0,2023-11-14 15:21:27,1449.66,544,1233.99,,,
2026-08-25,2026-08-25T02:48:40+0200,719684,Wilds of Eldraine Collector Booster Box,7,Magic Display,5359,0,2023-06-21 14:21:48,739.66,450,719.23,,,
2026-08-25,2026-08-25T02:48:40+0200,486979,Zendikar Rising Collector Booster Box,7,Magic Display,3404,0,2020-07-31 14:02:38,337.05,211,354.51,,,
2026-08-26,2026-08-26T02:45:35+0200,565899,Adventures in the Forgotten Realms Collector Booster Box,7,Magic Display,4259,0,2021-05-21 16:59:41,275.25,180,314.69,,,
2026-08-26,2026-08-26T02:45:35+0200,803869,Aetherdrift Collector Booster Box,7,Magic Display,5982,0,2024-12-11 10:59:59,215.09,58,226.67,,,
2026-08-26,2026-08-26T02:45:35+0200,774110,Bloomburrow Collector Booster Box,7,Magic Display,5658,0,2024-06-10 17:18:27,880.86,599.99,783.44,,,
2026-08-26,2026-08-26T02:45:35+0200,492099,Commander Legends Collector Booster Box,7,Magic Display,3454,0,2020-08-24 14:17:37,575.83,348,481.6,,,
2026-08-26,2026-08-26T02:45:35+0200,650825,Commander Legends: Battle for Baldur's Gate Collector Booster Box,7,Magic Display,5030,0,2022-03-29 14:37:06,494.36,450,557.95,,,
2026-08-26,2026-08-26T02:45:35+0200,698962,Commander Masters Collector Booster Box,7,Magic Display,5286,0,2023-02-22 14:58:05,471.59,122,495.62,,,
2026-08-26,2026-08-26T02:45:35+0200,466034,Core 2021 Collector Booster Box,7,Magic Display,3048,0,2020-06-05 10:49:33,329.97,248.99,318.24,,,
2026-08-26,2026-08-26T02:45:35+0200,681210,Dominaria Remastered Collector Booster Box,7,Magic Display,5192,0,2022-10-25 11:43:55,449.84,374.99,456.5,,,
2026-08-26,2026-08-26T02:45:35+0200,657414,Dominaria United Collector Booster Box,7,Magic Display,5072,0,2022-05-13 16:25:34,264.05,234.99,280.88,,,
2026-08-26,2026-08-26T02:45:35+0200,657282,Double Masters 2022 Collector Booster Box,7,Magic Display,5070,0,2022-05-13 15:30:40,376.99,294.99,376.57,,,
2026-08-26,2026-08-26T02:45:35+0200,776442,Duskmourn: House of Horror Collector Booster Box,7,Magic Display,5806,0,2024-07-02 16:45:10,484.26,449,483.88,,,
2026-08-26,2026-08-26T02:45:35+0200,813293,Edge of Eternities Collector Booster Box,7,Magic Display,6063,0,2025-02-24 12:46:27,602.13,449.99,644.4,,,
2026-08-26,2026-08-26T02:45:35+0200,426991,Ikoria: Lair of Behemoths Collector Booster Box,7,Magic Display,2819,0,2019-11-28 16:18:06,353.22,255,394.23,,,
2026-08-26,2026-08-26T02:45:35+0200,795092,Innistrad Remastered Collector Booster Box,7,Magic Display,5930,0,2024-10-28 12:31:23,366.46,122,413.01,,,
2026-08-26,2026-08-26T02:45:35+0200,573796,Innistrad: Crimson Vow Collector Booster Box,7,Magic Display,4364,0,2021-08-06 15:04:52,194.13,149.99,196.34,,,
2026-08-26,2026-08-26T02:45:35+0200,573781,Innistrad: Midnight Hunt Collector Booster Box,7,Magic Display,4362,0,2021-08-06 14:55:33,173.19,55,188.75,,,
2026-08-26,2026-08-26T02:45:35+0200,527325,Kaldheim Collector Booster Box,7,Magic Display,3660,0,2020-12-15 15:30:17,290.68,294,318.88,,,
2026-08-26,2026-08-26T02:45:35+0200,587696,Kamigawa: Neon Dynasty Collector Booster Box,7,Magic Display,4472,0,2021-12-17 11:54:15,402.63,305,436.02,,,
2026-08-26,2026-08-26T02:45:35+0200,851271,Lorwyn Eclipsed Collector Booster Box,7,Magic Display,6325,0,2025-09-29 09:18:52,323.53,279.9,340.95,,,
2026-08-26,2026-08-26T02:45:35+0200,812573,Magic: The Gathering - FINAL FANTASY Collector Booster Box,7,Magic Display,6057,0,2025-02-19 11:07:32,1132.56,824.95,1377.83,,,
2026-08-26,2026-08-26T02:45:35+0200,781941,Magic: The Gathering Foundations Collector Booster Box,7,Magic Display,5852,0,2024-08-07 11:49:07,593.99,329.95,589.95,,,
2026-08-26,2026-08-26T02:45:35+0200,842564,Magic: The Gathering | Avatar: The Last Airbender Collector Booster Box,7,Magic Display,6261,0,2025-08-13 11:34:30,345.39,289.95,367.33,,,
2026-08-26,2026-08-26T02:45:35+0200,869496,Magic: The Gathering | Marvel Super Heroes Collector Booster Box,7,Magic Display,6476,0,2026-01-28 13:25:37,318.48,280,325.74,,,
2026-08-26,2026-08-26T02:45:35+0200,814380,Magic: The Gathering | Marvel's Spider-Man Collector Booster Box,7,Magic Display,6070,0,2025-03-03 11:57:58,310.05,297,334.38,,,
2026-08-26,2026-08-26T02:45:35+0200,853671,Magic: The Gathering | Teenage Mutant Ninja Turtles Collector Booster Box,7,Magic Display,6345,0,2025-10-13 14:34:50,274.06,239,271.73,,,
2026-08-26,2026-08-26T02:45:35+0200,696391,March of the Machine Collector Booster Box,7,Magic Display,5227,0,2023-02-10 22:28:20,540.55,500,707.02,,,
2026-08-26,2026-08-26T02:45:35+0200,703885,March of the Machine: The Aftermath Collector Booster Box,7,Magic Display,5320,0,2023-03-31 15:26:44,180.41,96.9,168.73,,,
2026-08-26,2026-08-26T02:45:35+0200,562095,Modern Horizons 2 Collector Booster Box,7,Magic Display,4219,0,2021-04-27 14:45:19,456.73,398.56,464.36,,,
2026-08-26,2026-08-26T02:45:35+0200,758483,Modern Horizons 3 Collector Booster Box,7,Magic Display,5652,0,2024-02-26 11:57:51,665,244,706.11,,,
2026-08-26,2026-08-26T02:45:35+0200,748052,Murders at Karlov Manor Collector Booster Box,7,Magic Display,5561,0,2023-12-06 14:17:20,297.41,219.99,333.55,,,
2026-08-26,2026-08-26T02:45:35+0200,758326,Outlaws of Thunder Junction Collector Booster Box,7,Magic Display,5647,0,2024-02-24 10:01:37,379.18,246,365.05,,,
2026-08-26,2026-08-26T02:45:35+0200,683494,Phyrexia: All Will Be One Collector Booster Box,7,Magic Display,5184,0,2022-11-04 18:30:08,747.19,388,693.26,,,
2026-08-26,2026-08-26T02:45:35+0200,370211,Ravnica Allegiance Collector Booster Box,7,Magic Display,2411,0,2019-02-19 13:48:40,1174.5,1050,720.25,,,
2026-08-26,2026-08-26T02:45:35+0200,737484,Ravnica Remastered Collector Booster Box,7,Magic Display,5505,0,2023-10-05 11:05:56,1311.5,1200,1072.34,,,
2026-08-26,2026-08-26T02:45:35+0200,885563,Reality Fracture Collector Booster Box,7,Magic Display,6571,0,2026-05-02 12:17:47,305.49,279.99,304.1,,,
2026-08-26,2026-08-26T02:45:35+0200,869357,Secrets of Strixhaven Collector Booster Box,7,Magic Display,6474,0,2026-01-28 10:47:39,347.01,339.95,386.04,,,
2026-08-26,2026-08-26T02:45:35+0200,897523,Star Trek Collector Booster Box,7,Magic Display,6657,0,2026-07-15 13:15:58,401.92,379.99,461.92,,,
2026-08-26,2026-08-26T02:45:35+0200,611248,Streets of New Capenna Collector Booster Box,7,Magic Display,4975,0,2022-03-04 16:18:49,192.45,58,198.63,,,
2026-08-26,2026-08-26T02:45:35+0200,540411,Strixhaven: School of Mages Collector Booster Box,7,Magic Display,3741,0,2021-02-19 14:36:40,431,440,414.29,,,
2026-08-26,2026-08-26T02:45:35+0200,813080,Tarkir: Dragonstorm Collector Booster Box,7,Magic Display,6060,0,2025-02-24 09:46:00,418.84,349.9,443.59,,,
2026-08-26,2026-08-26T02:45:35+0200,677805,The Brothers' War Collector Booster Box,7,Magic Display,5164,0,2022-09-29 11:06:30,597.63,350,687.65,,,
2026-08-26,2026-08-26T02:45:35+0200,885552,The Hobbit Collector Booster Box,7,Magic Display,6570,0,2026-05-02 11:28:12,663.98,579.99,685.17,,,
2026-08-26,2026-08-26T02:45:35+0200,698912,The Lord of the Rings: Tales of Middle-earth Collector Booster Box,7,Magic Display,5285,0,2023-02-22 12:27:41,1572.21,1499,1667.94,,,
2026-08-26,2026-08-26T02:45:35+0200,732335,The Lord of the Rings: Tales of Middle-earth Special Edition Collector Booster Box,7,Magic Display,5489,0,2023-09-08 15:57:44,6249.33,6150,6510.13,,,
2026-08-26,2026-08-26T02:45:35+0200,734175,The Lost Caverns of Ixalan Collector Booster Box,7,Magic Display,5490,0,2023-09-23 10:44:56,884,122,788.59,,,
2026-08-26,2026-08-26T02:45:35+0200,426911,Theros Beyond Death Collector Booster Box,7,Magic Display,2814,0,2019-11-28 14:23:23,230.59,209.99,229.74,,,
2026-08-26,2026-08-26T02:45:35+0200,398849,Throne of Eldraine Collector Booster Box,7,Magic Display,2582,0,2019-09-04 15:32:27,272.48,283,275.85,,,
2026-08-26,2026-08-26T02:45:35+0200,586736,Unfinity Collector Booster Box,7,Magic Display,4468,0,2021-11-30 14:50:09,320.12,211.88,322.37,,,
2026-08-26,2026-08-26T02:45:35+0200,758498,Universes Beyond: Assassin's Creed Collector Booster Box,7,Magic Display,5655,0,2024-02-26 14:59:45,389.12,144,443.03,,,
2026-08-26,2026-08-26T02:45:35+0200,710800,Universes Beyond: Doctor Who Collector Booster Box,7,Magic Display,5358,0,2023-05-08 09:18:46,490.88,114,505.88,,,
2026-08-26,2026-08-26T02:45:35+0200,745340,Universes Beyond: Fallout Collector Booster Box,7,Magic Display,5544,0,2023-11-14 15:21:27,1449.66,900,1233.99,,,
2026-08-26,2026-08-26T02:45:35+0200,719684,Wilds of Eldraine Collector Booster Box,7,Magic Display,5359,0,2023-06-21 14:21:48,739.66,450,719.23,,,
2026-08-26,2026-08-26T02:45:35+0200,486979,Zendikar Rising Collector Booster Box,7,Magic Display,3404,0,2020-07-31 14:02:38,337.05,211,354.51,,,
2026-08-27,2026-08-27T02:46:07+0200,565899,Adventures in the Forgotten Realms Collector Booster Box,7,Magic Display,4259,0,2021-05-21 16:59:41,275.25,180,314.69,,,
2026-08-27,2026-08-27T02:46:07+0200,803869,Aetherdrift Collector Booster Box,7,Magic Display,5982,0,2024-12-11 10:59:59,215.09,179.99,218.33,,,
2026-08-27,2026-08-27T02:46:07+0200,774110,Bloomburrow Collector Booster Box,7,Magic Display,5658,0,2024-06-10 17:18:27,880.86,599.99,783.44,,,
2026-08-27,2026-08-27T02:46:07+0200,492099,Commander Legends Collector Booster Box,7,Magic Display,3454,0,2020-08-24 14:17:37,575.83,348,481.6,,,
2026-08-27,2026-08-27T02:46:07+0200,650825,Commander Legends: Battle for Baldur's Gate Collector Booster Box,7,Magic Display,5030,0,2022-03-29 14:37:06,494.36,450,557.95,,,
2026-08-27,2026-08-27T02:46:07+0200,698962,Commander Masters Collector Booster Box,7,Magic Display,5286,0,2023-02-22 14:58:05,471.59,470,504.58,,,
2026-08-27,2026-08-27T02:46:07+0200,466034,Core 2021 Collector Booster Box,7,Magic Display,3048,0,2020-06-05 10:49:33,329.97,248.99,318.24,,,
2026-08-27,2026-08-27T02:46:07+0200,681210,Dominaria Remastered Collector Booster Box,7,Magic Display,5192,0,2022-10-25 11:43:55,449.84,374.99,456.5,,,
2026-08-27,2026-08-27T02:46:07+0200,657414,Dominaria United Collector Booster Box,7,Magic Display,5072,0,2022-05-13 16:25:34,264.05,234.99,280.49,,,
2026-08-27,2026-08-27T02:46:07+0200,657282,Double Masters 2022 Collector Booster Box,7,Magic Display,5070,0,2022-05-13 15:30:40,376.99,294.99,381.25,,,
2026-08-27,2026-08-27T02:46:07+0200,776442,Duskmourn: House of Horror Collector Booster Box,7,Magic Display,5806,0,2024-07-02 16:45:10,484.26,329.9,483.88,,,
2026-08-27,2026-08-27T02:46:07+0200,813293,Edge of Eternities Collector Booster Box,7,Magic Display,6063,0,2025-02-24 12:46:27,602.13,449.99,658.86,,,
2026-08-27,2026-08-27T02:46:07+0200,426991,Ikoria: Lair of Behemoths Collector Booster Box,7,Magic Display,2819,0,2019-11-28 16:18:06,353.22,255,394.23,,,
2026-08-27,2026-08-27T02:46:07+0200,795092,Innistrad Remastered Collector Booster Box,7,Magic Display,5930,0,2024-10-28 12:31:23,366.46,299.99,413.01,,,
2026-08-27,2026-08-27T02:46:07+0200,573796,Innistrad: Crimson Vow Collector Booster Box,7,Magic Display,4364,0,2021-08-06 15:04:52,194.13,149.99,196.34,,,
2026-08-27,2026-08-27T02:46:07+0200,573781,Innistrad: Midnight Hunt Collector Booster Box,7,Magic Display,4362,0,2021-08-06 14:55:33,173.19,128.68,188.75,,,
2026-08-27,2026-08-27T02:46:07+0200,527325,Kaldheim Collector Booster Box,7,Magic Display,3660,0,2020-12-15 15:30:17,290.68,289.9,318.88,,,
2026-08-27,2026-08-27T02:46:07+0200,587696,Kamigawa: Neon Dynasty Collector Booster Box,7,Magic Display,4472,0,2021-12-17 11:54:15,402.63,305,436.02,,,
2026-08-27,2026-08-27T02:46:07+0200,851271,Lorwyn Eclipsed Collector Booster Box,7,Magic Display,6325,0,2025-09-29 09:18:52,323.53,279.9,341.36,,,
2026-08-27,2026-08-27T02:46:07+0200,812573,Magic: The Gathering - FINAL FANTASY Collector Booster Box,7,Magic Display,6057,0,2025-02-19 11:07:32,1132.56,824.95,1363.5,,,
2026-08-27,2026-08-27T02:46:07+0200,781941,Magic: The Gathering Foundations Collector Booster Box,7,Magic Display,5852,0,2024-08-07 11:49:07,593.99,329.95,589.95,,,
2026-08-27,2026-08-27T02:46:07+0200,842564,Magic: The Gathering | Avatar: The Last Airbender Collector Booster Box,7,Magic Display,6261,0,2025-08-13 11:34:30,345.39,289.95,366.82,,,
2026-08-27,2026-08-27T02:46:07+0200,869496,Magic: The Gathering | Marvel Super Heroes Collector Booster Box,7,Magic Display,6476,0,2026-01-28 13:25:37,318.48,279.99,323.83,,,
2026-08-27,2026-08-27T02:46:07+0200,814380,Magic: The Gathering | Marvel's Spider-Man Collector Booster Box,7,Magic Display,6070,0,2025-03-03 11:57:58,310.05,294.99,336.97,,,
2026-08-27,2026-08-27T02:46:07+0200,853671,Magic: The Gathering | Teenage Mutant Ninja Turtles Collector Booster Box,7,Magic Display,6345,0,2025-10-13 14:34:50,273,239,273.93,,,
2026-08-27,2026-08-27T02:46:07+0200,696391,March of the Machine Collector Booster Box,7,Magic Display,5227,0,2023-02-10 22:28:20,540.55,500,707.02,,,
2026-08-27,2026-08-27T02:46:07+0200,703885,March of the Machine: The Aftermath Collector Booster Box,7,Magic Display,5320,0,2023-03-31 15:26:44,180.41,96.9,168.73,,,
2026-08-27,2026-08-27T02:46:07+0200,562095,Modern Horizons 2 Collector Booster Box,7,Magic Display,4219,0,2021-04-27 14:45:19,456.73,398.56,464.36,,,
2026-08-27,2026-08-27T02:46:07+0200,758483,Modern Horizons 3 Collector Booster Box,7,Magic Display,5652,0,2024-02-26 11:57:51,665,449.9,706.11,,,
2026-08-27,2026-08-27T02:46:07+0200,748052,Murders at Karlov Manor Collector Booster Box,7,Magic Display,5561,0,2023-12-06 14:17:20,297.41,219.99,327.77,,,
2026-08-27,2026-08-27T02:46:07+0200,758326,Outlaws of Thunder Junction Collector Booster Box,7,Magic Display,5647,0,2024-02-24 10:01:37,379.18,246,365.05,,,
2026-08-27,2026-08-27T02:46:07+0200,683494,Phyrexia: All Will Be One Collector Booster Box,7,Magic Display,5184,0,2022-11-04 18:30:08,747.19,388,693.26,,,
2026-08-27,2026-08-27T02:46:07+0200,370211,Ravnica Allegiance Collector Booster Box,7,Magic Display,2411,0,2019-02-19 13:48:40,1174.5,1050,720.25,,,
2026-08-27,2026-08-27T02:46:07+0200,737484,Ravnica Remastered Collector Booster Box,7,Magic Display,5505,0,2023-10-05 11:05:56,1311.5,1200,1072.34,,,
2026-08-27,2026-08-27T02:46:07+0200,885563,Reality Fracture Collector Booster Box,7,Magic Display,6571,0,2026-05-02 12:17:47,305.49,279.99,302.9,,,
2026-08-27,2026-08-27T02:46:07+0200,869357,Secrets of Strixhaven Collector Booster Box,7,Magic Display,6474,0,2026-01-28 10:47:39,347.01,339.99,386.9,,,
2026-08-27,2026-08-27T02:46:07+0200,897523,Star Trek Collector Booster Box,7,Magic Display,6657,0,2026-07-15 13:15:58,401.92,379.99,465.52,,,
2026-08-27,2026-08-27T02:46:07+0200,611248,Streets of New Capenna Collector Booster Box,7,Magic Display,4975,0,2022-03-04 16:18:49,192.45,159.99,198.63,,,
2026-08-27,2026-08-27T02:46:07+0200,540411,Strixhaven: School of Mages Collector Booster Box,7,Magic Display,3741,0,2021-02-19 14:36:40,431,440,414.29,,,
2026-08-27,2026-08-27T02:46:07+0200,813080,Tarkir: Dragonstorm Collector Booster Box,7,Magic Display,6060,0,2025-02-24 09:46:00,418.84,349.9,443.59,,,
2026-08-27,2026-08-27T02:46:07+0200,677805,The Brothers' War Collector Booster Box,7,Magic Display,5164,0,2022-09-29 11:06:30,597.63,324.9,692.6,,,
2026-08-27,2026-08-27T02:46:07+0200,885552,The Hobbit Collector Booster Box,7,Magic Display,6570,0,2026-05-02 11:28:12,663.98,579.99,681.07,,,
2026-08-27,2026-08-27T02:46:07+0200,698912,The Lord of the Rings: Tales of Middle-earth Collector Booster Box,7,Magic Display,5285,0,2023-02-22 12:27:41,1572.21,1499,1631.07,,,
2026-08-27,2026-08-27T02:46:07+0200,732335,The Lord of the Rings: Tales of Middle-earth Special Edition Collector Booster Box,7,Magic Display,5489,0,2023-09-08 15:57:44,6249.33,5999,6510.13,,,
2026-08-27,2026-08-27T02:46:07+0200,734175,The Lost Caverns of Ixalan Collector Booster Box,7,Magic Display,5490,0,2023-09-23 10:44:56,884,649.9,788.59,,,
2026-08-27,2026-08-27T02:46:07+0200,426911,Theros Beyond Death Collector Booster Box,7,Magic Display,2814,0,2019-11-28 14:23:23,230.59,209.99,229.74,,,
2026-08-27,2026-08-27T02:46:07+0200,398849,Throne of Eldraine Collector Booster Box,7,Magic Display,2582,0,2019-09-04 15:32:27,272.48,279,275.85,,,
2026-08-27,2026-08-27T02:46:07+0200,586736,Unfinity Collector Booster Box,7,Magic Display,4468,0,2021-11-30 14:50:09,320.12,211.88,322.37,,,
2026-08-27,2026-08-27T02:46:07+0200,758498,Universes Beyond: Assassin's Creed Collector Booster Box,7,Magic Display,5655,0,2024-02-26 14:59:45,389.12,290,457.55,,,
2026-08-27,2026-08-27T02:46:07+0200,710800,Universes Beyond: Doctor Who Collector Booster Box,7,Magic Display,5358,0,2023-05-08 09:18:46,490.88,244.95,505.88,,,
2026-08-27,2026-08-27T02:46:07+0200,745340,Universes Beyond: Fallout Collector Booster Box,7,Magic Display,5544,0,2023-11-14 15:21:27,1449.66,900,1233.99,,,
2026-08-27,2026-08-27T02:46:07+0200,719684,Wilds of Eldraine Collector Booster Box,7,Magic Display,5359,0,2023-06-21 14:21:48,739.66,450,719.23,,,
2026-08-27,2026-08-27T02:46:07+0200,486979,Zendikar Rising Collector Booster Box,7,Magic Display,3404,0,2020-07-31 14:02:38,337.05,211,354.51,,,
2026-08-28,2026-08-28T02:47:14+0200,565899,Adventures in the Forgotten Realms Collector Booster Box,7,Magic Display,4259,0,2021-05-21 16:59:41,275.25,180,314.69,,,
2026-08-28,2026-08-28T02:47:14+0200,803869,Aetherdrift Collector Booster Box,7,Magic Display,5982,0,2024-12-11 10:59:59,215.09,179.99,218.33,,,
2026-08-28,2026-08-28T02:47:14+0200,774110,Bloomburrow Collector Booster Box,7,Magic Display,5658,0,2024-06-10 17:18:27,880.86,599.99,783.44,,,
2026-08-28,2026-08-28T02:47:14+0200,492099,Commander Legends Collector Booster Box,7,Magic Display,3454,0,2020-08-24 14:17:37,575.83,348,481.6,,,
2026-08-28,2026-08-28T02:47:14+0200,650825,Commander Legends: Battle for Baldur's Gate Collector Booster Box,7,Magic Display,5030,0,2022-03-29 14:37:06,494.36,419.9,557.95,,,
2026-08-28,2026-08-28T02:47:14+0200,698962,Commander Masters Collector Booster Box,7,Magic Display,5286,0,2023-02-22 14:58:05,471.59,470,504.58,,,
2026-08-28,2026-08-28T02:47:14+0200,466034,Core 2021 Collector Booster Box,7,Magic Display,3048,0,2020-06-05 10:49:33,329.97,248.99,318.24,,,
2026-08-28,2026-08-28T02:47:14+0200,681210,Dominaria Remastered Collector Booster Box,7,Magic Display,5192,0,2022-10-25 11:43:55,449.84,374.99,456.5,,,
2026-08-28,2026-08-28T02:47:14+0200,657414,Dominaria United Collector Booster Box,7,Magic Display,5072,0,2022-05-13 16:25:34,264.05,234.99,282.24,,,
2026-08-28,2026-08-28T02:47:14+0200,657282,Double Masters 2022 Collector Booster Box,7,Magic Display,5070,0,2022-05-13 15:30:40,376.99,294.99,381.25,,,
2026-08-28,2026-08-28T02:47:14+0200,776442,Duskmourn: House of Horror Collector Booster Box,7,Magic Display,5806,0,2024-07-02 16:45:10,484.26,329.9,483.88,,,
2026-08-28,2026-08-28T02:47:14+0200,813293,Edge of Eternities Collector Booster Box,7,Magic Display,6063,0,2025-02-24 12:46:27,602.13,449.99,658.86,,,
2026-08-28,2026-08-28T02:47:14+0200,426991,Ikoria: Lair of Behemoths Collector Booster Box,7,Magic Display,2819,0,2019-11-28 16:18:06,353.22,255,401.42,,,
2026-08-28,2026-08-28T02:47:14+0200,795092,Innistrad Remastered Collector Booster Box,7,Magic Display,5930,0,2024-10-28 12:31:23,366.46,299.99,413.01,,,
2026-08-28,2026-08-28T02:47:14+0200,573796,Innistrad: Crimson Vow Collector Booster Box,7,Magic Display,4364,0,2021-08-06 15:04:52,194.13,149.99,196.34,,,
2026-08-28,2026-08-28T02:47:14+0200,573781,Innistrad: Midnight Hunt Collector Booster Box,7,Magic Display,4362,0,2021-08-06 14:55:33,173.19,128.68,188.75,,,
2026-08-28,2026-08-28T02:47:14+0200,527325,Kaldheim Collector Booster Box,7,Magic Display,3660,0,2020-12-15 15:30:17,290.68,289.9,318.88,,,
2026-08-28,2026-08-28T02:47:14+0200,587696,Kamigawa: Neon Dynasty Collector Booster Box,7,Magic Display,4472,0,2021-12-17 11:54:15,402.63,305,443.47,,,
2026-08-28,2026-08-28T02:47:14+0200,851271,Lorwyn Eclipsed Collector Booster Box,7,Magic Display,6325,0,2025-09-29 09:18:52,323.53,279.9,343.26,,,
2026-08-28,2026-08-28T02:47:14+0200,812573,Magic: The Gathering - FINAL FANTASY Collector Booster Box,7,Magic Display,6057,0,2025-02-19 11:07:32,1132.56,824.95,1337.07,,,
2026-08-28,2026-08-28T02:47:14+0200,781941,Magic: The Gathering Foundations Collector Booster Box,7,Magic Display,5852,0,2024-08-07 11:49:07,593.99,329.95,585.61,,,
2026-08-28,2026-08-28T02:47:14+0200,842564,Magic: The Gathering | Avatar: The Last Airbender Collector Booster Box,7,Magic Display,6261,0,2025-08-13 11:34:30,345.39,289.95,366.99,,,
2026-08-28,2026-08-28T02:47:14+0200,869496,Magic: The Gathering | Marvel Super Heroes Collector Booster Box,7,Magic Display,6476,0,2026-01-28 13:25:37,318.48,279.99,324.27,,,
2026-08-28,2026-08-28T02:47:14+0200,814380,Magic: The Gathering | Marvel's Spider-Man Collector Booster Box,7,Magic Display,6070,0,2025-03-03 11:57:58,310.05,294.99,336.63,,,
2026-08-28,2026-08-28T02:47:14+0200,853671,Magic: The Gathering | Teenage Mutant Ninja Turtles Collector Booster Box,7,Magic Display,6345,0,2025-10-13 14:34:50,273,239,276.11,,,
2026-08-28,2026-08-28T02:47:14+0200,696391,March of the Machine Collector Booster Box,7,Magic Display,5227,0,2023-02-10 22:28:20,540.55,500,707.02,,,
2026-08-28,2026-08-28T02:47:14+0200,703885,March of the Machine: The Aftermath Collector Booster Box,7,Magic Display,5320,0,2023-03-31 15:26:44,180.41,149.9,168.73,,,
2026-08-28,2026-08-28T02:47:14+0200,562095,Modern Horizons 2 Collector Booster Box,7,Magic Display,4219,0,2021-04-27 14:45:19,456.73,398.56,464.36,,,
2026-08-28,2026-08-28T02:47:14+0200,758483,Modern Horizons 3 Collector Booster Box,7,Magic Display,5652,0,2024-02-26 11:57:51,700.6,449.9,706.11,,,
2026-08-28,2026-08-28T02:47:14+0200,748052,Murders at Karlov Manor Collector Booster Box,7,Magic Display,5561,0,2023-12-06 14:17:20,297.41,219.9,327.77,,,
2026-08-28,2026-08-28T02:47:14+0200,758326,Outlaws of Thunder Junction Collector Booster Box,7,Magic Display,5647,0,2024-02-24 10:01:37,379.18,246,365.05,,,
2026-08-28,2026-08-28T02:47:14+0200,683494,Phyrexia: All Will Be One Collector Booster Box,7,Magic Display,5184,0,2022-11-04 18:30:08,747.19,570,693.26,,,
2026-08-28,2026-08-28T02:47:14+0200,370211,Ravnica Allegiance Collector Booster Box,7,Magic Display,2411,0,2019-02-19 13:48:40,1174.5,1050,720.25,,,
2026-08-28,2026-08-28T02:47:14+0200,737484,Ravnica Remastered Collector Booster Box,7,Magic Display,5505,0,2023-10-05 11:05:56,1311.5,1200,1072.34,,,
2026-08-28,2026-08-28T02:47:14+0200,885563,Reality Fracture Collector Booster Box,7,Magic Display,6571,0,2026-05-02 12:17:47,305.49,279.99,302.52,,,
2026-08-28,2026-08-28T02:47:14+0200,869357,Secrets of Strixhaven Collector Booster Box,7,Magic Display,6474,0,2026-01-28 10:47:39,347.01,339.99,386.44,,,
2026-08-28,2026-08-28T02:47:14+0200,897523,Star Trek Collector Booster Box,7,Magic Display,6657,0,2026-07-15 13:15:58,401.92,379.99,461.49,,,
2026-08-28,2026-08-28T02:47:14+0200,611248,Streets of New Capenna Collector Booster Box,7,Magic Display,4975,0,2022-03-04 16:18:49,192.45,159.99,201.49,,,
2026-08-28,2026-08-28T02:47:14+0200,540411,Strixhaven: School of Mages Collector Booster Box,7,Magic Display,3741,0,2021-02-19 14:36:40,431,445,414.29,,,
2026-08-28,2026-08-28T02:47:14+0200,813080,Tarkir: Dragonstorm Collector Booster Box,7,Magic Display,6060,0,2025-02-24 09:46:00,418.84,349.9,455.08,,,
2026-08-28,2026-08-28T02:47:14+0200,677805,The Brothers' War Collector Booster Box,7,Magic Display,5164,0,2022-09-29 11:06:30,597.63,324.9,696.76,,,
2026-08-28,2026-08-28T02:47:14+0200,885552,The Hobbit Collector Booster Box,7,Magic Display,6570,0,2026-05-02 11:28:12,663.98,579.99,683.33,,,
2026-08-28,2026-08-28T02:47:14+0200,698912,The Lord of the Rings: Tales of Middle-earth Collector Booster Box,7,Magic Display,5285,0,2023-02-22 12:27:41,1572.21,1549,1563.13,,,
2026-08-28,2026-08-28T02:47:14+0200,732335,The Lord of the Rings: Tales of Middle-earth Special Edition Collector Booster Box,7,Magic Display,5489,0,2023-09-08 15:57:44,6249.33,5999,6510.13,,,
2026-08-28,2026-08-28T02:47:14+0200,734175,The Lost Caverns of Ixalan Collector Booster Box,7,Magic Display,5490,0,2023-09-23 10:44:56,884,649.9,788.59,,,
2026-08-28,2026-08-28T02:47:14+0200,426911,Theros Beyond Death Collector Booster Box,7,Magic Display,2814,0,2019-11-28 14:23:23,239.73,209.99,249.91,,,
2026-08-28,2026-08-28T02:47:14+0200,398849,Throne of Eldraine Collector Booster Box,7,Magic Display,2582,0,2019-09-04 15:32:27,272.48,279,275.85,,,
2026-08-28,2026-08-28T02:47:14+0200,586736,Unfinity Collector Booster Box,7,Magic Display,4468,0,2021-11-30 14:50:09,320.12,211.88,322.37,,,
2026-08-28,2026-08-28T02:47:14+0200,758498,Universes Beyond: Assassin's Creed Collector Booster Box,7,Magic Display,5655,0,2024-02-26 14:59:45,415.32,290,457.55,,,
2026-08-28,2026-08-28T02:47:14+0200,710800,Universes Beyond: Doctor Who Collector Booster Box,7,Magic Display,5358,0,2023-05-08 09:18:46,490.88,244.95,510.02,,,
2026-08-28,2026-08-28T02:47:14+0200,745340,Universes Beyond: Fallout Collector Booster Box,7,Magic Display,5544,0,2023-11-14 15:21:27,1449.66,900,1233.99,,,
2026-08-28,2026-08-28T02:47:14+0200,719684,Wilds of Eldraine Collector Booster Box,7,Magic Display,5359,0,2023-06-21 14:21:48,739.66,399.9,719.23,,,
2026-08-28,2026-08-28T02:47:14+0200,486979,Zendikar Rising Collector Booster Box,7,Magic Display,3404,0,2020-07-31 14:02:38,337.05,333.33,354.51,,,
2026-08-29,2026-08-29T02:41:58+0200,565899,Adventures in the Forgotten Realms Collector Booster Box,7,Magic Display,4259,0,2021-05-21 16:59:41,275.25,77,326.7,,,
2026-08-29,2026-08-29T02:41:58+0200,803869,Aetherdrift Collector Booster Box,7,Magic Display,5982,0,2024-12-11 10:59:59,215.09,179.99,225.18,,,
2026-08-29,2026-08-29T02:41:58+0200,774110,Bloomburrow Collector Booster Box,7,Magic Display,5658,0,2024-06-10 17:18:27,880.86,599.99,783.44,,,
2026-08-29,2026-08-29T02:41:58+0200,492099,Commander Legends Collector Booster Box,7,Magic Display,3454,0,2020-08-24 14:17:37,575.83,348,481.6,,,
2026-08-29,2026-08-29T02:41:58+0200,650825,Commander Legends: Battle for Baldur's Gate Collector Booster Box,7,Magic Display,5030,0,2022-03-29 14:37:06,494.36,399.89,557.95,,,
2026-08-29,2026-08-29T02:41:58+0200,698962,Commander Masters Collector Booster Box,7,Magic Display,5286,0,2023-02-22 14:58:05,515.9,470,504.58,,,
2026-08-29,2026-08-29T02:41:58+0200,466034,Core 2021 Collector Booster Box,7,Magic Display,3048,0,2020-06-05 10:49:33,329.97,248.99,318.24,,,
2026-08-29,2026-08-29T02:41:58+0200,681210,Dominaria Remastered Collector Booster Box,7,Magic Display,5192,0,2022-10-25 11:43:55,449.84,374.99,456.5,,,
2026-08-29,2026-08-29T02:41:58+0200,657414,Dominaria United Collector Booster Box,7,Magic Display,5072,0,2022-05-13 16:25:34,264.05,155,281.22,,,
2026-08-29,2026-08-29T02:41:58+0200,657282,Double Masters 2022 Collector Booster Box,7,Magic Display,5070,0,2022-05-13 15:30:40,376.99,122,381.25,,,
2026-08-29,2026-08-29T02:41:58+0200,776442,Duskmourn: House of Horror Collector Booster Box,7,Magic Display,5806,0,2024-07-02 16:45:10,484.26,329.9,483.88,,,
2026-08-29,2026-08-29T02:41:58+0200,813293,Edge of Eternities Collector Booster Box,7,Magic Display,6063,0,2025-02-24 12:46:27,602.13,449.99,661.11,,,
2026-08-29,2026-08-29T02:41:58+0200,426991,Ikoria: Lair of Behemoths Collector Booster Box,7,Magic Display,2819,0,2019-11-28 16:18:06,353.22,255,401.42,,,
2026-08-29,2026-08-29T02:41:58+0200,795092,Innistrad Remastered Collector Booster Box,7,Magic Display,5930,0,2024-10-28 12:31:23,366.46,299.99,413.01,,,
2026-08-29,2026-08-29T02:41:58+0200,573796,Innistrad: Crimson Vow Collector Booster Box,7,Magic Display,4364,0,2021-08-06 15:04:52,194.13,149.99,196.34,,,
2026-08-29,2026-08-29T02:41:58+0200,573781,Innistrad: Midnight Hunt Collector Booster Box,7,Magic Display,4362,0,2021-08-06 14:55:33,173.19,128.68,188.75,,,
2026-08-29,2026-08-29T02:41:58+0200,527325,Kaldheim Collector Booster Box,7,Magic Display,3660,0,2020-12-15 15:30:17,290.68,289.9,322.82,,,
2026-08-29,2026-08-29T02:41:58+0200,587696,Kamigawa: Neon Dynasty Collector Booster Box,7,Magic Display,4472,0,2021-12-17 11:54:15,402.63,315,443.47,,,
2026-08-29,2026-08-29T02:41:58+0200,851271,Lorwyn Eclipsed Collector Booster Box,7,Magic Display,6325,0,2025-09-29 09:18:52,323.53,279.9,340.26,,,
2026-08-29,2026-08-29T02:41:58+0200,812573,Magic: The Gathering - FINAL FANTASY Collector Booster Box,7,Magic Display,6057,0,2025-02-19 11:07:32,1132.56,824.95,1328.97,,,
2026-08-29,2026-08-29T02:41:58+0200,781941,Magic: The Gathering Foundations Collector Booster Box,7,Magic Display,5852,0,2024-08-07 11:49:07,593.99,329.95,585.61,,,
2026-08-29,2026-08-29T02:41:58+0200,842564,Magic: The Gathering | Avatar: The Last Airbender Collector Booster Box,7,Magic Display,6261,0,2025-08-13 11:34:30,345.39,289.95,365.71,,,
2026-08-29,2026-08-29T02:41:58+0200,869496,Magic: The Gathering | Marvel Super Heroes Collector Booster Box,7,Magic Display,6476,0,2026-01-28 13:25:37,318.48,278.99,325.43,,,
2026-08-29,2026-08-29T02:41:58+0200,814380,Magic: The Gathering | Marvel's Spider-Man Collector Booster Box,7,Magic Display,6070,0,2025-03-03 11:57:58,310.05,297,339.09,,,
2026-08-29,2026-08-29T02:41:58+0200,853671,Magic: The Gathering | Teenage Mutant Ninja Turtles Collector Booster Box,7,Magic Display,6345,0,2025-10-13 14:34:50,273,239,275.92,,,
2026-08-29,2026-08-29T02:41:58+0200,696391,March of the Machine Collector Booster Box,7,Magic Display,5227,0,2023-02-10 22:28:20,540.55,500,707.02,,,
2026-08-29,2026-08-29T02:41:58+0200,703885,March of the Machine: The Aftermath Collector Booster Box,7,Magic Display,5320,0,2023-03-31 15:26:44,180.41,149.9,168.73,,,
2026-08-29,2026-08-29T02:41:58+0200,562095,Modern Horizons 2 Collector Booster Box,7,Magic Display,4219,0,2021-04-27 14:45:19,456.73,400,464.36,,,
2026-08-29,2026-08-29T02:41:58+0200,758483,Modern Horizons 3 Collector Booster Box,7,Magic Display,5652,0,2024-02-26 11:57:51,700.6,599.9,706.11,,,
2026-08-29,2026-08-29T02:41:58+0200,748052,Murders at Karlov Manor Collector Booster Box,7,Magic Display,5561,0,2023-12-06 14:17:20,297.41,219.9,327.77,,,
2026-08-29,2026-08-29T02:41:58+0200,758326,Outlaws of Thunder Junction Collector Booster Box,7,Magic Display,5647,0,2024-02-24 10:01:37,379.18,246,365.05,,,
2026-08-29,2026-08-29T02:41:58+0200,683494,Phyrexia: All Will Be One Collector Booster Box,7,Magic Display,5184,0,2022-11-04 18:30:08,747.19,570,693.26,,,
2026-08-29,2026-08-29T02:41:58+0200,370211,Ravnica Allegiance Collector Booster Box,7,Magic Display,2411,0,2019-02-19 13:48:40,1174.5,1050,720.25,,,
2026-08-29,2026-08-29T02:41:58+0200,737484,Ravnica Remastered Collector Booster Box,7,Magic Display,5505,0,2023-10-05 11:05:56,1311.5,1200,1072.34,,,
2026-08-29,2026-08-29T02:41:58+0200,885563,Reality Fracture Collector Booster Box,7,Magic Display,6571,0,2026-05-02 12:17:47,305.49,279.99,303.16,,,
2026-08-29,2026-08-29T02:41:58+0200,869357,Secrets of Strixhaven Collector Booster Box,7,Magic Display,6474,0,2026-01-28 10:47:39,347.01,339.99,387.06,,,
2026-08-29,2026-08-29T02:41:58+0200,897523,Star Trek Collector Booster Box,7,Magic Display,6657,0,2026-07-15 13:15:58,401.92,379.99,457.55,,,
2026-08-29,2026-08-29T02:41:58+0200,611248,Streets of New Capenna Collector Booster Box,7,Magic Display,4975,0,2022-03-04 16:18:49,192.45,159.99,201.49,,,
2026-08-29,2026-08-29T02:41:58+0200,540411,Strixhaven: School of Mages Collector Booster Box,7,Magic Display,3741,0,2021-02-19 14:36:40,431,445,414.29,,,
2026-08-29,2026-08-29T02:41:58+0200,813080,Tarkir: Dragonstorm Collector Booster Box,7,Magic Display,6060,0,2025-02-24 09:46:00,418.84,349.9,454.05,,,
2026-08-29,2026-08-29T02:41:58+0200,677805,The Brothers' War Collector Booster Box,7,Magic Display,5164,0,2022-09-29 11:06:30,597.63,349.9,703.02,,,
2026-08-29,2026-08-29T02:41:58+0200,885552,The Hobbit Collector Booster Box,7,Magic Display,6570,0,2026-05-02 11:28:12,663.98,579.99,679.76,,,
2026-08-29,2026-08-29T02:41:58+0200,698912,The Lord of the Rings: Tales of Middle-earth Collector Booster Box,7,Magic Display,5285,0,2023-02-22 12:27:41,1580.7,1549,1552.07,,,
2026-08-29,2026-08-29T02:41:58+0200,732335,The Lord of the Rings: Tales of Middle-earth Special Edition Collector Booster Box,7,Magic Display,5489,0,2023-09-08 15:57:44,6249.33,49.99,6510.13,,,
2026-08-29,2026-08-29T02:41:58+0200,734175,The Lost Caverns of Ixalan Collector Booster Box,7,Magic Display,5490,0,2023-09-23 10:44:56,884,649.9,788.59,,,
2026-08-29,2026-08-29T02:41:58+0200,426911,Theros Beyond Death Collector Booster Box,7,Magic Display,2814,0,2019-11-28 14:23:23,239.73,239.9,249.91,,,
2026-08-29,2026-08-29T02:41:58+0200,398849,Throne of Eldraine Collector Booster Box,7,Magic Display,2582,0,2019-09-04 15:32:27,272.48,279,275.85,,,
2026-08-29,2026-08-29T02:41:58+0200,586736,Unfinity Collector Booster Box,7,Magic Display,4468,0,2021-11-30 14:50:09,320.12,211.88,328.04,,,
2026-08-29,2026-08-29T02:41:58+0200,758498,Universes Beyond: Assassin's Creed Collector Booster Box,7,Magic Display,5655,0,2024-02-26 14:59:45,415.32,290,457.55,,,
2026-08-29,2026-08-29T02:41:58+0200,710800,Universes Beyond: Doctor Who Collector Booster Box,7,Magic Display,5358,0,2023-05-08 09:18:46,490.88,244.95,510.02,,,
2026-08-29,2026-08-29T02:41:58+0200,745340,Universes Beyond: Fallout Collector Booster Box,7,Magic Display,5544,0,2023-11-14 15:21:27,1449.66,900,1233.99,,,
2026-08-29,2026-08-29T02:41:58+0200,719684,Wilds of Eldraine Collector Booster Box,7,Magic Display,5359,0,2023-06-21 14:21:48,739.66,399.9,719.23,,,
2026-08-29,2026-08-29T02:41:58+0200,486979,Zendikar Rising Collector Booster Box,7,Magic Display,3404,0,2020-07-31 14:02:38,337.05,144,354.51,,,
2026-08-30,2026-08-30T02:51:07+0200,565899,Adventures in the Forgotten Realms Collector Booster Box,7,Magic Display,4259,0,2021-05-21 16:59:41,275.25,77,326.7,,,
2026-08-30,2026-08-30T02:51:07+0200,803869,Aetherdrift Collector Booster Box,7,Magic Display,5982,0,2024-12-11 10:59:59,215.09,179.99,219.89,,,
2026-08-30,2026-08-30T02:51:07+0200,774110,Bloomburrow Collector Booster Box,7,Magic Display,5658,0,2024-06-10 17:18:27,880.86,599.99,783.44,,,
2026-08-30,2026-08-30T02:51:07+0200,492099,Commander Legends Collector Booster Box,7,Magic Display,3454,0,2020-08-24 14:17:37,575.83,348,481.6,,,
2026-08-30,2026-08-30T02:51:07+0200,650825,Commander Legends: Battle for Baldur's Gate Collector Booster Box,7,Magic Display,5030,0,2022-03-29 14:37:06,494.36,399.89,557.95,,,
2026-08-30,2026-08-30T02:51:07+0200,698962,Commander Masters Collector Booster Box,7,Magic Display,5286,0,2023-02-22 14:58:05,515.9,125,504.58,,,
2026-08-30,2026-08-30T02:51:07+0200,466034,Core 2021 Collector Booster Box,7,Magic Display,3048,0,2020-06-05 10:49:33,329.97,248.99,318.24,,,
2026-08-30,2026-08-30T02:51:07+0200,681210,Dominaria Remastered Collector Booster Box,7,Magic Display,5192,0,2022-10-25 11:43:55,449.84,374.99,456.5,,,
2026-08-30,2026-08-30T02:51:07+0200,657414,Dominaria United Collector Booster Box,7,Magic Display,5072,0,2022-05-13 16:25:34,264.05,155,280.36,,,
2026-08-30,2026-08-30T02:51:07+0200,657282,Double Masters 2022 Collector Booster Box,7,Magic Display,5070,0,2022-05-13 15:30:40,376.99,122,381.25,,,
2026-08-30,2026-08-30T02:51:07+0200,776442,Duskmourn: House of Horror Collector Booster Box,7,Magic Display,5806,0,2024-07-02 16:45:10,484.26,329.9,483.88,,,
2026-08-30,2026-08-30T02:51:07+0200,813293,Edge of Eternities Collector Booster Box,7,Magic Display,6063,0,2025-02-24 12:46:27,602.13,449.99,661.11,,,
2026-08-30,2026-08-30T02:51:07+0200,426991,Ikoria: Lair of Behemoths Collector Booster Box,7,Magic Display,2819,0,2019-11-28 16:18:06,353.22,255,401.42,,,
2026-08-30,2026-08-30T02:51:07+0200,795092,Innistrad Remastered Collector Booster Box,7,Magic Display,5930,0,2024-10-28 12:31:23,366.46,299.99,417.89,,,
2026-08-30,2026-08-30T02:51:07+0200,573796,Innistrad: Crimson Vow Collector Booster Box,7,Magic Display,4364,0,2021-08-06 15:04:52,194.13,149.99,199.76,,,
2026-08-30,2026-08-30T02:51:07+0200,573781,Innistrad: Midnight Hunt Collector Booster Box,7,Magic Display,4362,0,2021-08-06 14:55:33,173.19,58,188.75,,,
2026-08-30,2026-08-30T02:51:07+0200,527325,Kaldheim Collector Booster Box,7,Magic Display,3660,0,2020-12-15 15:30:17,290.68,289.9,322.82,,,
2026-08-30,2026-08-30T02:51:07+0200,587696,Kamigawa: Neon Dynasty Collector Booster Box,7,Magic Display,4472,0,2021-12-17 11:54:15,402.63,315,452.17,,,
2026-08-30,2026-08-30T02:51:07+0200,851271,Lorwyn Eclipsed Collector Booster Box,7,Magic Display,6325,0,2025-09-29 09:18:52,323.53,279.9,344.46,,,
2026-08-30,2026-08-30T02:51:07+0200,812573,Magic: The Gathering - FINAL FANTASY Collector Booster Box,7,Magic Display,6057,0,2025-02-19 11:07:32,1132.56,824.95,1328.97,,,
2026-08-30,2026-08-30T02:51:07+0200,781941,Magic: The Gathering Foundations Collector Booster Box,7,Magic Display,5852,0,2024-08-07 11:49:07,593.99,329.95,585.61,,,
2026-08-30,2026-08-30T02:51:07+0200,842564,Magic: The Gathering | Avatar: The Last Airbender Collector Booster Box,7,Magic Display,6261,0,2025-08-13 11:34:30,345.39,289.95,363.33,,,
2026-08-30,2026-08-30T02:51:07+0200,869496,Magic: The Gathering | Marvel Super Heroes Collector Booster Box,7,Magic Display,6476,0,2026-01-28 13:25:37,318.48,278.99,326.36,,,
2026-08-30,2026-08-30T02:51:07+0200,814380,Magic: The Gathering | Marvel's Spider-Man Collector Booster Box,7,Magic Display,6070,0,2025-03-03 11:57:58,310.05,297,333.96,,,
2026-08-30,2026-08-30T02:51:07+0200,853671,Magic: The Gathering | Teenage Mutant Ninja Turtles Collector Booster Box,7,Magic Display,6345,0,2025-10-13 14:34:50,273,239,275.92,,,
2026-08-30,2026-08-30T02:51:07+0200,696391,March of the Machine Collector Booster Box,7,Magic Display,5227,0,2023-02-10 22:28:20,540.55,500,707.02,,,
2026-08-30,2026-08-30T02:51:07+0200,703885,March of the Machine: The Aftermath Collector Booster Box,7,Magic Display,5320,0,2023-03-31 15:26:44,180.41,149.9,172.88,,,
2026-08-30,2026-08-30T02:51:07+0200,562095,Modern Horizons 2 Collector Booster Box,7,Magic Display,4219,0,2021-04-27 14:45:19,456.73,400,467.59,,,
2026-08-30,2026-08-30T02:51:07+0200,758483,Modern Horizons 3 Collector Booster Box,7,Magic Display,5652,0,2024-02-26 11:57:51,700.6,152,706.11,,,
2026-08-30,2026-08-30T02:51:07+0200,748052,Murders at Karlov Manor Collector Booster Box,7,Magic Display,5561,0,2023-12-06 14:17:20,297.41,144,327.77,,,
2026-08-30,2026-08-30T02:51:07+0200,758326,Outlaws of Thunder Junction Collector Booster Box,7,Magic Display,5647,0,2024-02-24 10:01:37,379.18,144,365.05,,,
2026-08-30,2026-08-30T02:51:07+0200,683494,Phyrexia: All Will Be One Collector Booster Box,7,Magic Display,5184,0,2022-11-04 18:30:08,747.19,570,693.26,,,
2026-08-30,2026-08-30T02:51:07+0200,370211,Ravnica Allegiance Collector Booster Box,7,Magic Display,2411,0,2019-02-19 13:48:40,1174.5,1050,720.25,,,
2026-08-30,2026-08-30T02:51:07+0200,737484,Ravnica Remastered Collector Booster Box,7,Magic Display,5505,0,2023-10-05 11:05:56,1311.5,1200,1072.34,,,
2026-08-30,2026-08-30T02:51:07+0200,885563,Reality Fracture Collector Booster Box,7,Magic Display,6571,0,2026-05-02 12:17:47,305.49,279.99,301.3,,,
2026-08-30,2026-08-30T02:51:07+0200,869357,Secrets of Strixhaven Collector Booster Box,7,Magic Display,6474,0,2026-01-28 10:47:39,347.01,339.99,384.97,,,
2026-08-30,2026-08-30T02:51:07+0200,897523,Star Trek Collector Booster Box,7,Magic Display,6657,0,2026-07-15 13:15:58,401.92,379.99,456.02,,,
2026-08-30,2026-08-30T02:51:07+0200,611248,Streets of New Capenna Collector Booster Box,7,Magic Display,4975,0,2022-03-04 16:18:49,192.45,78,201.49,,,
2026-08-30,2026-08-30T02:51:07+0200,540411,Strixhaven: School of Mages Collector Booster Box,7,Magic Display,3741,0,2021-02-19 14:36:40,431,445,414.29,,,
2026-08-30,2026-08-30T02:51:07+0200,813080,Tarkir: Dragonstorm Collector Booster Box,7,Magic Display,6060,0,2025-02-24 09:46:00,418.84,349.9,454.05,,,
2026-08-30,2026-08-30T02:51:07+0200,677805,The Brothers' War Collector Booster Box,7,Magic Display,5164,0,2022-09-29 11:06:30,597.63,349.9,703.02,,,
2026-08-30,2026-08-30T02:51:07+0200,885552,The Hobbit Collector Booster Box,7,Magic Display,6570,0,2026-05-02 11:28:12,663.98,579.99,672.97,,,
2026-08-30,2026-08-30T02:51:07+0200,698912,The Lord of the Rings: Tales of Middle-earth Collector Booster Box,7,Magic Display,5285,0,2023-02-22 12:27:41,1580.7,588,1552.07,,,
2026-08-30,2026-08-30T02:51:07+0200,732335,The Lord of the Rings: Tales of Middle-earth Special Edition Collector Booster Box,7,Magic Display,5489,0,2023-09-08 15:57:44,6249.33,6123,6510.13,,,
2026-08-30,2026-08-30T02:51:07+0200,734175,The Lost Caverns of Ixalan Collector Booster Box,7,Magic Display,5490,0,2023-09-23 10:44:56,884,122,788.59,,,
2026-08-30,2026-08-30T02:51:07+0200,426911,Theros Beyond Death Collector Booster Box,7,Magic Display,2814,0,2019-11-28 14:23:23,239.73,209.99,255.14,,,
2026-08-30,2026-08-30T02:51:07+0200,398849,Throne of Eldraine Collector Booster Box,7,Magic Display,2582,0,2019-09-04 15:32:27,281.06,279,275.85,,,
2026-08-30,2026-08-30T02:51:07+0200,586736,Unfinity Collector Booster Box,7,Magic Display,4468,0,2021-11-30 14:50:09,320.12,211.88,328.47,,,
2026-08-30,2026-08-30T02:51:07+0200,758498,Universes Beyond: Assassin's Creed Collector Booster Box,7,Magic Display,5655,0,2024-02-26 14:59:45,415.32,290,475.09,,,
2026-08-30,2026-08-30T02:51:07+0200,710800,Universes Beyond: Doctor Who Collector Booster Box,7,Magic Display,5358,0,2023-05-08 09:18:46,490.88,144,510.02,,,
2026-08-30,2026-08-30T02:51:07+0200,745340,Universes Beyond: Fallout Collector Booster Box,7,Magic Display,5544,0,2023-11-14 15:21:27,1449.66,522,1233.99,,,
2026-08-30,2026-08-30T02:51:07+0200,719684,Wilds of Eldraine Collector Booster Box,7,Magic Display,5359,0,2023-06-21 14:21:48,739.66,399.9,719.23,,,
2026-08-30,2026-08-30T02:51:07+0200,486979,Zendikar Rising Collector Booster Box,7,Magic Display,3404,0,2020-07-31 14:02:38,355.07,144,354.51,,,
2026-08-31,2026-08-31T02:47:36+0200,565899,Adventures in the Forgotten Realms Collector Booster Box,7,Magic Display,4259,0,2021-05-21 16:59:41,275.25,77,326.7,,,
2026-08-31,2026-08-31T02:47:36+0200,803869,Aetherdrift Collector Booster Box,7,Magic Display,5982,0,2024-12-11 10:59:59,215.09,58,219.89,,,
2026-08-31,2026-08-31T02:47:36+0200,774110,Bloomburrow Collector Booster Box,7,Magic Display,5658,0,2024-06-10 17:18:27,880.86,599.99,783.44,,,
2026-08-31,2026-08-31T02:47:36+0200,492099,Commander Legends Collector Booster Box,7,Magic Display,3454,0,2020-08-24 14:17:37,575.83,348,481.6,,,
2026-08-31,2026-08-31T02:47:36+0200,650825,Commander Legends: Battle for Baldur's Gate Collector Booster Box,7,Magic Display,5030,0,2022-03-29 14:37:06,494.36,399.89,557.95,,,
2026-08-31,2026-08-31T02:47:36+0200,698962,Commander Masters Collector Booster Box,7,Magic Display,5286,0,2023-02-22 14:58:05,515.9,125,504.58,,,
2026-08-31,2026-08-31T02:47:36+0200,466034,Core 2021 Collector Booster Box,7,Magic Display,3048,0,2020-06-05 10:49:33,329.97,350,317.71,,,
2026-08-31,2026-08-31T02:47:36+0200,681210,Dominaria Remastered Collector Booster Box,7,Magic Display,5192,0,2022-10-25 11:43:55,449.84,374.99,456.5,,,
2026-08-31,2026-08-31T02:47:36+0200,657414,Dominaria United Collector Booster Box,7,Magic Display,5072,0,2022-05-13 16:25:34,264.05,155,280.36,,,
2026-08-31,2026-08-31T02:47:36+0200,657282,Double Masters 2022 Collector Booster Box,7,Magic Display,5070,0,2022-05-13 15:30:40,376.99,122,381.25,,,
2026-08-31,2026-08-31T02:47:36+0200,776442,Duskmourn: House of Horror Collector Booster Box,7,Magic Display,5806,0,2024-07-02 16:45:10,484.26,329.9,483.88,,,
2026-08-31,2026-08-31T02:47:36+0200,813293,Edge of Eternities Collector Booster Box,7,Magic Display,6063,0,2025-02-24 12:46:27,602.13,244,648.09,,,
2026-08-31,2026-08-31T02:47:36+0200,426991,Ikoria: Lair of Behemoths Collector Booster Box,7,Magic Display,2819,0,2019-11-28 16:18:06,353.22,255,428.21,,,
2026-08-31,2026-08-31T02:47:36+0200,795092,Innistrad Remastered Collector Booster Box,7,Magic Display,5930,0,2024-10-28 12:31:23,366.46,299.99,417.89,,,
2026-08-31,2026-08-31T02:47:36+0200,573796,Innistrad: Crimson Vow Collector Booster Box,7,Magic Display,4364,0,2021-08-06 15:04:52,194.13,149.99,199.76,,,
2026-08-31,2026-08-31T02:47:36+0200,573781,Innistrad: Midnight Hunt Collector Booster Box,7,Magic Display,4362,0,2021-08-06 14:55:33,173.19,58,188.75,,,
2026-08-31,2026-08-31T02:47:36+0200,527325,Kaldheim Collector Booster Box,7,Magic Display,3660,0,2020-12-15 15:30:17,290.68,289.9,322.82,,,
2026-08-31,2026-08-31T02:47:36+0200,587696,Kamigawa: Neon Dynasty Collector Booster Box,7,Magic Display,4472,0,2021-12-17 11:54:15,402.63,305,450.59,,,
2026-08-31,2026-08-31T02:47:36+0200,851271,Lorwyn Eclipsed Collector Booster Box,7,Magic Display,6325,0,2025-09-29 09:18:52,323.53,144,342.34,,,
2026-08-31,2026-08-31T02:47:36+0200,812573,Magic: The Gathering - FINAL FANTASY Collector Booster Box,7,Magic Display,6057,0,2025-02-19 11:07:32,1132.56,522,1328.97,,,
2026-08-31,2026-08-31T02:47:36+0200,781941,Magic: The Gathering Foundations Collector Booster Box,7,Magic Display,5852,0,2024-08-07 11:49:07,593.99,329.95,585.61,,,
2026-08-31,2026-08-31T02:47:36+0200,842564,Magic: The Gathering | Avatar: The Last Airbender Collector Booster Box,7,Magic Display,6261,0,2025-08-13 11:34:30,345.39,144,363.33,,,
2026-08-31,2026-08-31T02:47:36+0200,869496,Magic: The Gathering | Marvel Super Heroes Collector Booster Box,7,Magic Display,6476,0,2026-01-28 13:25:37,318.48,144,326.36,,,
2026-08-31,2026-08-31T02:47:36+0200,814380,Magic: The Gathering | Marvel's Spider-Man Collector Booster Box,7,Magic Display,6070,0,2025-03-03 11:57:58,310.05,152,336.79,,,
2026-08-31,2026-08-31T02:47:36+0200,853671,Magic: The Gathering | Teenage Mutant Ninja Turtles Collector Booster Box,7,Magic Display,6345,0,2025-10-13 14:34:50,273,122,273.02,,,
2026-08-31,2026-08-31T02:47:36+0200,696391,March of the Machine Collector Booster Box,7,Magic Display,5227,0,2023-02-10 22:28:20,540.55,500,707.02,,,
2026-08-31,2026-08-31T02:47:36+0200,703885,March of the Machine: The Aftermath Collector Booster Box,7,Magic Display,5320,0,2023-03-31 15:26:44,180.41,149.9,172.88,,,
2026-08-31,2026-08-31T02:47:36+0200,562095,Modern Horizons 2 Collector Booster Box,7,Magic Display,4219,0,2021-04-27 14:45:19,456.73,400,462.56,,,
2026-08-31,2026-08-31T02:47:36+0200,758483,Modern Horizons 3 Collector Booster Box,7,Magic Display,5652,0,2024-02-26 11:57:51,700.6,152,706.11,,,
2026-08-31,2026-08-31T02:47:36+0200,748052,Murders at Karlov Manor Collector Booster Box,7,Magic Display,5561,0,2023-12-06 14:17:20,297.41,144,327.77,,,
2026-08-31,2026-08-31T02:47:36+0200,758326,Outlaws of Thunder Junction Collector Booster Box,7,Magic Display,5647,0,2024-02-24 10:01:37,379.18,144,365.05,,,
2026-08-31,2026-08-31T02:47:36+0200,683494,Phyrexia: All Will Be One Collector Booster Box,7,Magic Display,5184,0,2022-11-04 18:30:08,747.19,570,693.26,,,
2026-08-31,2026-08-31T02:47:36+0200,370211,Ravnica Allegiance Collector Booster Box,7,Magic Display,2411,0,2019-02-19 13:48:40,1174.5,1050,720.25,,,
2026-08-31,2026-08-31T02:47:36+0200,737484,Ravnica Remastered Collector Booster Box,7,Magic Display,5505,0,2023-10-05 11:05:56,1344.8,1200,1072.34,,,
2026-08-31,2026-08-31T02:47:36+0200,885563,Reality Fracture Collector Booster Box,7,Magic Display,6571,0,2026-05-02 12:17:47,305.49,279.99,301.3,,,
2026-08-31,2026-08-31T02:47:36+0200,869357,Secrets of Strixhaven Collector Booster Box,7,Magic Display,6474,0,2026-01-28 10:47:39,347.01,152,384.97,,,
2026-08-31,2026-08-31T02:47:36+0200,897523,Star Trek Collector Booster Box,7,Magic Display,6657,0,2026-07-15 13:15:58,401.92,379.99,450.91,,,
2026-08-31,2026-08-31T02:47:36+0200,611248,Streets of New Capenna Collector Booster Box,7,Magic Display,4975,0,2022-03-04 16:18:49,192.45,78,201.49,,,
2026-08-31,2026-08-31T02:47:36+0200,540411,Strixhaven: School of Mages Collector Booster Box,7,Magic Display,3741,0,2021-02-19 14:36:40,431,445,414.29,,,
2026-08-31,2026-08-31T02:47:36+0200,813080,Tarkir: Dragonstorm Collector Booster Box,7,Magic Display,6060,0,2025-02-24 09:46:00,418.84,155,454.05,,,
2026-08-31,2026-08-31T02:47:36+0200,677805,The Brothers' War Collector Booster Box,7,Magic Display,5164,0,2022-09-29 11:06:30,597.63,349.9,703.02,,,
2026-08-31,2026-08-31T02:47:36+0200,885552,The Hobbit Collector Booster Box,7,Magic Display,6570,0,2026-05-02 11:28:12,663.98,122,672.97,,,
2026-08-31,2026-08-31T02:47:36+0200,698912,The Lord of the Rings: Tales of Middle-earth Collector Booster Box,7,Magic Display,5285,0,2023-02-22 12:27:41,1580.7,588,1552.07,,,
2026-08-31,2026-08-31T02:47:36+0200,732335,The Lord of the Rings: Tales of Middle-earth Special Edition Collector Booster Box,7,Magic Display,5489,0,2023-09-08 15:57:44,5327.57,6123,6510.13,,,
2026-08-31,2026-08-31T02:47:36+0200,734175,The Lost Caverns of Ixalan Collector Booster Box,7,Magic Display,5490,0,2023-09-23 10:44:56,884,122,788.59,,,
2026-08-31,2026-08-31T02:47:36+0200,426911,Theros Beyond Death Collector Booster Box,7,Magic Display,2814,0,2019-11-28 14:23:23,239.73,209.99,259.56,,,
2026-08-31,2026-08-31T02:47:36+0200,398849,Throne of Eldraine Collector Booster Box,7,Magic Display,2582,0,2019-09-04 15:32:27,281.06,279,275.85,,,
2026-08-31,2026-08-31T02:47:36+0200,586736,Unfinity Collector Booster Box,7,Magic Display,4468,0,2021-11-30 14:50:09,320.12,211.88,328.47,,,
2026-08-31,2026-08-31T02:47:36+0200,758498,Universes Beyond: Assassin's Creed Collector Booster Box,7,Magic Display,5655,0,2024-02-26 14:59:45,415.32,290,475.09,,,
2026-08-31,2026-08-31T02:47:36+0200,710800,Universes Beyond: Doctor Who Collector Booster Box,7,Magic Display,5358,0,2023-05-08 09:18:46,490.88,144,510.02,,,
2026-08-31,2026-08-31T02:47:36+0200,745340,Universes Beyond: Fallout Collector Booster Box,7,Magic Display,5544,0,2023-11-14 15:21:27,1449.66,522,1233.99,,,
2026-08-31,2026-08-31T02:47:36+0200,719684,Wilds of Eldraine Collector Booster Box,7,Magic Display,5359,0,2023-06-21 14:21:48,777.49,399.9,719.23,,,
2026-08-31,2026-08-31T02:47:36+0200,486979,Zendikar Rising Collector Booster Box,7,Magic Display,3404,0,2020-07-31 14:02:38,355.07,144,354.51,,,
2026-09-01,2026-09-01T02:49:40+0200,565899,Adventures in the Forgotten Realms Collector Booster Box,7,Magic Display,4259,0,2021-05-21 16:59:41,334.28,180,326.7,,,
2026-09-01,2026-09-01T02:49:40+0200,803869,Aetherdrift Collector Booster Box,7,Magic Display,5982,0,2024-12-11 10:59:59,215.09,58,219.89,,,
2026-09-01,2026-09-01T02:49:40+0200,774110,Bloomburrow Collector Booster Box,7,Magic Display,5658,0,2024-06-10 17:18:27,880.86,599.99,783.44,,,
2026-09-01,2026-09-01T02:49:40+0200,492099,Commander Legends Collector Booster Box,7,Magic Display,3454,0,2020-08-24 14:17:37,575.83,348,481.6,,,
2026-09-01,2026-09-01T02:49:40+0200,650825,Commander Legends: Battle for Baldur's Gate Collector Booster Box,7,Magic Display,5030,0,2022-03-29 14:37:06,494.36,399.89,557.95,,,
2026-09-01,2026-09-01T02:49:40+0200,698962,Commander Masters Collector Booster Box,7,Magic Display,5286,0,2023-02-22 14:58:05,515.9,125,504.58,,,
2026-09-01,2026-09-01T02:49:40+0200,466034,Core 2021 Collector Booster Box,7,Magic Display,3048,0,2020-06-05 10:49:33,329.97,350,317.71,,,
2026-09-01,2026-09-01T02:49:40+0200,681210,Dominaria Remastered Collector Booster Box,7,Magic Display,5192,0,2022-10-25 11:43:55,449.84,374.99,456.5,,,
2026-09-01,2026-09-01T02:49:40+0200,657414,Dominaria United Collector Booster Box,7,Magic Display,5072,0,2022-05-13 16:25:34,264.05,155,280.36,,,
2026-09-01,2026-09-01T02:49:40+0200,657282,Double Masters 2022 Collector Booster Box,7,Magic Display,5070,0,2022-05-13 15:30:40,376.99,122,381.25,,,
2026-09-01,2026-09-01T02:49:40+0200,776442,Duskmourn: House of Horror Collector Booster Box,7,Magic Display,5806,0,2024-07-02 16:45:10,484.26,329.9,483.88,,,
2026-09-01,2026-09-01T02:49:40+0200,813293,Edge of Eternities Collector Booster Box,7,Magic Display,6063,0,2025-02-24 12:46:27,602.13,244,623.84,,,
2026-09-01,2026-09-01T02:49:40+0200,426991,Ikoria: Lair of Behemoths Collector Booster Box,7,Magic Display,2819,0,2019-11-28 16:18:06,353.22,255,428.21,,,
2026-09-01,2026-09-01T02:49:40+0200,795092,Innistrad Remastered Collector Booster Box,7,Magic Display,5930,0,2024-10-28 12:31:23,366.46,299.99,417.89,,,
2026-09-01,2026-09-01T02:49:40+0200,573796,Innistrad: Crimson Vow Collector Booster Box,7,Magic Display,4364,0,2021-08-06 15:04:52,194.13,149.99,205.27,,,
2026-09-01,2026-09-01T02:49:40+0200,573781,Innistrad: Midnight Hunt Collector Booster Box,7,Magic Display,4362,0,2021-08-06 14:55:33,173.19,58,188.75,,,
2026-09-01,2026-09-01T02:49:40+0200,527325,Kaldheim Collector Booster Box,7,Magic Display,3660,0,2020-12-15 15:30:17,290.68,269,322.82,,,
2026-09-01,2026-09-01T02:49:40+0200,587696,Kamigawa: Neon Dynasty Collector Booster Box,7,Magic Display,4472,0,2021-12-17 11:54:15,402.63,305,450.59,,,
2026-09-01,2026-09-01T02:49:40+0200,851271,Lorwyn Eclipsed Collector Booster Box,7,Magic Display,6325,0,2025-09-29 09:18:52,323.53,144,342.34,,,
2026-09-01,2026-09-01T02:49:40+0200,812573,Magic: The Gathering - FINAL FANTASY Collector Booster Box,7,Magic Display,6057,0,2025-02-19 11:07:32,1319.14,522,1328.97,,,
2026-09-01,2026-09-01T02:49:40+0200,781941,Magic: The Gathering Foundations Collector Booster Box,7,Magic Display,5852,0,2024-08-07 11:49:07,593.99,329.95,585.61,,,
2026-09-01,2026-09-01T02:49:40+0200,842564,Magic: The Gathering | Avatar: The Last Airbender Collector Booster Box,7,Magic Display,6261,0,2025-08-13 11:34:30,345.39,144,363.72,,,
2026-09-01,2026-09-01T02:49:40+0200,869496,Magic: The Gathering | Marvel Super Heroes Collector Booster Box,7,Magic Display,6476,0,2026-01-28 13:25:37,321.21,144,329.65,,,
2026-09-01,2026-09-01T02:49:40+0200,814380,Magic: The Gathering | Marvel's Spider-Man Collector Booster Box,7,Magic Display,6070,0,2025-03-03 11:57:58,328.02,152,338.88,,,
2026-09-01,2026-09-01T02:49:40+0200,853671,Magic: The Gathering | Teenage Mutant Ninja Turtles Collector Booster Box,7,Magic Display,6345,0,2025-10-13 14:34:50,273,122,277.47,,,
2026-09-01,2026-09-01T02:49:40+0200,696391,March of the Machine Collector Booster Box,7,Magic Display,5227,0,2023-02-10 22:28:20,707.17,500,707.02,,,
2026-09-01,2026-09-01T02:49:40+0200,703885,March of the Machine: The Aftermath Collector Booster Box,7,Magic Display,5320,0,2023-03-31 15:26:44,180.41,119,172.88,,,
2026-09-01,2026-09-01T02:49:40+0200,562095,Modern Horizons 2 Collector Booster Box,7,Magic Display,4219,0,2021-04-27 14:45:19,463.23,400,462.56,,,
2026-09-01,2026-09-01T02:49:40+0200,758483,Modern Horizons 3 Collector Booster Box,7,Magic Display,5652,0,2024-02-26 11:57:51,700.6,152,706.11,,,
2026-09-01,2026-09-01T02:49:40+0200,748052,Murders at Karlov Manor Collector Booster Box,7,Magic Display,5561,0,2023-12-06 14:17:20,297.41,219.9,327.77,,,
2026-09-01,2026-09-01T02:49:40+0200,758326,Outlaws of Thunder Junction Collector Booster Box,7,Magic Display,5647,0,2024-02-24 10:01:37,379.18,246,365.05,,,
2026-09-01,2026-09-01T02:49:40+0200,683494,Phyrexia: All Will Be One Collector Booster Box,7,Magic Display,5184,0,2022-11-04 18:30:08,747.19,570,693.26,,,
2026-09-01,2026-09-01T02:49:40+0200,370211,Ravnica Allegiance Collector Booster Box,7,Magic Display,2411,0,2019-02-19 13:48:40,1174.5,1050,720.25,,,
2026-09-01,2026-09-01T02:49:40+0200,737484,Ravnica Remastered Collector Booster Box,7,Magic Display,5505,0,2023-10-05 11:05:56,1344.8,1200,1072.34,,,
2026-09-01,2026-09-01T02:49:40+0200,885563,Reality Fracture Collector Booster Box,7,Magic Display,6571,0,2026-05-02 12:17:47,305.49,279.99,302.1,,,
2026-09-01,2026-09-01T02:49:40+0200,869357,Secrets of Strixhaven Collector Booster Box,7,Magic Display,6474,0,2026-01-28 10:47:39,375.22,152,386.91,,,
2026-09-01,2026-09-01T02:49:40+0200,897523,Star Trek Collector Booster Box,7,Magic Display,6657,0,2026-07-15 13:15:58,401.92,379.99,450.91,,,
2026-09-01,2026-09-01T02:49:40+0200,611248,Streets of New Capenna Collector Booster Box,7,Magic Display,4975,0,2022-03-04 16:18:49,192.45,78,202.08,,,
2026-09-01,2026-09-01T02:49:40+0200,540411,Strixhaven: School of Mages Collector Booster Box,7,Magic Display,3741,0,2021-02-19 14:36:40,431,445,416.25,,,
2026-09-01,2026-09-01T02:49:40+0200,813080,Tarkir: Dragonstorm Collector Booster Box,7,Magic Display,6060,0,2025-02-24 09:46:00,418.84,155,454.05,,,
2026-09-01,2026-09-01T02:49:40+0200,677805,The Brothers' War Collector Booster Box,7,Magic Display,5164,0,2022-09-29 11:06:30,597.63,349.9,703.02,,,
2026-09-01,2026-09-01T02:49:40+0200,885552,The Hobbit Collector Booster Box,7,Magic Display,6570,0,2026-05-02 11:28:12,663.98,122,670.38,,,
2026-09-01,2026-09-01T02:49:40+0200,698912,The Lord of the Rings: Tales of Middle-earth Collector Booster Box,7,Magic Display,5285,0,2023-02-22 12:27:41,1580.7,588,1325.12,,,
2026-09-01,2026-09-01T02:49:40+0200,732335,The Lord of the Rings: Tales of Middle-earth Special Edition Collector Booster Box,7,Magic Display,5489,0,2023-09-08 15:57:44,5327.57,6123,6510.13,,,
2026-09-01,2026-09-01T02:49:40+0200,734175,The Lost Caverns of Ixalan Collector Booster Box,7,Magic Display,5490,0,2023-09-23 10:44:56,884,649.9,788.59,,,
2026-09-01,2026-09-01T02:49:40+0200,426911,Theros Beyond Death Collector Booster Box,7,Magic Display,2814,0,2019-11-28 14:23:23,239.73,209.99,259.56,,,
2026-09-01,2026-09-01T02:49:40+0200,398849,Throne of Eldraine Collector Booster Box,7,Magic Display,2582,0,2019-09-04 15:32:27,281.06,279,275.85,,,
2026-09-01,2026-09-01T02:49:40+0200,586736,Unfinity Collector Booster Box,7,Magic Display,4468,0,2021-11-30 14:50:09,320.12,211.88,328.47,,,
2026-09-01,2026-09-01T02:49:40+0200,758498,Universes Beyond: Assassin's Creed Collector Booster Box,7,Magic Display,5655,0,2024-02-26 14:59:45,415.32,290,475.09,,,
2026-09-01,2026-09-01T02:49:40+0200,710800,Universes Beyond: Doctor Who Collector Booster Box,7,Magic Display,5358,0,2023-05-08 09:18:46,490.88,144,510.02,,,
2026-09-01,2026-09-01T02:49:40+0200,745340,Universes Beyond: Fallout Collector Booster Box,7,Magic Display,5544,0,2023-11-14 15:21:27,1449.66,900,1233.99,,,
2026-09-01,2026-09-01T02:49:40+0200,719684,Wilds of Eldraine Collector Booster Box,7,Magic Display,5359,0,2023-06-21 14:21:48,777.49,399.9,719.23,,,
2026-09-01,2026-09-01T02:49:40+0200,486979,Zendikar Rising Collector Booster Box,7,Magic Display,3404,0,2020-07-31 14:02:38,355.07,144,354.51,,,
